Points_0,Points_1,Points_2,Points_Magnitude,Solution,arc_length,Point ID,vtkValidPointMask
-1,0,0,1,0.842865,0,0,1
-0.998,0,0,0.998,0.833884,0.00199997,1,1
-0.996,0,0,0.996,0.824902,0.00400001,2,1
-0.994,0,0,0.994,0.815921,0.00599998,3,1
-0.992,0,0,0.992,0.80694,0.00800002,4,1
-0.99,0,0,0.99,0.797958,0.00999999,5,1
-0.988,0,0,0.988,0.788977,0.012,6,1
-0.986,0,0,0.986,0.779996,0.014,7,1
-0.984,0,0,0.984,0.771014,0.016,8,1
-0.982,0,0,0.982,0.762033,0.018,9,1
-0.98,0,0,0.98,0.753052,0.02,10,1
-0.978,0,0,0.978,0.74407,0.022,11,1
-0.976,0,0,0.976,0.735089,0.024,12,1
-0.974,0,0,0.974,0.726107,0.026,13,1
-0.972,0,0,0.972,0.717126,0.028,14,1
-0.97,0,0,0.97,0.708145,0.03,15,1
-0.968,0,0,0.968,0.699163,0.032,16,1
-0.966,0,0,0.966,0.690182,0.034,17,1
-0.964,0,0,0.964,0.681201,0.036,18,1
-0.962,0,0,0.962,0.672219,0.038,19,1
-0.96,0,0,0.96,0.663238,0.04,20,1
-0.958,0,0,0.958,0.654257,0.042,21,1
-0.956,0,0,0.956,0.645275,0.044,22,1
-0.954,0,0,0.954,0.636294,0.046,23,1
-0.952,0,0,0.952,0.627313,0.048,24,1
-0.95,0,0,0.95,0.618331,0.05,25,1
-0.948,0,0,0.948,0.60935,0.052,26,1
-0.946,0,0,0.946,0.600368,0.054,27,1
-0.944,0,0,0.944,0.591387,0.056,28,1
-0.942,0,0,0.942,0.582406,0.058,29,1
-0.94,0,0,0.94,0.573424,0.06,30,1
-0.938,0,0,0.938,0.564443,0.062,31,1
-0.936,0,0,0.936,0.555462,0.064,32,1
-0.934,0,0,0.934,0.54648,0.066,33,1
-0.932,0,0,0.932,0.538487,0.068,34,1
-0.93,0,0,0.93,0.530989,0.07,35,1
-0.928,0,0,0.928,0.52349,0.072,36,1
-0.926,0,0,0.926,0.515992,0.074,37,1
-0.924,0,0,0.924,0.508494,0.076,38,1
-0.922,0,0,0.922,0.500995,0.078,39,1
-0.92,0,0,0.92,0.493497,0.08,40,1
-0.918,0,0,0.918,0.485998,0.082,41,1
-0.916,0,0,0.916,0.4785,0.084,42,1
-0.914,0,0,0.914,0.471001,0.086,43,1
-0.912,0,0,0.912,0.463503,0.088,44,1
-0.91,0,0,0.91,0.456005,0.09,45,1
-0.908,0,0,0.908,0.448506,0.092,46,1
-0.906,0,0,0.906,0.441008,0.094,47,1
-0.904,0,0,0.904,0.433509,0.096,48,1
-0.902,0,0,0.902,0.426011,0.098,49,1
-0.9,0,0,0.9,0.418512,0.1,50,1
-0.898,0,0,0.898,0.411014,0.102,51,1
-0.896,0,0,0.896,0.403516,0.104,52,1
-0.894,0,0,0.894,0.396017,0.106,53,1
-0.892,0,0,0.892,0.388519,0.108,54,1
-0.89,0,0,0.89,0.38102,0.11,55,1
-0.888,0,0,0.888,0.373522,0.112,56,1
-0.886,0,0,0.886,0.366023,0.114,57,1
-0.884,0,0,0.884,0.358525,0.116,58,1
-0.882,0,0,0.882,0.351027,0.118,59,1
-0.88,0,0,0.88,0.343528,0.12,60,1
-0.878,0,0,0.878,0.33603,0.122,61,1
-0.876,0,0,0.876,0.328531,0.124,62,1
-0.874,0,0,0.874,0.321033,0.126,63,1
-0.872,0,0,0.872,0.313534,0.128,64,1
-0.87,0,0,0.87,0.306036,0.13,65,1
-0.868,0,0,0.868,0.298537,0.132,66,1
-0.866,0,0,0.866,0.291496,0.134,67,1
-0.864,0,0,0.864,0.285368,0.136,68,1
-0.862,0,0,0.862,0.27924,0.138,69,1
-0.86,0,0,0.86,0.273112,0.14,70,1
-0.858,0,0,0.858,0.266984,0.142,71,1
-0.856,0,0,0.856,0.260856,0.144,72,1
-0.854,0,0,0.854,0.254728,0.146,73,1
-0.852,0,0,0.852,0.248601,0.148,74,1
-0.85,0,0,0.85,0.242473,0.15,75,1
-0.848,0,0,0.848,0.236345,0.152,76,1
-0.846,0,0,0.846,0.230217,0.154,77,1
-0.844,0,0,0.844,0.224089,0.156,78,1
-0.842,0,0,0.842,0.217961,0.158,79,1
-0.84,0,0,0.84,0.211833,0.16,80,1
-0.838,0,0,0.838,0.205706,0.162,81,1
-0.836,0,0,0.836,0.199578,0.164,82,1
-0.834,0,0,0.834,0.19345,0.166,83,1
-0.832,0,0,0.832,0.187322,0.168,84,1
-0.83,0,0,0.83,0.181194,0.17,85,1
-0.828,0,0,0.828,0.175066,0.172,86,1
-0.826,0,0,0.826,0.168938,0.174,87,1
-0.824,0,0,0.824,0.162811,0.176,88,1
-0.822,0,0,0.822,0.156683,0.178,89,1
-0.82,0,0,0.82,0.150555,0.18,90,1
-0.818,0,0,0.818,0.144427,0.182,91,1
-0.816,0,0,0.816,0.138299,0.184,92,1
-0.814,0,0,0.814,0.132171,0.186,93,1
-0.812,0,0,0.812,0.126043,0.188,94,1
-0.81,0,0,0.81,0.119916,0.19,95,1
-0.808,0,0,0.808,0.113788,0.192,96,1
-0.806,0,0,0.806,0.10766,0.194,97,1
-0.804,0,0,0.804,0.101532,0.196,98,1
-0.802,0,0,0.802,0.0954042,0.198,99,1
-0.8,0,0,0.8,0.0892764,0.2,100,1
-0.798,0,0,0.798,0.0844085,0.202,101,1
-0.796,0,0,0.796,0.0795407,0.204,102,1
-0.794,0,0,0.794,0.074673,0.206,103,1
-0.792,0,0,0.792,0.0698051,0.208,104,1
-0.79,0,0,0.79,0.0649373,0.21,105,1
-0.788,0,0,0.788,0.0600694,0.212,106,1
-0.786,0,0,0.786,0.0552016,0.214,107,1
-0.784,0,0,0.784,0.0503337,0.216,108,1
-0.782,0,0,0.782,0.045466,0.218,109,1
-0.78,0,0,0.78,0.0405981,0.22,110,1
-0.778,0,0,0.778,0.0357303,0.222,111,1
-0.776,0,0,0.776,0.0308625,0.224,112,1
-0.774,0,0,0.774,0.0259946,0.226,113,1
-0.772,0,0,0.772,0.0211269,0.228,114,1
-0.77,0,0,0.77,0.0162589,0.23,115,1
-0.768,0,0,0.768,0.0113912,0.232,116,1
-0.766,0,0,0.766,0.00652328,0.234,117,1
-0.764,0,0,0.764,0.00165552,0.236,118,1
-0.762,0,0,0.762,-0.00321225,0.238,119,1
-0.76,0,0,0.76,-0.00808015,0.24,120,1
-0.758,0,0,0.758,-0.0129479,0.242,121,1
-0.756,0,0,0.756,-0.0178158,0.244,122,1
-0.754,0,0,0.754,-0.0226836,0.246,123,1
-0.752,0,0,0.752,-0.0275515,0.248,124,1
-0.75,0,0,0.75,-0.0324193,0.25,125,1
-0.748,0,0,0.748,-0.037287,0.252,126,1
-0.746,0,0,0.746,-0.0421549,0.254,127,1
-0.744,0,0,0.744,-0.0470227,0.256,128,1
-0.742,0,0,0.742,-0.0518906,0.258,129,1
-0.74,0,0,0.74,-0.0567584,0.26,130,1
-0.738,0,0,0.738,-0.0616263,0.262,131,1
-0.736,0,0,0.736,-0.066494,0.264,132,1
-0.734,0,0,0.734,-0.0713618,0.266,133,1
-0.732,0,0,0.732,-0.0754622,0.268,134,1
-0.73,0,0,0.73,-0.0791787,0.27,135,1
-0.728,0,0,0.728,-0.0828953,0.272,136,1
-0.726,0,0,0.726,-0.0866118,0.274,137,1
-0.724,0,0,0.724,-0.0903284,0.276,138,1
-0.722,0,0,0.722,-0.0940449,0.278,139,1
-0.72,0,0,0.72,-0.0977614,0.28,140,1
-0.718,0,0,0.718,-0.101478,0.282,141,1
-0.716,0,0,0.716,-0.105195,0.284,142,1
-0.714,0,0,0.714,-0.108911,0.286,143,1
-0.712,0,0,0.712,-0.112628,0.288,144,1
-0.71,0,0,0.71,-0.116344,0.29,145,1
-0.708,0,0,0.708,-0.120061,0.292,146,1
-0.706,0,0,0.706,-0.123777,0.294,147,1
-0.704,0,0,0.704,-0.127494,0.296,148,1
-0.702,0,0,0.702,-0.13121,0.298,149,1
-0.7,0,0,0.7,-0.134927,0.3,150,1
-0.698,0,0,0.698,-0.138644,0.302,151,1
-0.696,0,0,0.696,-0.14236,0.304,152,1
-0.694,0,0,0.694,-0.146077,0.306,153,1
-0.692,0,0,0.692,-0.149793,0.308,154,1
-0.69,0,0,0.69,-0.15351,0.31,155,1
-0.688,0,0,0.688,-0.157226,0.312,156,1
-0.686,0,0,0.686,-0.160943,0.314,157,1
-0.684,0,0,0.684,-0.164659,0.316,158,1
-0.682,0,0,0.682,-0.168376,0.318,159,1
-0.68,0,0,0.68,-0.172093,0.32,160,1
-0.678,0,0,0.678,-0.175809,0.322,161,1
-0.676,0,0,0.676,-0.179526,0.324,162,1
-0.674,0,0,0.674,-0.183242,0.326,163,1
-0.672,0,0,0.672,-0.186959,0.328,164,1
-0.67,0,0,0.67,-0.190675,0.33,165,1
-0.668,0,0,0.668,-0.194392,0.332,166,1
-0.666,0,0,0.666,-0.19776,0.334,167,1
-0.664,0,0,0.664,-0.200433,0.336,168,1
-0.662,0,0,0.662,-0.203105,0.338,169,1
-0.66,0,0,0.66,-0.205777,0.34,170,1
-0.658,0,0,0.658,-0.208449,0.342,171,1
-0.656,0,0,0.656,-0.211122,0.344,172,1
-0.654,0,0,0.654,-0.213794,0.346,173,1
-0.652,0,0,0.652,-0.216466,0.348,174,1
-0.65,0,0,0.65,-0.219139,0.35,175,1
-0.648,0,0,0.648,-0.221811,0.352,176,1
-0.646,0,0,0.646,-0.224483,0.354,177,1
-0.644,0,0,0.644,-0.227155,0.356,178,1
-0.642,0,0,0.642,-0.229828,0.358,179,1
-0.64,0,0,0.64,-0.2325,0.36,180,1
-0.638,0,0,0.638,-0.235172,0.362,181,1
-0.636,0,0,0.636,-0.237844,0.364,182,1
-0.634,0,0,0.634,-0.240517,0.366,183,1
-0.632,0,0,0.632,-0.243189,0.368,184,1
-0.63,0,0,0.63,-0.245861,0.37,185,1
-0.628,0,0,0.628,-0.248533,0.372,186,1
-0.626,0,0,0.626,-0.251206,0.374,187,1
-0.624,0,0,0.624,-0.253878,0.376,188,1
-0.622,0,0,0.622,-0.25655,0.378,189,1
-0.62,0,0,0.62,-0.259223,0.38,190,1
-0.618,0,0,0.618,-0.261895,0.382,191,1
-0.616,0,0,0.616,-0.264567,0.384,192,1
-0.614,0,0,0.614,-0.267239,0.386,193,1
-0.612,0,0,0.612,-0.269912,0.388,194,1
-0.61,0,0,0.61,-0.272584,0.39,195,1
-0.608,0,0,0.608,-0.275256,0.392,196,1
-0.606,0,0,0.606,-0.277928,0.394,197,1
-0.604,0,0,0.604,-0.280601,0.396,198,1
-0.602,0,0,0.602,-0.283273,0.398,199,1
-0.6,0,0,0.6,-0.285945,0.4,200,1
-0.598,0,0,0.598,-0.287678,0.402,201,1
-0.596,0,0,0.596,-0.289411,0.404,202,1
-0.594,0,0,0.594,-0.291145,0.406,203,1
-0.592,0,0,0.592,-0.292878,0.408,204,1
-0.59,0,0,0.59,-0.294611,0.41,205,1
-0.588,0,0,0.588,-0.296344,0.412,206,1
-0.586,0,0,0.586,-0.298077,0.414,207,1
-0.584,0,0,0.584,-0.299811,0.416,208,1
-0.582,0,0,0.582,-0.301544,0.418,209,1
-0.58,0,0,0.58,-0.303277,0.42,210,1
-0.578,0,0,0.578,-0.30501,0.422,211,1
-0.576,0,0,0.576,-0.306743,0.424,212,1
-0.574,0,0,0.574,-0.308476,0.426,213,1
-0.572,0,0,0.572,-0.31021,0.428,214,1
-0.57,0,0,0.57,-0.311943,0.43,215,1
-0.568,0,0,0.568,-0.313676,0.432,216,1
-0.566,0,0,0.566,-0.315409,0.434,217,1
-0.564,0,0,0.564,-0.317142,0.436,218,1
-0.562,0,0,0.562,-0.318875,0.438,219,1
-0.56,0,0,0.56,-0.320609,0.44,220,1
-0.558,0,0,0.558,-0.322342,0.442,221,1
-0.556,0,0,0.556,-0.324075,0.444,222,1
-0.554,0,0,0.554,-0.325808,0.446,223,1
-0.552,0,0,0.552,-0.327541,0.448,224,1
-0.55,0,0,0.55,-0.329274,0.45,225,1
-0.548,0,0,0.548,-0.331008,0.452,226,1
-0.546,0,0,0.546,-0.332741,0.454,227,1
-0.544,0,0,0.544,-0.334474,0.456,228,1
-0.542,0,0,0.542,-0.336207,0.458,229,1
-0.54,0,0,0.54,-0.33794,0.46,230,1
-0.538,0,0,0.538,-0.339673,0.462,231,1
-0.536,0,0,0.536,-0.341407,0.464,232,1
-0.534,0,0,0.534,-0.34314,0.466,233,1
-0.532,0,0,0.532,-0.344316,0.468,234,1
-0.53,0,0,0.53,-0.345213,0.47,235,1
-0.528,0,0,0.528,-0.346111,0.472,236,1
-0.526,0,0,0.526,-0.347008,0.474,237,1
-0.524,0,0,0.524,-0.347906,0.476,238,1
-0.522,0,0,0.522,-0.348803,0.478,239,1
-0.52,0,0,0.52,-0.349701,0.48,240,1
-0.518,0,0,0.518,-0.350598,0.482,241,1
-0.516,0,0,0.516,-0.351496,0.484,242,1
-0.514,0,0,0.514,-0.352393,0.486,243,1
-0.512,0,0,0.512,-0.353291,0.488,244,1
-0.51,0,0,0.51,-0.354188,0.49,245,1
-0.508,0,0,0.508,-0.355085,0.492,246,1
-0.506,0,0,0.506,-0.355983,0.494,247,1
-0.504,0,0,0.504,-0.35688,0.496,248,1
-0.502,0,0,0.502,-0.357778,0.498,249,1
-0.5,0,0,0.5,-0.358675,0.5,250,1
-0.498,0,0,0.498,-0.359573,0.502,251,1
-0.496,0,0,0.496,-0.36047,0.504,252,1
-0.494,0,0,0.494,-0.361368,0.506,253,1
-0.492,0,0,0.492,-0.362265,0.508,254,1
-0.49,0,0,0.49,-0.363163,0.51,255,1
-0.488,0,0,0.488,-0.36406,0.512,256,1
-0.486,0,0,0.486,-0.364958,0.514,257,1
-0.484,0,0,0.484,-0.365855,0.516,258,1
-0.482,0,0,0.482,-0.366753,0.518,259,1
-0.48,0,0,0.48,-0.36765,0.52,260,1
-0.478,0,0,0.478,-0.368548,0.522,261,1
-0.476,0,0,0.476,-0.369445,0.524,262,1
-0.474,0,0,0.474,-0.370343,0.526,263,1
-0.472,0,0,0.472,-0.37124,0.528,264,1
-0.47,0,0,0.47,-0.372138,0.53,265,1
-0.468,0,0,0.468,-0.373035,0.532,266,1
-0.466,0,0,0.466,-0.373688,0.534,267,1
-0.464,0,0,0.464,-0.373851,0.536,268,1
-0.462,0,0,0.462,-0.374015,0.538,269,1
-0.46,0,0,0.46,-0.374178,0.54,270,1
-0.458,0,0,0.458,-0.374341,0.542,271,1
-0.456,0,0,0.456,-0.374505,0.544,272,1
-0.454,0,0,0.454,-0.374668,0.546,273,1
-0.452,0,0,0.452,-0.374832,0.548,274,1
-0.45,0,0,0.45,-0.374995,0.55,275,1
-0.448,0,0,0.448,-0.375159,0.552,276,1
-0.446,0,0,0.446,-0.375322,0.554,277,1
-0.444,0,0,0.444,-0.375485,0.556,278,1
-0.442,0,0,0.442,-0.375649,0.558,279,1
-0.44,0,0,0.44,-0.375812,0.56,280,1
-0.438,0,0,0.438,-0.375976,0.562,281,1
-0.436,0,0,0.436,-0.376139,0.564,282,1
-0.434,0,0,0.434,-0.376302,0.566,283,1
-0.432,0,0,0.432,-0.376466,0.568,284,1
-0.43,0,0,0.43,-0.376629,0.57,285,1
-0.428,0,0,0.428,-0.376793,0.572,286,1
-0.426,0,0,0.426,-0.376956,0.574,287,1
-0.424,0,0,0.424,-0.377119,0.576,288,1
-0.422,0,0,0.422,-0.377283,0.578,289,1
-0.42,0,0,0.42,-0.377446,0.58,290,1
-0.418,0,0,0.418,-0.37761,0.582,291,1
-0.416,0,0,0.416,-0.377773,0.584,292,1
-0.414,0,0,0.414,-0.377937,0.586,293,1
-0.412,0,0,0.412,-0.3781,0.588,294,1
-0.41,0,0,0.41,-0.378263,0.59,295,1
-0.408,0,0,0.408,-0.378427,0.592,296,1
-0.406,0,0,0.406,-0.37859,0.594,297,1
-0.404,0,0,0.404,-0.378754,0.596,298,1
-0.402,0,0,0.402,-0.378917,0.598,299,1
-0.4,0,0,0.4,-0.37908,0.6,300,1
-0.398,0,0,0.398,-0.37861,0.602,301,1
-0.396,0,0,0.396,-0.378139,0.604,302,1
-0.394,0,0,0.394,-0.377668,0.606,303,1
-0.392,0,0,0.392,-0.377197,0.608,304,1
-0.39,0,0,0.39,-0.376726,0.61,305,1
-0.388,0,0,0.388,-0.376255,0.612,306,1
-0.386,0,0,0.386,-0.375785,0.614,307,1
-0.384,0,0,0.384,-0.375314,0.616,308,1
-0.382,0,0,0.382,-0.374843,0.618,309,1
-0.38,0,0,0.38,-0.374372,0.62,310,1
-0.378,0,0,0.378,-0.373901,0.622,311,1
-0.376,0,0,0.376,-0.373431,0.624,312,1
-0.374,0,0,0.374,-0.37296,0.626,313,1
-0.372,0,0,0.372,-0.372489,0.628,314,1
-0.37,0,0,0.37,-0.372018,0.63,315,1
-0.368,0,0,0.368,-0.371547,0.632,316,1
-0.366,0,0,0.366,-0.371076,0.634,317,1
-0.364,0,0,0.364,-0.370606,0.636,318,1
-0.362,0,0,0.362,-0.370135,0.638,319,1
-0.36,0,0,0.36,-0.369664,0.64,320,1
-0.358,0,0,0.358,-0.369193,0.642,321,1
-0.356,0,0,0.356,-0.368722,0.644,322,1
-0.354,0,0,0.354,-0.368252,0.646,323,1
-0.352,0,0,0.352,-0.367781,0.648,324,1
-0.35,0,0,0.35,-0.36731,0.65,325,1
-0.348,0,0,0.348,-0.366839,0.652,326,1
-0.346,0,0,0.346,-0.366368,0.654,327,1
-0.344,0,0,0.344,-0.365897,0.656,328,1
-0.342,0,0,0.342,-0.365427,0.658,329,1
-0.34,0,0,0.34,-0.364956,0.66,330,1
-0.338,0,0,0.338,-0.364485,0.662,331,1
-0.336,0,0,0.336,-0.364014,0.664,332,1
-0.334,0,0,0.334,-0.363543,0.666,333,1
-0.332,0,0,0.332,-0.362715,0.668,334,1
-0.33,0,0,0.33,-0.361708,0.67,335,1
-0.328,0,0,0.328,-0.360701,0.672,336,1
-0.326,0,0,0.326,-0.359694,0.674,337,1
-0.324,0,0,0.324,-0.358687,0.676,338,1
-0.322,0,0,0.322,-0.35768,0.678,339,1
-0.32,0,0,0.32,-0.356673,0.68,340,1
-0.318,0,0,0.318,-0.355666,0.682,341,1
-0.316,0,0,0.316,-0.354659,0.684,342,1
-0.314,0,0,0.314,-0.353652,0.686,343,1
-0.312,0,0,0.312,-0.352645,0.688,344,1
-0.31,0,0,0.31,-0.351638,0.69,345,1
-0.308,0,0,0.308,-0.350631,0.692,346,1
-0.306,0,0,0.306,-0.349624,0.694,347,1
-0.304,0,0,0.304,-0.348617,0.696,348,1
-0.302,0,0,0.302,-0.34761,0.698,349,1
-0.3,0,0,0.3,-0.346603,0.7,350,1
-0.298,0,0,0.298,-0.345596,0.702,351,1
-0.296,0,0,0.296,-0.344589,0.704,352,1
-0.294,0,0,0.294,-0.343582,0.706,353,1
-0.292,0,0,0.292,-0.342575,0.708,354,1
-0.29,0,0,0.29,-0.341568,0.71,355,1
-0.288,0,0,0.288,-0.340561,0.712,356,1
-0.286,0,0,0.286,-0.339554,0.714,357,1
-0.284,0,0,0.284,-0.338547,0.716,358,1
-0.282,0,0,0.282,-0.33754,0.718,359,1
-0.28,0,0,0.28,-0.336533,0.72,360,1
-0.278,0,0,0.278,-0.335526,0.722,361,1
-0.276,0,0,0.276,-0.334519,0.724,362,1
-0.274,0,0,0.274,-0.333512,0.726,363,1
-0.272,0,0,0.272,-0.332505,0.728,364,1
-0.27,0,0,0.27,-0.331498,0.73,365,1
-0.268,0,0,0.268,-0.330491,0.732,366,1
-0.266,0,0,0.266,-0.329337,0.734,367,1
-0.264,0,0,0.264,-0.32789,0.736,368,1
-0.262,0,0,0.262,-0.326444,0.738,369,1
-0.26,0,0,0.26,-0.324997,0.74,370,1
-0.258,0,0,0.258,-0.32355,0.742,371,1
-0.256,0,0,0.256,-0.322103,0.744,372,1
-0.254,0,0,0.254,-0.320656,0.746,373,1
-0.252,0,0,0.252,-0.319209,0.748,374,1
-0.25,0,0,0.25,-0.317762,0.75,375,1
-0.248,0,0,0.248,-0.316315,0.752,376,1
-0.246,0,0,0.246,-0.314868,0.754,377,1
-0.244,0,0,0.244,-0.313421,0.756,378,1
-0.242,0,0,0.242,-0.311974,0.758,379,1
-0.24,0,0,0.24,-0.310527,0.76,380,1
-0.238,0,0,0.238,-0.309081,0.762,381,1
-0.236,0,0,0.236,-0.307634,0.764,382,1
-0.234,0,0,0.234,-0.306187,0.766,383,1
-0.232,0,0,0.232,-0.30474,0.768,384,1
-0.23,0,0,0.23,-0.303293,0.77,385,1
-0.228,0,0,0.228,-0.301846,0.772,386,1
-0.226,0,0,0.226,-0.300399,0.774,387,1
-0.224,0,0,0.224,-0.298952,0.776,388,1
-0.222,0,0,0.222,-0.297505,0.778,389,1
-0.22,0,0,0.22,-0.296058,0.78,390,1
-0.218,0,0,0.218,-0.294611,0.782,391,1
-0.216,0,0,0.216,-0.293164,0.784,392,1
-0.214,0,0,0.214,-0.291718,0.786,393,1
-0.212,0,0,0.212,-0.290271,0.788,394,1
-0.21,0,0,0.21,-0.288824,0.79,395,1
-0.208,0,0,0.208,-0.287377,0.792,396,1
-0.206,0,0,0.206,-0.28593,0.794,397,1
-0.204,0,0,0.204,-0.284483,0.796,398,1
-0.202,0,0,0.202,-0.283036,0.798,399,1
-0.2,0,0,0.2,-0.281589,0.8,400,1
-0.198,0,0,0.198,-0.279797,0.802,401,1
-0.196,0,0,0.196,-0.278004,0.804,402,1
-0.194,0,0,0.194,-0.276212,0.806,403,1
-0.192,0,0,0.192,-0.27442,0.808,404,1
-0.19,0,0,0.19,-0.272627,0.81,405,1
-0.188,0,0,0.188,-0.270835,0.812,406,1
-0.186,0,0,0.186,-0.269043,0.814,407,1
-0.184,0,0,0.184,-0.26725,0.816,408,1
-0.182,0,0,0.182,-0.265458,0.818,409,1
-0.18,0,0,0.18,-0.263666,0.82,410,1
-0.178,0,0,0.178,-0.261873,0.822,411,1
-0.176,0,0,0.176,-0.260081,0.824,412,1
-0.174,0,0,0.174,-0.258289,0.826,413,1
-0.172,0,0,0.172,-0.256496,0.828,414,1
-0.17,0,0,0.17,-0.254704,0.83,415,1
-0.168,0,0,0.168,-0.252912,0.832,416,1
-0.166,0,0,0.166,-0.251119,0.834,417,1
-0.164,0,0,0.164,-0.249327,0.836,418,1
-0.162,0,0,0.162,-0.247534,0.838,419,1
-0.16,0,0,0.16,-0.245742,0.84,420,1
-0.158,0,0,0.158,-0.24395,0.842,421,1
-0.156,0,0,0.156,-0.242157,0.844,422,1
-0.154,0,0,0.154,-0.240365,0.846,423,1
-0.152,0,0,0.152,-0.238573,0.848,424,1
-0.15,0,0,0.15,-0.23678,0.85,425,1
-0.148,0,0,0.148,-0.234988,0.852,426,1
-0.146,0,0,0.146,-0.233196,0.854,427,1
-0.144,0,0,0.144,-0.231403,0.856,428,1
-0.142,0,0,0.142,-0.229611,0.858,429,1
-0.14,0,0,0.14,-0.227819,0.86,430,1
-0.138,0,0,0.138,-0.226026,0.862,431,1
-0.136,0,0,0.136,-0.224234,0.864,432,1
-0.134,0,0,0.134,-0.222442,0.866,433,1
-0.132,0,0,0.132,-0.220481,0.868,434,1
-0.13,0,0,0.13,-0.218436,0.87,435,1
-0.128,0,0,0.128,-0.21639,0.872,436,1
-0.126,0,0,0.126,-0.214345,0.874,437,1
-0.124,0,0,0.124,-0.2123,0.876,438,1
-0.122,0,0,0.122,-0.210255,0.878,439,1
-0.12,0,0,0.12,-0.20821,0.88,440,1
-0.118,0,0,0.118,-0.206165,0.882,441,1
-0.116,0,0,0.116,-0.20412,0.884,442,1
-0.114,0,0,0.114,-0.202075,0.886,443,1
-0.112,0,0,0.112,-0.20003,0.888,444,1
-0.11,0,0,0.11,-0.197985,0.89,445,1
-0.108,0,0,0.108,-0.19594,0.892,446,1
-0.106,0,0,0.106,-0.193894,0.894,447,1
-0.104,0,0,0.104,-0.191849,0.896,448,1
-0.102,0,0,0.102,-0.189804,0.898,449,1
-0.1,0,0,0.1,-0.187759,0.9,450,1
-0.098,0,0,0.098,-0.185714,0.902,451,1
-0.096,0,0,0.096,-0.183669,0.904,452,1
-0.094,0,0,0.094,-0.181624,0.906,453,1
-0.092,0,0,0.092,-0.179579,0.908,454,1
-0.09,0,0,0.09,-0.177534,0.91,455,1
-0.088,0,0,0.088,-0.175489,0.912,456,1
-0.086,0,0,0.086,-0.173443,0.914,457,1
-0.084,0,0,0.084,-0.171398,0.916,458,1
-0.082,0,0,0.082,-0.169353,0.918,459,1
-0.08,0,0,0.08,-0.167308,0.92,460,1
-0.078,0,0,0.078,-0.165263,0.922,461,1
-0.076,0,0,0.076,-0.163218,0.924,462,1
-0.074,0,0,0.074,-0.161173,0.926,463,1
-0.072,0,0,0.072,-0.159128,0.928,464,1
-0.07,0,0,0.07,-0.157083,0.93,465,1
-0.068,0,0,0.068,-0.155038,0.932,466,1
-0.066,0,0,0.066,-0.152939,0.934,467,1
-0.064,0,0,0.064,-0.150732,0.936,468,1
-0.062,0,0,0.062,-0.148525,0.938,469,1
-0.06,0,0,0.06,-0.146318,0.94,470,1
-0.058,0,0,0.058,-0.144111,0.942,471,1
-0.056,0,0,0.056,-0.141904,0.944,472,1
-0.054,0,0,0.054,-0.139697,0.946,473,1
-0.052,0,0,0.052,-0.13749,0.948,474,1
-0.05,0,0,0.05,-0.135283,0.95,475,1
-0.048,0,0,0.048,-0.133076,0.952,476,1
-0.046,0,0,0.046,-0.130869,0.954,477,1
-0.044,0,0,0.044,-0.128662,0.956,478,1
-0.042,0,0,0.042,-0.126455,0.958,479,1
-0.04,0,0,0.04,-0.124249,0.96,480,1
-0.038,0,0,0.038,-0.122042,0.962,481,1
-0.036,0,0,0.036,-0.119835,0.964,482,1
-0.034,0,0,0.034,-0.117628,0.966,483,1
-0.032,0,0,0.032,-0.115421,0.968,484,1
-0.03,0,0,0.03,-0.113214,0.97,485,1
-0.028,0,0,0.028,-0.111007,0.972,486,1
-0.026,0,0,0.026,-0.1088,0.974,487,1
-0.024,0,0,0.024,-0.106593,0.976,488,1
-0.022,0,0,0.022,-0.104386,0.978,489,1
-0.02,0,0,0.02,-0.102179,0.98,490,1
-0.018,0,0,0.018,-0.0999723,0.982,491,1
-0.016,0,0,0.016,-0.0977653,0.984,492,1
-0.014,0,0,0.014,-0.0955584,0.986,493,1
-0.012,0,0,0.012,-0.0933515,0.988,494,1
-0.01,0,0,0.01,-0.0911446,0.99,495,1
-0.008,0,0,0.008,-0.0889376,0.992,496,1
-0.006,0,0,0.006,-0.0867307,0.994,497,1
-0.004,0,0,0.004,-0.0845238,0.996,498,1
-0.002,0,0,0.002,-0.0823168,0.998,499,1
0,0,0,0,-0.0801099,1,500,1
0.002,0,0,0.002,-0.0778303,1.002,501,1
0.004,0,0,0.004,-0.0755506,1.004,502,1
0.006,0,0,0.006,-0.073271,1.006,503,1
0.008,0,0,0.008,-0.0709914,1.008,504,1
0.01,0,0,0.01,-0.0687117,1.01,505,1
0.012,0,0,0.012,-0.0664321,1.012,506,1
0.014,0,0,0.014,-0.0641524,1.014,507,1
0.016,0,0,0.016,-0.0618728,1.016,508,1
0.018,0,0,0.018,-0.0595931,1.018,509,1
0.02,0,0,0.02,-0.0573135,1.02,510,1
0.022,0,0,0.022,-0.0550339,1.022,511,1
0.024,0,0,0.024,-0.0527542,1.024,512,1
0.026,0,0,0.026,-0.0504746,1.026,513,1
0.028,0,0,0.028,-0.0481949,1.028,514,1
0.03,0,0,0.03,-0.0459153,1.03,515,1
0.032,0,0,0.032,-0.0436357,1.032,516,1
0.034,0,0,0.034,-0.041356,1.034,517,1
0.036,0,0,0.036,-0.0390764,1.036,518,1
0.038,0,0,0.038,-0.0367967,1.038,519,1
0.04,0,0,0.04,-0.0345171,1.04,520,1
0.042,0,0,0.042,-0.0322374,1.042,521,1
0.044,0,0,0.044,-0.0299578,1.044,522,1
0.046,0,0,0.046,-0.0276782,1.046,523,1
0.048,0,0,0.048,-0.0253985,1.048,524,1
0.05,0,0,0.05,-0.0231189,1.05,525,1
0.052,0,0,0.052,-0.0208392,1.052,526,1
0.054,0,0,0.054,-0.0185596,1.054,527,1
0.056,0,0,0.056,-0.01628,1.056,528,1
0.058,0,0,0.058,-0.0140003,1.058,529,1
0.06,0,0,0.06,-0.0117207,1.06,530,1
0.062,0,0,0.062,-0.00944103,1.062,531,1
0.064,0,0,0.064,-0.00716139,1.064,532,1
0.066,0,0,0.066,-0.00488175,1.066,533,1
0.068,0,0,0.068,-0.00261186,1.068,534,1
0.07,0,0,0.07,-0.000346844,1.07,535,1
0.072,0,0,0.072,0.00191817,1.072,536,1
0.074,0,0,0.074,0.00418319,1.074,537,1
0.076,0,0,0.076,0.0064482,1.076,538,1
0.078,0,0,0.078,0.00871322,1.078,539,1
0.08,0,0,0.08,0.0109782,1.08,540,1
0.082,0,0,0.082,0.0132433,1.082,541,1
0.084,0,0,0.084,0.0155083,1.084,542,1
0.086,0,0,0.086,0.0177733,1.086,543,1
0.088,0,0,0.088,0.0200383,1.088,544,1
0.09,0,0,0.09,0.0223033,1.09,545,1
0.092,0,0,0.092,0.0245683,1.092,546,1
0.094,0,0,0.094,0.0268333,1.094,547,1
0.096,0,0,0.096,0.0290984,1.096,548,1
0.098,0,0,0.098,0.0313634,1.098,549,1
0.1,0,0,0.1,0.0336284,1.1,550,1
0.102,0,0,0.102,0.0358934,1.102,551,1
0.104,0,0,0.104,0.0381584,1.104,552,1
0.106,0,0,0.106,0.0404234,1.106,553,1
0.108,0,0,0.108,0.0426885,1.108,554,1
0.11,0,0,0.11,0.0449535,1.11,555,1
0.112,0,0,0.112,0.0472185,1.112,556,1
0.114,0,0,0.114,0.0494835,1.114,557,1
0.116,0,0,0.116,0.0517485,1.116,558,1
0.118,0,0,0.118,0.0540135,1.118,559,1
0.12,0,0,0.12,0.0562786,1.12,560,1
0.122,0,0,0.122,0.0585436,1.122,561,1
0.124,0,0,0.124,0.0608086,1.124,562,1
0.126,0,0,0.126,0.0630736,1.126,563,1
0.128,0,0,0.128,0.0653386,1.128,564,1
0.13,0,0,0.13,0.0676036,1.13,565,1
0.132,0,0,0.132,0.0698687,1.132,566,1
0.134,0,0,0.134,0.0721003,1.134,567,1
0.136,0,0,0.136,0.0742651,1.136,568,1
0.138,0,0,0.138,0.07643,1.138,569,1
0.14,0,0,0.14,0.0785948,1.14,570,1
0.142,0,0,0.142,0.0807597,1.142,571,1
0.144,0,0,0.144,0.0829245,1.144,572,1
0.146,0,0,0.146,0.0850893,1.146,573,1
0.148,0,0,0.148,0.0872542,1.148,574,1
0.15,0,0,0.15,0.089419,1.15,575,1
0.152,0,0,0.152,0.0915838,1.152,576,1
0.154,0,0,0.154,0.0937487,1.154,577,1
0.156,0,0,0.156,0.0959135,1.156,578,1
0.158,0,0,0.158,0.0980784,1.158,579,1
0.16,0,0,0.16,0.100243,1.16,580,1
0.162,0,0,0.162,0.102408,1.162,581,1
0.164,0,0,0.164,0.104573,1.164,582,1
0.166,0,0,0.166,0.106738,1.166,583,1
0.168,0,0,0.168,0.108903,1.168,584,1
0.17,0,0,0.17,0.111067,1.17,585,1
0.172,0,0,0.172,0.113232,1.172,586,1
0.174,0,0,0.174,0.115397,1.174,587,1
0.176,0,0,0.176,0.117562,1.176,588,1
0.178,0,0,0.178,0.119727,1.178,589,1
0.18,0,0,0.18,0.121892,1.18,590,1
0.182,0,0,0.182,0.124056,1.182,591,1
0.184,0,0,0.184,0.126221,1.184,592,1
0.186,0,0,0.186,0.128386,1.186,593,1
0.188,0,0,0.188,0.130551,1.188,594,1
0.19,0,0,0.19,0.132716,1.19,595,1
0.192,0,0,0.192,0.134881,1.192,596,1
0.194,0,0,0.194,0.137046,1.194,597,1
0.196,0,0,0.196,0.13921,1.196,598,1
0.198,0,0,0.198,0.141375,1.198,599,1
0.2,0,0,0.2,0.14354,1.2,600,1
0.202,0,0,0.202,0.145521,1.202,601,1
0.204,0,0,0.204,0.147502,1.204,602,1
0.206,0,0,0.206,0.149483,1.206,603,1
0.208,0,0,0.208,0.151464,1.208,604,1
0.21,0,0,0.21,0.153445,1.21,605,1
0.212,0,0,0.212,0.155425,1.212,606,1
0.214,0,0,0.214,0.157406,1.214,607,1
0.216,0,0,0.216,0.159387,1.216,608,1
0.218,0,0,0.218,0.161368,1.218,609,1
0.22,0,0,0.22,0.163349,1.22,610,1
0.222,0,0,0.222,0.16533,1.222,611,1
0.224,0,0,0.224,0.167311,1.224,612,1
0.226,0,0,0.226,0.169292,1.226,613,1
0.228,0,0,0.228,0.171273,1.228,614,1
0.23,0,0,0.23,0.173254,1.23,615,1
0.232,0,0,0.232,0.175234,1.232,616,1
0.234,0,0,0.234,0.177215,1.234,617,1
0.236,0,0,0.236,0.179196,1.236,618,1
0.238,0,0,0.238,0.181177,1.238,619,1
0.24,0,0,0.24,0.183158,1.24,620,1
0.242,0,0,0.242,0.185139,1.242,621,1
0.244,0,0,0.244,0.18712,1.244,622,1
0.246,0,0,0.246,0.189101,1.246,623,1
0.248,0,0,0.248,0.191082,1.248,624,1
0.25,0,0,0.25,0.193062,1.25,625,1
0.252,0,0,0.252,0.195043,1.252,626,1
0.254,0,0,0.254,0.197024,1.254,627,1
0.256,0,0,0.256,0.199005,1.256,628,1
0.258,0,0,0.258,0.200986,1.258,629,1
0.26,0,0,0.26,0.202967,1.26,630,1
0.262,0,0,0.262,0.204948,1.262,631,1
0.264,0,0,0.264,0.206929,1.264,632,1
0.266,0,0,0.266,0.20891,1.266,633,1
0.268,0,0,0.268,0.210713,1.268,634,1
0.27,0,0,0.27,0.212428,1.27,635,1
0.272,0,0,0.272,0.214143,1.272,636,1
0.274,0,0,0.274,0.215858,1.274,637,1
0.276,0,0,0.276,0.217573,1.276,638,1
0.278,0,0,0.278,0.219288,1.278,639,1
0.28,0,0,0.28,0.221003,1.28,640,1
0.282,0,0,0.282,0.222718,1.282,641,1
0.284,0,0,0.284,0.224433,1.284,642,1
0.286,0,0,0.286,0.226148,1.286,643,1
0.288,0,0,0.288,0.227863,1.288,644,1
0.29,0,0,0.29,0.229578,1.29,645,1
0.292,0,0,0.292,0.231293,1.292,646,1
0.294,0,0,0.294,0.233008,1.294,647,1
0.296,0,0,0.296,0.234723,1.296,648,1
0.298,0,0,0.298,0.236438,1.298,649,1
0.3,0,0,0.3,0.238153,1.3,650,1
0.302,0,0,0.302,0.239868,1.302,651,1
0.304,0,0,0.304,0.241583,1.304,652,1
0.306,0,0,0.306,0.243298,1.306,653,1
0.308,0,0,0.308,0.245013,1.308,654,1
0.31,0,0,0.31,0.246728,1.31,655,1
0.312,0,0,0.312,0.248443,1.312,656,1
0.314,0,0,0.314,0.250158,1.314,657,1
0.316,0,0,0.316,0.251873,1.316,658,1
0.318,0,0,0.318,0.253588,1.318,659,1
0.32,0,0,0.32,0.255303,1.32,660,1
0.322,0,0,0.322,0.257018,1.322,661,1
0.324,0,0,0.324,0.258733,1.324,662,1
0.326,0,0,0.326,0.260448,1.326,663,1
0.328,0,0,0.328,0.262163,1.328,664,1
0.33,0,0,0.33,0.263878,1.33,665,1
0.332,0,0,0.332,0.265593,1.332,666,1
0.334,0,0,0.334,0.267192,1.334,667,1
0.336,0,0,0.336,0.268561,1.336,668,1
0.338,0,0,0.338,0.26993,1.338,669,1
0.34,0,0,0.34,0.271299,1.34,670,1
0.342,0,0,0.342,0.272668,1.342,671,1
0.344,0,0,0.344,0.274036,1.344,672,1
0.346,0,0,0.346,0.275405,1.346,673,1
0.348,0,0,0.348,0.276774,1.348,674,1
0.35,0,0,0.35,0.278143,1.35,675,1
0.352,0,0,0.352,0.279512,1.352,676,1
0.354,0,0,0.354,0.280881,1.354,677,1
0.356,0,0,0.356,0.28225,1.356,678,1
0.358,0,0,0.358,0.283618,1.358,679,1
0.36,0,0,0.36,0.284987,1.36,680,1
0.362,0,0,0.362,0.286356,1.362,681,1
0.364,0,0,0.364,0.287725,1.364,682,1
0.366,0,0,0.366,0.289094,1.366,683,1
0.368,0,0,0.368,0.290463,1.368,684,1
0.37,0,0,0.37,0.291832,1.37,685,1
0.372,0,0,0.372,0.2932,1.372,686,1
0.374,0,0,0.374,0.294569,1.374,687,1
0.376,0,0,0.376,0.295938,1.376,688,1
0.378,0,0,0.378,0.297307,1.378,689,1
0.38,0,0,0.38,0.298676,1.38,690,1
0.382,0,0,0.382,0.300045,1.382,691,1
0.384,0,0,0.384,0.301414,1.384,692,1
0.386,0,0,0.386,0.302783,1.386,693,1
0.388,0,0,0.388,0.304151,1.388,694,1
0.39,0,0,0.39,0.30552,1.39,695,1
0.392,0,0,0.392,0.306889,1.392,696,1
0.394,0,0,0.394,0.308258,1.394,697,1
0.396,0,0,0.396,0.309627,1.396,698,1
0.398,0,0,0.398,0.310996,1.398,699,1
0.4,0,0,0.4,0.312365,1.4,700,1
0.402,0,0,0.402,0.313309,1.402,701,1
0.404,0,0,0.404,0.314253,1.404,702,1
0.406,0,0,0.406,0.315198,1.406,703,1
0.408,0,0,0.408,0.316142,1.408,704,1
0.41,0,0,0.41,0.317086,1.41,705,1
0.412,0,0,0.412,0.318031,1.412,706,1
0.414,0,0,0.414,0.318975,1.414,707,1
0.416,0,0,0.416,0.319919,1.416,708,1
0.418,0,0,0.418,0.320864,1.418,709,1
0.42,0,0,0.42,0.321808,1.42,710,1
0.422,0,0,0.422,0.322752,1.422,711,1
0.424,0,0,0.424,0.323697,1.424,712,1
0.426,0,0,0.426,0.324641,1.426,713,1
0.428,0,0,0.428,0.325585,1.428,714,1
0.43,0,0,0.43,0.32653,1.43,715,1
0.432,0,0,0.432,0.327474,1.432,716,1
0.434,0,0,0.434,0.328418,1.434,717,1
0.436,0,0,0.436,0.329363,1.436,718,1
0.438,0,0,0.438,0.330307,1.438,719,1
0.44,0,0,0.44,0.331251,1.44,720,1
0.442,0,0,0.442,0.332196,1.442,721,1
0.444,0,0,0.444,0.33314,1.444,722,1
0.446,0,0,0.446,0.334084,1.446,723,1
0.448,0,0,0.448,0.335029,1.448,724,1
0.45,0,0,0.45,0.335973,1.45,725,1
0.452,0,0,0.452,0.336917,1.452,726,1
0.454,0,0,0.454,0.337862,1.454,727,1
0.456,0,0,0.456,0.338806,1.456,728,1
0.458,0,0,0.458,0.33975,1.458,729,1
0.46,0,0,0.46,0.340695,1.46,730,1
0.462,0,0,0.462,0.341639,1.462,731,1
0.464,0,0,0.464,0.342583,1.464,732,1
0.466,0,0,0.466,0.343528,1.466,733,1
0.468,0,0,0.468,0.344138,1.468,734,1
0.47,0,0,0.47,0.344581,1.47,735,1
0.472,0,0,0.472,0.345024,1.472,736,1
0.474,0,0,0.474,0.345467,1.474,737,1
0.476,0,0,0.476,0.345911,1.476,738,1
0.478,0,0,0.478,0.346354,1.478,739,1
0.48,0,0,0.48,0.346797,1.48,740,1
0.482,0,0,0.482,0.34724,1.482,741,1
0.484,0,0,0.484,0.347683,1.484,742,1
0.486,0,0,0.486,0.348127,1.486,743,1
0.488,0,0,0.488,0.34857,1.488,744,1
0.49,0,0,0.49,0.349013,1.49,745,1
0.492,0,0,0.492,0.349456,1.492,746,1
0.494,0,0,0.494,0.349899,1.494,747,1
0.496,0,0,0.496,0.350343,1.496,748,1
0.498,0,0,0.498,0.350786,1.498,749,1
0.5,0,0,0.5,0.351229,1.5,750,1
0.502,0,0,0.502,0.351672,1.502,751,1
0.504,0,0,0.504,0.352115,1.504,752,1
0.506,0,0,0.506,0.352558,1.506,753,1
0.508,0,0,0.508,0.353002,1.508,754,1
0.51,0,0,0.51,0.353445,1.51,755,1
0.512,0,0,0.512,0.353888,1.512,756,1
0.514,0,0,0.514,0.354331,1.514,757,1
0.516,0,0,0.516,0.354774,1.516,758,1
0.518,0,0,0.518,0.355218,1.518,759,1
0.52,0,0,0.52,0.355661,1.52,760,1
0.522,0,0,0.522,0.356104,1.522,761,1
0.524,0,0,0.524,0.356547,1.524,762,1
0.526,0,0,0.526,0.35699,1.526,763,1
0.528,0,0,0.528,0.357434,1.528,764,1
0.53,0,0,0.53,0.357877,1.53,765,1
0.532,0,0,0.532,0.35832,1.532,766,1
0.534,0,0,0.534,0.358571,1.534,767,1
0.536,0,0,0.536,0.358438,1.536,768,1
0.538,0,0,0.538,0.358306,1.538,769,1
0.54,0,0,0.54,0.358173,1.54,770,1
0.542,0,0,0.542,0.35804,1.542,771,1
0.544,0,0,0.544,0.357907,1.544,772,1
0.546,0,0,0.546,0.357774,1.546,773,1
0.548,0,0,0.548,0.357642,1.548,774,1
0.55,0,0,0.55,0.357509,1.55,775,1
0.552,0,0,0.552,0.357376,1.552,776,1
0.554,0,0,0.554,0.357243,1.554,777,1
0.556,0,0,0.556,0.35711,1.556,778,1
0.558,0,0,0.558,0.356978,1.558,779,1
0.56,0,0,0.56,0.356845,1.56,780,1
0.562,0,0,0.562,0.356712,1.562,781,1
0.564,0,0,0.564,0.356579,1.564,782,1
0.566,0,0,0.566,0.356446,1.566,783,1
0.568,0,0,0.568,0.356314,1.568,784,1
0.57,0,0,0.57,0.356181,1.57,785,1
0.572,0,0,0.572,0.356048,1.572,786,1
0.574,0,0,0.574,0.355915,1.574,787,1
0.576,0,0,0.576,0.355782,1.576,788,1
0.578,0,0,0.578,0.35565,1.578,789,1
0.58,0,0,0.58,0.355517,1.58,790,1
0.582,0,0,0.582,0.355384,1.582,791,1
0.584,0,0,0.584,0.355251,1.584,792,1
0.586,0,0,0.586,0.355118,1.586,793,1
0.588,0,0,0.588,0.354986,1.588,794,1
0.59,0,0,0.59,0.354853,1.59,795,1
0.592,0,0,0.592,0.35472,1.592,796,1
0.594,0,0,0.594,0.354587,1.594,797,1
0.596,0,0,0.596,0.354454,1.596,798,1
0.598,0,0,0.598,0.354322,1.598,799,1
0.6,0,0,0.6,0.354189,1.6,800,1
0.602,0,0,0.602,0.353407,1.602,801,1
0.604,0,0,0.604,0.352625,1.604,802,1
0.606,0,0,0.606,0.351843,1.606,803,1
0.608,0,0,0.608,0.351061,1.608,804,1
0.61,0,0,0.61,0.35028,1.61,805,1
0.612,0,0,0.612,0.349498,1.612,806,1
0.614,0,0,0.614,0.348716,1.614,807,1
0.616,0,0,0.616,0.347934,1.616,808,1
0.618,0,0,0.618,0.347152,1.618,809,1
0.62,0,0,0.62,0.34637,1.62,810,1
0.622,0,0,0.622,0.345589,1.622,811,1
0.624,0,0,0.624,0.344807,1.624,812,1
0.626,0,0,0.626,0.344025,1.626,813,1
0.628,0,0,0.628,0.343243,1.628,814,1
0.63,0,0,0.63,0.342461,1.63,815,1
0.632,0,0,0.632,0.341679,1.632,816,1
0.634,0,0,0.634,0.340898,1.634,817,1
0.636,0,0,0.636,0.340116,1.636,818,1
0.638,0,0,0.638,0.339334,1.638,819,1
0.64,0,0,0.64,0.338552,1.64,820,1
0.642,0,0,0.642,0.33777,1.642,821,1
0.644,0,0,0.644,0.336988,1.644,822,1
0.646,0,0,0.646,0.336207,1.646,823,1
0.648,0,0,0.648,0.335425,1.648,824,1
0.65,0,0,0.65,0.334643,1.65,825,1
0.652,0,0,0.652,0.333861,1.652,826,1
0.654,0,0,0.654,0.333079,1.654,827,1
0.656,0,0,0.656,0.332297,1.656,828,1
0.658,0,0,0.658,0.331516,1.658,829,1
0.66,0,0,0.66,0.330734,1.66,830,1
0.662,0,0,0.662,0.329952,1.662,831,1
0.664,0,0,0.664,0.32917,1.664,832,1
0.666,0,0,0.666,0.328388,1.666,833,1
0.668,0,0,0.668,0.327126,1.668,834,1
0.67,0,0,0.67,0.325624,1.67,835,1
0.672,0,0,0.672,0.324122,1.672,836,1
0.674,0,0,0.674,0.32262,1.674,837,1
0.676,0,0,0.676,0.321118,1.676,838,1
0.678,0,0,0.678,0.319616,1.678,839,1
0.68,0,0,0.68,0.318113,1.68,840,1
0.682,0,0,0.682,0.316611,1.682,841,1
0.684,0,0,0.684,0.315109,1.684,842,1
0.686,0,0,0.686,0.313607,1.686,843,1
0.688,0,0,0.688,0.312105,1.688,844,1
0.69,0,0,0.69,0.310603,1.69,845,1
0.692,0,0,0.692,0.309101,1.692,846,1
0.694,0,0,0.694,0.307599,1.694,847,1
0.696,0,0,0.696,0.306096,1.696,848,1
0.698,0,0,0.698,0.304594,1.698,849,1
0.7,0,0,0.7,0.303092,1.7,850,1
0.702,0,0,0.702,0.30159,1.702,851,1
0.704,0,0,0.704,0.300088,1.704,852,1
0.706,0,0,0.706,0.298586,1.706,853,1
0.708,0,0,0.708,0.297084,1.708,854,1
0.71,0,0,0.71,0.295581,1.71,855,1
0.712,0,0,0.712,0.294079,1.712,856,1
0.714,0,0,0.714,0.292577,1.714,857,1
0.716,0,0,0.716,0.291075,1.716,858,1
0.718,0,0,0.718,0.289573,1.718,859,1
0.72,0,0,0.72,0.288071,1.72,860,1
0.722,0,0,0.722,0.286569,1.722,861,1
0.724,0,0,0.724,0.285066,1.724,862,1
0.726,0,0,0.726,0.283564,1.726,863,1
0.728,0,0,0.728,0.282062,1.728,864,1
0.73,0,0,0.73,0.28056,1.73,865,1
0.732,0,0,0.732,0.279058,1.732,866,1
0.734,0,0,0.734,0.277292,1.734,867,1
0.736,0,0,0.736,0.275001,1.736,868,1
0.738,0,0,0.738,0.272709,1.738,869,1
0.74,0,0,0.74,0.270417,1.74,870,1
0.742,0,0,0.742,0.268125,1.742,871,1
0.744,0,0,0.744,0.265833,1.744,872,1
0.746,0,0,0.746,0.263541,1.746,873,1
0.748,0,0,0.748,0.261249,1.748,874,1
0.75,0,0,0.75,0.258957,1.75,875,1
0.752,0,0,0.752,0.256665,1.752,876,1
0.754,0,0,0.754,0.254373,1.754,877,1
0.756,0,0,0.756,0.252081,1.756,878,1
0.758,0,0,0.758,0.249789,1.758,879,1
0.76,0,0,0.76,0.247498,1.76,880,1
0.762,0,0,0.762,0.245206,1.762,881,1
0.764,0,0,0.764,0.242914,1.764,882,1
0.766,0,0,0.766,0.240622,1.766,883,1
0.768,0,0,0.768,0.23833,1.768,884,1
0.77,0,0,0.77,0.236038,1.77,885,1
0.772,0,0,0.772,0.233746,1.772,886,1
0.774,0,0,0.774,0.231454,1.774,887,1
0.776,0,0,0.776,0.229162,1.776,888,1
0.778,0,0,0.778,0.22687,1.778,889,1
0.78,0,0,0.78,0.224578,1.78,890,1
0.782,0,0,0.782,0.222286,1.782,891,1
0.784,0,0,0.784,0.219995,1.784,892,1
0.786,0,0,0.786,0.217703,1.786,893,1
0.788,0,0,0.788,0.215411,1.788,894,1
0.79,0,0,0.79,0.213119,1.79,895,1
0.792,0,0,0.792,0.210827,1.792,896,1
0.794,0,0,0.794,0.208535,1.794,897,1
0.796,0,0,0.796,0.206243,1.796,898,1
0.798,0,0,0.798,0.203951,1.798,899,1
0.8,0,0,0.8,0.201659,1.8,900,1
0.802,0,0,0.802,0.19851,1.802,901,1
0.804,0,0,0.804,0.19536,1.804,902,1
0.806,0,0,0.806,0.192211,1.806,903,1
0.808,0,0,0.808,0.189062,1.808,904,1
0.81,0,0,0.81,0.185912,1.81,905,1
0.812,0,0,0.812,0.182763,1.812,906,1
0.814,0,0,0.814,0.179613,1.814,907,1
0.816,0,0,0.816,0.176464,1.816,908,1
0.818,0,0,0.818,0.173315,1.818,909,1
0.82,0,0,0.82,0.170165,1.82,910,1
0.822,0,0,0.822,0.167016,1.822,911,1
0.824,0,0,0.824,0.163866,1.824,912,1
0.826,0,0,0.826,0.160717,1.826,913,1
0.828,0,0,0.828,0.157568,1.828,914,1
0.83,0,0,0.83,0.154418,1.83,915,1
0.832,0,0,0.832,0.151269,1.832,916,1
0.834,0,0,0.834,0.148119,1.834,917,1
0.836,0,0,0.836,0.14497,1.836,918,1
0.838,0,0,0.838,0.141821,1.838,919,1
0.84,0,0,0.84,0.138671,1.84,920,1
0.842,0,0,0.842,0.135522,1.842,921,1
0.844,0,0,0.844,0.132372,1.844,922,1
0.846,0,0,0.846,0.129223,1.846,923,1
0.848,0,0,0.848,0.126074,1.848,924,1
0.85,0,0,0.85,0.122924,1.85,925,1
0.852,0,0,0.852,0.119775,1.852,926,1
0.854,0,0,0.854,0.116625,1.854,927,1
0.856,0,0,0.856,0.113476,1.856,928,1
0.858,0,0,0.858,0.110327,1.858,929,1
0.86,0,0,0.86,0.107177,1.86,930,1
0.862,0,0,0.862,0.104028,1.862,931,1
0.864,0,0,0.864,0.100878,1.864,932,1
0.866,0,0,0.866,0.097729,1.866,933,1
0.868,0,0,0.868,0.0939641,1.868,934,1
0.87,0,0,0.87,0.0898912,1.87,935,1
0.872,0,0,0.872,0.0858185,1.872,936,1
0.874,0,0,0.874,0.0817456,1.874,937,1
0.876,0,0,0.876,0.0776729,1.876,938,1
0.878,0,0,0.878,0.0736,1.878,939,1
0.88,0,0,0.88,0.0695273,1.88,940,1
0.882,0,0,0.882,0.0654545,1.882,941,1
0.884,0,0,0.884,0.0613817,1.884,942,1
0.886,0,0,0.886,0.057309,1.886,943,1
0.888,0,0,0.888,0.0532361,1.888,944,1
0.89,0,0,0.89,0.0491634,1.89,945,1
0.892,0,0,0.892,0.0450905,1.892,946,1
0.894,0,0,0.894,0.0410178,1.894,947,1
0.896,0,0,0.896,0.036945,1.896,948,1
0.898,0,0,0.898,0.0328722,1.898,949,1
0.9,0,0,0.9,0.0287995,1.9,950,1
0.902,0,0,0.902,0.0247266,1.902,951,1
0.904,0,0,0.904,0.0206539,1.904,952,1
0.906,0,0,0.906,0.016581,1.906,953,1
0.908,0,0,0.908,0.0125083,1.908,954,1
0.91,0,0,0.91,0.00843545,1.91,955,1
0.912,0,0,0.912,0.00436272,1.912,956,1
0.914,0,0,0.914,0.000289985,1.914,957,1
0.916,0,0,0.916,-0.00378287,1.916,958,1
0.918,0,0,0.918,-0.0078556,1.918,959,1
0.92,0,0,0.92,-0.0119285,1.92,960,1
0.922,0,0,0.922,-0.0160012,1.922,961,1
0.924,0,0,0.924,-0.020074,1.924,962,1
0.926,0,0,0.926,-0.0241468,1.926,963,1
0.928,0,0,0.928,-0.0282195,1.928,964,1
0.93,0,0,0.93,-0.0322924,1.93,965,1
0.932,0,0,0.932,-0.0363651,1.932,966,1
0.934,0,0,0.934,-0.0407671,1.934,967,1
0.936,0,0,0.936,-0.0458274,1.936,968,1
0.938,0,0,0.938,-0.0508877,1.938,969,1
0.94,0,0,0.94,-0.055948,1.94,970,1
0.942,0,0,0.942,-0.0610082,1.942,971,1
0.944,0,0,0.944,-0.0660686,1.944,972,1
0.946,0,0,0.946,-0.0711288,1.946,973,1
0.948,0,0,0.948,-0.0761892,1.948,974,1
0.95,0,0,0.95,-0.0812494,1.95,975,1
0.952,0,0,0.952,-0.0863098,1.952,976,1
0.954,0,0,0.954,-0.0913701,1.954,977,1
0.956,0,0,0.956,-0.0964303,1.956,978,1
0.958,0,0,0.958,-0.101491,1.958,979,1
0.96,0,0,0.96,-0.106551,1.96,980,1
0.962,0,0,0.962,-0.111611,1.962,981,1
0.964,0,0,0.964,-0.116672,1.964,982,1
0.966,0,0,0.966,-0.121732,1.966,983,1
0.968,0,0,0.968,-0.126792,1.968,984,1
0.97,0,0,0.97,-0.131853,1.97,985,1
0.972,0,0,0.972,-0.136913,1.972,986,1
0.974,0,0,0.974,-0.141973,1.974,987,1
0.976,0,0,0.976,-0.147033,1.976,988,1
0.978,0,0,0.978,-0.152094,1.978,989,1
0.98,0,0,0.98,-0.157154,1.98,990,1
0.982,0,0,0.982,-0.162214,1.982,991,1
0.984,0,0,0.984,-0.167275,1.984,992,1
0.986,0,0,0.986,-0.172335,1.986,993,1
0.988,0,0,0.988,-0.177395,1.988,994,1
0.99,0,0,0.99,-0.182455,1.99,995,1
0.992,0,0,0.992,-0.187516,1.992,996,1
0.994,0,0,0.994,-0.192576,1.994,997,1
0.996,0,0,0.996,-0.197636,1.996,998,1
0.998,0,0,0.998,-0.202697,1.998,999,1
1,0,0,1,-0.207757,2,1000,1
