Time,Dissipation Rate Incompressible,Dissipation Rate Compressible,Ekin incomp,Ekin comp,Enstrophy comp,DR_u,DR_S,DR_Sd,DR_p,Maximum Vorticity,Mean Temperature,uprime,Mean Entropy,ED_S,ED_D
0.00000000000000E+00000, 0.46875000000010E-00003, 0.46875000000011E-00003, 0.12500000000000E+00000, 0.12500000000000E+00000, 0.37500000000004E+00000, 0.46875000000007E-00003, 0.46875000000010E-00003, 0.46875000000008E-00003, 0.26250946433793E-00016, 0.20000002321630E+00001, 0.10000000200000E+00001, 0.28867513459481E+00000, -.10671740566753E+00002, 0.46875000000005E-00003, 0.31454044892628E-00016
0.23897611336872E-00001, 0.46873589249634E-00003, 0.46852847828655E-00003, 0.12498880179361E+00000, 0.12498880009496E+00000, 0.37498866922380E+00000, 0.46873586271997E-00003, 0.46873589249634E-00003, 0.46873587383035E-00003, -.20739554379310E-00006, 0.19996274224966E+00001, 0.10000000827459E+00001, 0.28866220373025E+00000, -.10671740724461E+00002, 0.46873583294361E-00003, 0.37331984761800E-00010
0.47792653669422E-00001, 0.46877794116050E-00003, 0.46782337430202E-00003, 0.12497764428523E+00000, 0.12497761895922E+00000, 0.37502188848764E+00000, 0.46877762069963E-00003, 0.46877794116050E-00003, 0.46877772888017E-00003, -.95435457814628E-00006, 0.19986837117780E+00001, 0.10000001456827E+00001, 0.28864931928464E+00000, -.10671740882158E+00002, 0.46877730023876E-00003, 0.42456066083886E-00009
0.71684111956163E-00001, 0.46887648952627E-00003, 0.46846153076228E-00003, 0.12496656929181E+00000, 0.12496645897145E+00000, 0.37509999563192E+00000, 0.46887560545244E-00003, 0.46887648952627E-00003, 0.46887590012634E-00003, -.41436936405556E-00006, 0.19971719290906E+00001, 0.10000002090858E+00001, 0.28863652955671E+00000, -.10671741039854E+00002, 0.46887472137861E-00003, 0.11787998757513E-00008
0.95571423827923E-00001, 0.46903049836153E-00003, 0.47099277858275E-00003, 0.12495556401120E+00000, 0.12495528470258E+00000, 0.37522313621269E+00000, 0.46902935610513E-00003, 0.46903049836153E-00003, 0.46902973455748E-00003, 0.19630440252707E-00005, 0.19950953761154E+00001, 0.10000002730043E+00001, 0.28862381977377E+00000, -.10671741197567E+00002, 0.46902821384874E-00003, 0.15276080977342E-00008
0.11945506103562E+00000, 0.46923935534888E-00003, 0.47268957299726E-00003, 0.12494459112586E+00000, 0.12494408314897E+00000, 0.37539127433487E+00000, 0.46923856939951E-00003, 0.46923935534888E-00003, 0.46923882608035E-00003, 0.34507469169048E-00005, 0.19924584996942E+00001, 0.10000003372449E+00001, 0.28861114684625E+00000, -.10671741355316E+00002, 0.46923778345014E-00003, 0.10585370491279E-00008
0.14333547089952E+00000, 0.46950383095726E-00003, 0.47142952155609E-00003, 0.12493363021207E+00000, 0.12493290123732E+00000, 0.37560419649135E+00000, 0.46950357062646E-00003, 0.46950383095726E-00003, 0.46950364967487E-00003, 0.19258718812218E-00005, 0.19892652139784E+00001, 0.10000004015752E+00001, 0.28859848718946E+00000, -.10671741513123E+00002, 0.46950331029565E-00003, 0.36256478982631E-00009
0.16721277591637E+00000, 0.46982473625569E-00003, 0.46837519096361E-00003, 0.12492266362422E+00000, 0.12492179050706E+00000, 0.37586171772118E+00000, 0.46982470902703E-00003, 0.46982473625569E-00003, 0.46982470627058E-00003, -.14495153069707E-00005, 0.19855182887297E+00001, 0.10000004659149E+00001, 0.28858582042346E+00000, -.10671741671009E+00002, 0.46982468179836E-00003, 0.59970221203665E-00010
0.19108680958102E+00000, 0.47020200757014E-00003, 0.46529386187233E-00003, 0.12491168003786E+00000, 0.12491075766662E+00000, 0.37616394696930E+00000, 0.47020199308288E-00003, 0.47020200757014E-00003, 0.47020197582369E-00003, -.49081139513571E-00005, 0.19812190506433E+00001, 0.10000005304859E+00001, 0.28857313346632E+00000, -.10671741828993E+00002, 0.47020197859562E-00003, 0.63492910214867E-00010
0.21495731756877E+00000, 0.47063566809008E-00003, 0.46229441206130E-00003, 0.12490072534191E+00000, 0.12489979001817E+00000, 0.37651139082183E+00000, 0.47063561990095E-00003, 0.47063566809008E-00003, 0.47063559574832E-00003, -.83411836870274E-00005, 0.19763698340334E+00001, 0.10000005958435E+00001, 0.28856047932443E+00000, -.10671741987092E+00002, 0.47063557171181E-00003, 0.14468352003995E-00009
0.23882416280374E+00000, 0.47112656408968E-00003, 0.45983396368214E-00003, 0.12488990198795E+00000, 0.12488888183234E+00000, 0.37690474373108E+00000, 0.47112628905169E-00003, 0.47112656408968E-00003, 0.47112631735498E-00003, -.11292353672839E-00004, 0.19709778988170E+00001, 0.10000006625820E+00001, 0.28854797635512E+00000, -.10671742145324E+00002, 0.47112601401370E-00003, 0.49346940430990E-00009
0.26268741882016E+00000, 0.47167520265233E-00003, 0.46009870891633E-00003, 0.12487926816026E+00000, 0.12487800112958E+00000, 0.37734445990662E+00000, 0.47167448436611E-00003, 0.47167520265233E-00003, 0.47167463640903E-00003, -.11575927492704E-00004, 0.19650566257946E+00001, 0.10000007308009E+00001, 0.28853569179595E+00000, -.10671742303707E+00002, 0.47167376607988E-00003, 0.11324865997003E-00008
0.28654733744334E+00000, 0.47228077121390E-00003, 0.46369748416000E-00003, 0.12486875962522E+00000, 0.12486707434258E+00000, 0.37783043356669E+00000, 0.47227986707545E-00003, 0.47228077121390E-00003, 0.47228005381075E-00003, -.85825696507499E-00005, 0.19586221091484E+00001, 0.10000007998385E+00001, 0.28852355146530E+00000, -.10671742462263E+00002, 0.47227896293701E-00003, 0.14348063019090E-00008
0.31040424384019E+00000, 0.47294250183709E-00003, 0.46754343845887E-00003, 0.12485824343144E+00000, 0.12485605160710E+00000, 0.37836207921451E+00000, 0.47294195865819E-00003, 0.47294250183709E-00003, 0.47294198790475E-00003, -.53985494458777E-00005, 0.19516851714510E+00001, 0.10000008686134E+00001, 0.28851140177521E+00000, -.10671742621011E+00002, 0.47294141547929E-00003, 0.10278646876163E-00008
0.33425841920766E+00000, 0.47366093942489E-00003, 0.46855718406591E-00003, 0.12484761715959E+00000, 0.12484495564978E+00000, 0.37893882741892E+00000, 0.47366091367859E-00003, 0.47366093942489E-00003, 0.47366071989265E-00003, -.51035358267404E-00005, 0.19442460838498E+00001, 0.10000009362702E+00001, 0.28849912438872E+00000, -.10671742779973E+00002, 0.47366088793228E-00003, 0.43906448592313E-00009
0.35811001070459E+00000, 0.47443691648422E-00003, 0.46664498913085E-00003, 0.12483684409549E+00000, 0.12483383860097E+00000, 0.37956069608458E+00000, 0.47443718773797E-00003, 0.47443691648422E-00003, 0.47443683405042E-00003, -.77918449195732E-00005, 0.19362982227777E+00001, 0.10000010026506E+00001, 0.28848667686797E+00000, -.10671742939172E+00002, 0.47443745899171E-00003, 0.16486759865930E-00009
0.38195899325337E+00000, 0.47527082184750E-00003, 0.46252496427840E-00003, 0.12482596197173E+00000, 0.12482273728860E+00000, 0.38022849993671E+00000, 0.47527125880790E-00003, 0.47527082184750E-00003, 0.47527078286855E-00003, -.12745818590149E-00004, 0.19278403253895E+00001, 0.10000010684591E+00001, 0.28847410279114E+00000, -.10671743098627E+00002, 0.47527169576829E-00003, 0.77957901568905E-00010
0.40580520244186E+00000, 0.47616346308151E-00003, 0.45642149363652E-00003, 0.12481508975018E+00000, 0.12481168518683E+00000, 0.38094351332753E+00000, 0.47616398301658E-00003, 0.47616346308151E-00003, 0.47616340486673E-00003, -.19741911230219E-00004, 0.19188874489896E+00001, 0.10000011350531E+00001, 0.28846153960876E+00000, -.10671743258359E+00002, 0.47616450295164E-00003, 0.11642955609164E-00009
0.42964844220959E+00000, 0.47711604079964E-00003, 0.44989656399315E-00003, 0.12480436635515E+00000, 0.12480070745378E+00000, 0.38170681593661E+00000, 0.47711639891651E-00003, 0.47711604079964E-00003, 0.47711578790891E-00003, -.27219223915756E-00004, 0.19094689560796E+00001, 0.10000012037546E+00001, 0.28844914786394E+00000, -.10671743418385E+00002, 0.47711675703339E-00003, 0.50578146125151E-00009
0.45348863027867E+00000, 0.47812893401156E-00003, 0.44556022138899E-00003, 0.12479384220564E+00000, 0.12478977982540E+00000, 0.38251879979352E+00000, 0.47812896943217E-00003, 0.47812893401156E-00003, 0.47812836512918E-00003, -.32568143740184E-00004, 0.18996139811378E+00001, 0.10000012749848E+00001, 0.28843698584571E+00000, -.10671743578722E+00002, 0.47812900485277E-00003, 0.11377647742048E-00008
0.47732568535453E+00000, 0.47920149100830E-00003, 0.44396979617214E-00003, 0.12478344392668E+00000, 0.12477883000194E+00000, 0.38337917223239E+00000, 0.47920145796890E-00003, 0.47920149100830E-00003, 0.47920076551365E-00003, -.35230969341509E-00004, 0.18893372288176E+00001, 0.10000013478829E+00001, 0.28842496878354E+00000, -.10671743739389E+00002, 0.47920142492950E-00003, 0.14509892868799E-00008
0.50000000000000E+00000, 0.48028164114724E-00003, 0.44262201354333E-00003, 0.12477355614573E+00000, 0.12476834122712E+00000, 0.38424599496781E+00000, 0.48028201012000E-00003, 0.48028164114724E-00003, 0.48028107360430E-00003, -.37659060060974E-00004, 0.18791228164111E+00001, 0.10000014172538E+00001, 0.28841354122825E+00000, -.10671743892562E+00002, 0.48028237909276E-00003, 0.11350858811092E-00008
0.52383156490604E+00000, 0.48146564105556E-00003, 0.43857761104030E-00003, 0.12476308809853E+00000, 0.12475725051983E+00000, 0.38519582004173E+00000, 0.48146665408478E-00003, 0.48146564105556E-00003, 0.48146538623585E-00003, -.42887775195552E-00004, 0.18680624715627E+00001, 0.10000014887770E+00001, 0.28840144255133E+00000, -.10671744053934E+00002, 0.48146766711400E-00003, 0.50963942662933E-00009
0.54766070801421E+00000, 0.48271570142347E-00003, 0.43136548816771E-00003, 0.12475252266362E+00000, 0.12474614461833E+00000, 0.38619771116965E+00000, 0.48271717655953E-00003, 0.48271570142347E-00003, 0.48271563366430E-00003, -.51350145496589E-00004, 0.18565318630521E+00001, 0.10000015585056E+00001, 0.28838923080173E+00000, -.10671744215703E+00002, 0.48271865169559E-00003, 0.13551833782906E-00009
0.57148736462464E+00000, 0.48402775096635E-00003, 0.42213976379275E-00003, 0.12474187796106E+00000, 0.12473506626658E+00000, 0.38724875478542E+00000, 0.48402946542729E-00003, 0.48402775096635E-00003, 0.48402771521681E-00003, -.61887951424051E-00004, 0.18445907285849E+00001, 0.10000016274525E+00001, 0.28837692690997E+00000, -.10671744377890E+00002, 0.48403117988823E-00003, 0.71499080370902E-00010
0.59531124790669E+00000, 0.48540230930229E-00003, 0.41170755102568E-00003, 0.12473121068904E+00000, 0.12472403877350E+00000, 0.38835001052234E+00000, 0.48540414939158E-00003, 0.48540230930229E-00003, 0.48540222484428E-00003, -.73694673818604E-00004, 0.18322606666151E+00001, 0.10000016974918E+00001, 0.28836459640421E+00000, -.10671744540517E+00002, 0.48540598948088E-00003, 0.16891601001236E-00009
0.61913206235373E+00000, 0.48684034751501E-00003, 0.40185753875360E-00003, 0.12472059926114E+00000, 0.12471306557406E+00000, 0.38950228742984E+00000, 0.48684206185656E-00003, 0.48684034751501E-00003, 0.48684004925215E-00003, -.84982510498546E-00004, 0.18195653120509E+00001, 0.10000017701867E+00001, 0.28835232992659E+00000, -.10671744703601E+00002, 0.48684377619812E-00003, 0.59652572204371E-00009
0.64294972650012E+00000, 0.48834236857949E-00003, 0.39577412478891E-00003, 0.12471007249234E+00000, 0.12470209508140E+00000, 0.39070597623971E+00000, 0.48834376652514E-00003, 0.48834236857949E-00003, 0.48834174124495E-00003, -.92567616456043E-00004, 0.18065268173214E+00001, 0.10000018456511E+00001, 0.28834016079664E+00000, -.10671744867159E+00002, 0.48834516447080E-00003, 0.12546690717712E-00008
0.66676444670599E+00000, 0.48990794089676E-00003, 0.39408025330648E-00003, 0.12469957509956E+00000, 0.12469102764652E+00000, 0.39196110523672E+00000, 0.48990932886387E-00003, 0.48990794089676E-00003, 0.48990720654538E-00003, -.95826953238906E-00004, 0.17931627795096E+00001, 0.10000019223623E+00001, 0.28832802511440E+00000, -.10671745031212E+00002, 0.48991071683098E-00003, 0.14687027621809E-00008
0.69057658975709E+00000, 0.49153723500666E-00003, 0.39329196753814E-00003, 0.12468902932586E+00000, 0.12467980151070E+00000, 0.39326757243175E+00000, 0.49153909473865E-00003, 0.49153723500666E-00003, 0.49153673445880E-00003, -.98244766920663E-00004, 0.17794825939504E+00001, 0.10000019981668E+00001, 0.28831583298628E+00000, -.10671745195785E+00002, 0.49154095447065E-00003, 0.10010957250358E-00008
0.71438644803096E+00000, 0.49323165744356E-00003, 0.39012036491508E-00003, 0.12467839473981E+00000, 0.12466844219678E+00000, 0.39462547385714E+00000, 0.49323403193058E-00003, 0.49323165744356E-00003, 0.49323144178465E-00003, -.10311107686957E-00003, 0.17654871691135E+00001, 0.10000020716675E+00001, 0.28830353765873E+00000, -.10671745360903E+00002, 0.49323640641760E-00003, 0.43131783031920E-00009
0.73819406733136E+00000, 0.49499249093007E-00003, 0.38424246128728E-00003, 0.12466766682714E+00000, 0.12465701928945E+00000, 0.39603539074901E+00000, 0.49499509444290E-00003, 0.49499249093007E-00003, 0.49499239891207E-00003, -.11074993762479E-00003, 0.17511769073956E+00001, 0.10000021430389E+00001, 0.28829113389898E+00000, -.10671745526592E+00002, 0.49499769795572E-00003, 0.18403601559133E-00009
0.76199925295986E+00000, 0.49682038246486E-00003, 0.37648597703191E-00003, 0.12465687809309E+00000, 0.12464560181594E+00000, 0.39749844758066E+00000, 0.49682300246664E-00003, 0.49682038246486E-00003, 0.49682030956757E-00003, -.12033433253566E-00003, 0.17365641252249E+00001, 0.10000022139271E+00001, 0.28827865927847E+00000, -.10671745692874E+00002, 0.49682562246842E-00003, 0.14579459596131E-00009
0.78580172760644E+00000, 0.49871620853369E-00003, 0.36789375446103E-00003, 0.12464610850859E+00000, 0.12463425262021E+00000, 0.39901602974981E+00000, 0.49871865943492E-00003, 0.49871620853369E-00003, 0.49871607337963E-00003, -.13082231891860E-00003, 0.17216775488945E+00001, 0.10000022865637E+00001, 0.28826620626149E+00000, -.10671745859772E+00002, 0.49872111033616E-00003, 0.27030812145982E-00009
0.80960130806041E+00000, 0.50068114600434E-00003, 0.36116408539858E-00003, 0.12463543644586E+00000, 0.12462300468196E+00000, 0.40058927636197E+00000, 0.50068311313192E-00003, 0.50068114600434E-00003, 0.50068078530894E-00003, -.13951669991036E-00003, 0.17065517372720E+00001, 0.10000023625031E+00001, 0.28825386547955E+00000, -.10671746027304E+00002, 0.50068508025951E-00003, 0.72139080117861E-00009
0.83339798396724E+00000, 0.50271569187817E-00003, 0.36013981569617E-00003, 0.12462485136328E+00000, 0.12461181814822E+00000, 0.40221867560401E+00000, 0.50271698504121E-00003, 0.50271569187817E-00003, 0.50271503304197E-00003, -.14257521734580E-00003, 0.16912098235278E+00001, 0.10000024416890E+00001, 0.28824162475636E+00000, -.10671746195491E+00002, 0.50271827820425E-00003, 0.13176723936204E-00008
0.85719188378043E+00000, 0.50481951990837E-00003, 0.36630398304154E-00003, 0.12461424273051E+00000, 0.12460059324413E+00000, 0.40390407428070E+00000, 0.50482038421799E-00003, 0.50481951990837E-00003, 0.50481879128634E-00003, -.13851480824480E-00003, 0.16756555761977E+00001, 0.10000025224842E+00001, 0.28822935627785E+00000, -.10671746364355E+00002, 0.50482124852762E-00003, 0.14572440543161E-00008
0.88098318916838E+00000, 0.50699290080644E-00003, 0.37749473697742E-00003, 0.12460349660270E+00000, 0.12458924881949E+00000, 0.40564513772600E+00000, 0.50699369207385E-00003, 0.50699290080644E-00003, 0.50699241295157E-00003, -.12949767597415E-00003, 0.16598818718262E+00001, 0.10000026026531E+00001, 0.28821692825913E+00000, -.10671746533921E+00002, 0.50699448334127E-00003, 0.97570972318541E-00009
0.90477205285931E+00000, 0.50923739971504E-00003, 0.39145215157553E-00003, 0.12459258206600E+00000, 0.12457776516121E+00000, 0.40744197099698E+00000, 0.50923802350372E-00003, 0.50923739971504E-00003, 0.50923716676431E-00003, -.11778501518878E-00003, 0.16438880206238E+00001, 0.10000026805872E+00001, 0.28820430492505E+00000, -.10671746704216E+00002, 0.50923864729240E-00003, 0.46590146812267E-00009
0.92855853287401E+00000, 0.51155453441134E-00003, 0.40800542925013E-00003, 0.12458154467077E+00000, 0.12456614953578E+00000, 0.40929548829681E+00000, 0.51155462080779E-00003, 0.51155453441134E-00003, 0.51155439022520E-00003, -.10354896097507E-00003, 0.16276916153136E+00001, 0.10000027560691E+00001, 0.28819153893521E+00000, -.10671746875268E+00002, 0.51155470720424E-00003, 0.28837227964492E-00009
0.95234254776117E+00000, 0.51394517053806E-00003, 0.42676525196735E-00003, 0.12457047228944E+00000, 0.12455442065329E+00000, 0.41120727469979E+00000, 0.51394451466096E-00003, 0.51394517053806E-00003, 0.51394506532964E-00003, -.87179813362290E-00004, 0.16113252366967E+00001, 0.10000028303791E+00001, 0.28817873191181E+00000, -.10671747047102E+00002, 0.51394385878387E-00003, 0.21041685527031E-00009
0.97612388238232E+00000, 0.51641055574365E-00003, 0.44681349776033E-00003, 0.12455946710109E+00000, 0.12454263764105E+00000, 0.41317900563594E+00000, 0.51640891928628E-00003, 0.51641055574365E-00003, 0.51641042230082E-00003, -.69596924540494E-00004, 0.15948202401442E+00001, 0.10000029057269E+00001, 0.28816600204407E+00000, -.10671747219743E+00002, 0.51640728282892E-00003, 0.26688564879063E-00009
0.99990227304355E+00000, 0.51895203305335E-00003, 0.46956969275358E-00003, 0.12454856929208E+00000, 0.12453087456674E+00000, 0.41521178037212E+00000, 0.51894896192456E-00003, 0.51895203305335E-00003, 0.51895165777417E-00003, -.49381965020583E-00004, 0.15781910010037E+00001, 0.10000029840499E+00001, 0.28815339582946E+00000, -.10671747393213E+00002, 0.51894589079576E-00003, 0.75055837946643E-00009
0.10000000000000E+00001, 0.51897338647179E-00003, 0.46977756635986E-00003, 0.12454852463811E+00000, 0.12453082630988E+00000, 0.41522884888207E+00000, 0.51897030182791E-00003, 0.51897338647179E-00003, 0.51897300847508E-00003, -.49195442115222E-00004, 0.15780527078459E+00001, 0.10000029843793E+00001, 0.28815334417414E+00000, -.10671747393928E+00002, 0.51896721718403E-00003, 0.75599341520748E-00009
0.10213978754634E+00001, 0.52131542926368E-00003, 0.49518167835951E-00003, 0.12453873334576E+00000, 0.12452027080974E+00000, 0.41710237120869E+00000, 0.52131084832057E-00003, 0.52131542926368E-00003, 0.52131476470444E-00003, -.26133086344938E-00004, 0.15630463995760E+00001, 0.10000030578045E+00001, 0.28814201746796E+00000, -.10671747550780E+00002, 0.52130626737746E-00003, 0.13291184778370E-00008
0.10451703427582E+00001, 0.52400155159974E-00003, 0.53068066801152E-00003, 0.12452771284058E+00000, 0.12450852846907E+00000, 0.41925147390099E+00000, 0.52399551893145E-00003, 0.52400155159974E-00003, 0.52400079129937E-00003, 0.66798767121534E-00005, 0.15461669563081E+00001, 0.10000031413138E+00001, 0.28812926825828E+00000, -.10671747725889E+00002, 0.52398948626317E-00003, 0.15206007338212E-00008
0.10689398946251E+00001, 0.52676378224794E-00003, 0.57322451204332E-00003, 0.12451642885748E+00000, 0.12449670652936E+00000, 0.42146124684232E+00000, 0.52675661813254E-00003, 0.52676378224794E-00003, 0.52676323404954E-00003, 0.46461277993780E-00004, 0.15291571758523E+00001, 0.10000032243942E+00001, 0.28811621365632E+00000, -.10671747901894E+00002, 0.52674945401714E-00003, 0.10963967949505E-00008
0.10927067834348E+00001, 0.52960396252276E-00003, 0.62195056810669E-00003, 0.12450490336987E+00000, 0.12448476507427E+00000, 0.42373223223541E+00000, 0.52959560151643E-00003, 0.52960396252276E-00003, 0.52960369168442E-00003, 0.92346876422273E-00004, 0.15120383625580E+00001, 0.10000033049504E+00001, 0.28810287904367E+00000, -.10671748078827E+00002, 0.52958724051010E-00003, 0.54167667765273E-00009
0.11164711361263E+00001, 0.53252420490940E-00003, 0.67610147790670E-00003, 0.12449327327821E+00000, 0.12447269277371E+00000, 0.42606597396148E+00000, 0.53251427594317E-00003, 0.53252420490940E-00003, 0.53252407260005E-00003, 0.14357740530664E-00003, 0.14948373010575E+00001, 0.10000033827551E+00001, 0.28808942278190E+00000, -.10671748256719E+00002, 0.53250434697695E-00003, 0.26461868520338E-00009
0.11402328362851E+00001, 0.53552592566790E-00003, 0.73354738838911E-00003, 0.12448170333381E+00000, 0.12446051072776E+00000, 0.42846451801922E+00000, 0.53551414139300E-00003, 0.53552592566790E-00003, 0.53552582606570E-00003, 0.19802156232341E-00003, 0.14775718074982E+00001, 0.10000034597705E+00001, 0.28807603548810E+00000, -.10671748435600E+00002, 0.53550235711810E-00003, 0.19920439816639E-00009
0.11639915644068E+00001, 0.53861023893294E-00003, 0.79174064846578E-00003, 0.12447030701950E+00000, 0.12444828541250E+00000, 0.43092954225124E+00000, 0.53859637109818E-00003, 0.53861023893294E-00003, 0.53861007381944E-00003, 0.25313057464635E-00003, 0.14602471460671E+00001, 0.10000035389776E+00001, 0.28806284848912E+00000, -.10671748615495E+00002, 0.53858250326341E-00003, 0.33022701519767E-00009
0.11877469790735E+00001, 0.54177807808316E-00003, 0.85167662903149E-00003, 0.12445907235300E+00000, 0.12443608716065E+00000, 0.43346172903451E+00000, 0.54176177331031E-00003, 0.54177807808316E-00003, 0.54177764891801E-00003, 0.30989898011348E-00003, 0.14428640381351E+00001, 0.10000036223166E+00001, 0.28804984794649E+00000, -.10671748796425E+00002, 0.54174546853746E-00003, 0.85833029367460E-00009
0.12114988056150E+00001, 0.54502934086597E-00003, 0.91775638480487E-00003, 0.12444782744807E+00000, 0.12442390957886E+00000, 0.43606082645074E+00000, 0.54501045704956E-00003, 0.54502934086597E-00003, 0.54502859821255E-00003, 0.37272778659232E-00003, 0.14254272299260E+00001, 0.10000037092064E+00001, 0.28803683496858E+00000, -.10671748978414E+00002, 0.54499157323315E-00003, 0.14853068371449E-00008
0.12352468527746E+00001, 0.54836351390570E-00003, 0.99239060448100E-00003, 0.12443633468129E+00000, 0.12441166883522E+00000, 0.43872636629081E+00000, 0.54834237335755E-00003, 0.54836351390570E-00003, 0.54836273552403E-00003, 0.44402786895697E-00003, 0.14079457398911E+00001, 0.10000037969145E+00001, 0.28802353454917E+00000, -.10671749161486E+00002, 0.54832123280940E-00003, 0.15567633299331E-00008
0.12589913135620E+00001, 0.55178155864672E-00003, 0.10738303774220E-00002, 0.12442446130104E+00000, 0.12439928695276E+00000, 0.44145855892147E+00000, 0.55175848330049E-00003, 0.55178155864672E-00003, 0.55178102224015E-00003, 0.52204935518181E-00003, 0.13908145850027E+00001, 0.10000038825200E+00001, 0.28800979300601E+00000, -.10671749345672E+00002, 0.55173540795426E-00003, 0.10728131480644E-00008
0.12827323394012E+00001, 0.55528570656750E-00003, 0.11588866081543E-00002, 0.12441225604397E+00000, 0.12438673722376E+00000, 0.44425863456940E+00000, 0.55526065647408E-00003, 0.55528570656750E-00003, 0.55528542138934E-00003, 0.60360118676493E-00003, 0.13742580363732E+00001, 0.10000039648552E+00001, 0.28799566668496E+00000, -.10671749531008E+00002, 0.55523560638066E-00003, 0.57035630289001E-00009
0.13064698865682E+00001, 0.55887793660509E-00003, 0.12446529120496E-00002, 0.12439989269655E+00000, 0.12437402830290E+00000, 0.44712850298880E+00000, 0.55885074080235E-00003, 0.55887793660509E-00003, 0.55887778531364E-00003, 0.68577512673597E-00003, 0.13577637484288E+00001, 0.10000040450774E+00001, 0.28798135668424E+00000, -.10671749717525E+00002, 0.55882354499961E-00003, 0.30258288886657E-00009
0.13302037236575E+00001, 0.56255964642275E-00003, 0.13289026470016E-00002, 0.12438756802304E+00000, 0.12436119153419E+00000, 0.45007001974306E+00000, 0.56253018165108E-00003, 0.56255964642275E-00003, 0.56255951432518E-00003, 0.76634313267640E-00003, 0.13442926476978E+00001, 0.10000041257141E+00001, 0.28796709073902E+00000, -.10671749905255E+00002, 0.56250071687940E-00003, 0.26419514368918E-00009
0.13539335574894E+00001, 0.56633191137877E-00003, 0.14111650029848E-00002, 0.12437540213590E+00000, 0.12434827194048E+00000, 0.45308440021964E+00000, 0.56630004121423E-00003, 0.56633191137877E-00003, 0.56633166301587E-00003, 0.84483333996890E-00003, 0.13324877038703E+00001, 0.10000042089857E+00001, 0.28795300789758E+00000, -.10671750094224E+00002, 0.56626817104968E-00003, 0.49672578561123E-00009
0.13776591622316E+00001, 0.57019534726690E-00003, 0.14926184981688E-00002, 0.12436336894117E+00000, 0.12433530251477E+00000, 0.45617211846753E+00000, 0.57016097835702E-00003, 0.57019534726690E-00003, 0.57019487125862E-00003, 0.92242362691015E-00003, 0.13239844777685E+00001, 0.10000042955396E+00001, 0.28793907797909E+00000, -.10671750284459E+00002, 0.57012660944715E-00003, 0.95201654942549E-00009
0.14013804238742E+00001, 0.57415019407040E-00003, 0.15742830089661E-00002, 0.12435130648453E+00000, 0.12432228681168E+00000, 0.45933323993504E+00000, 0.57411343194905E-00003, 0.57415019407040E-00003, 0.57414950295760E-00003, 0.10001335060085E-00002, 0.13239889965850E+00001, 0.10000043843301E+00001, 0.28792511350989E+00000, -.10671750475990E+00002, 0.57407666982769E-00003, 0.13822256079628E-00008
0.14250973075085E+00001, 0.57819680907157E-00003, 0.16556672390667E-00002, 0.12433901481970E+00000, 0.12430920915142E+00000, 0.46256791451491E+00000, 0.57815800252356E-00003, 0.57819680907157E-00003, 0.57819606287097E-00003, 0.10774711761957E-00002, 0.13408435457922E+00001, 0.10000044735127E+00001, 0.28791088299414E+00000, -.10671750668848E+00002, 0.57811919597556E-00003, 0.14924011972083E-00008
0.14488098129851E+00001, 0.58233623399088E-00003, 0.17351056443417E-00002, 0.12432638068596E+00000, 0.12429605682469E+00000, 0.46587678395407E+00000, 0.58229580904901E-00003, 0.58233623399088E-00003, 0.58233562688013E-00003, 0.11527700174616E-00002, 0.13592848704887E+00001, 0.10000045616087E+00001, 0.28789625525637E+00000, -.10671750863068E+00002, 0.58225538410715E-00003, 0.12142214999961E-00008
0.14725179568926E+00001, 0.58657033949418E-00003, 0.18113473138736E-00002, 0.12431344198580E+00000, 0.12428282463222E+00000, 0.46926115874753E+00000, 0.58652856061013E-00003, 0.58657033949418E-00003, 0.58656993834467E-00003, 0.12247773755290E-00002, 0.13776032234793E+00001, 0.10000046482204E+00001, 0.28788127412275E+00000, -.10671751058686E+00002, 0.58648678172607E-00003, 0.80229901298497E-00009
0.14962217571696E+00001, 0.59090119193507E-00003, 0.18841725693394E-00002, 0.12430034909933E+00000, 0.12426949679417E+00000, 0.47272286476360E+00000, 0.59085816000662E-00003, 0.59090119193507E-00003, 0.59090093093269E-00003, 0.12932716384067E-00002, 0.13957748706213E+00001, 0.10000047340402E+00001, 0.28786611367015E+00000, -.10671751255738E+00002, 0.59081512807817E-00003, 0.52200475248980E-00009
0.15000000000000E+00001, 0.59161895404792E-00003, 0.18957392379623E-00002, 0.12429825929068E+00000, 0.12426736131459E+00000, 0.47329661100731E+00000, 0.59157572465234E-00003, 0.59161895404792E-00003, 0.59161870648888E-00003, 0.13041205314734E-00002, 0.13987320489323E+00001, 0.10000047477305E+00001, 0.28786369377500E+00000, -.10671751287285E+00002, 0.59153249525677E-00003, 0.49511807134065E-00009
0.15189593320694E+00001, 0.59514874106618E-00003, 0.19503426829813E-00002, 0.12428779452312E+00000, 0.12425659090157E+00000, 0.47611846491742E+00000, 0.59510458582802E-00003, 0.59514874106618E-00003, 0.59514851860906E-00003, 0.13551941643722E-00002, 0.14130534974050E+00001, 0.10000048168171E+00001, 0.28785157578530E+00000, -.10671751446173E+00002, 0.59506043058986E-00003, 0.44491422748709E-00009
0.15426544242256E+00001, 0.59967355214372E-00003, 0.20138311729175E-00002, 0.12427479721744E+00000, 0.12424299064560E+00000, 0.47973649442728E+00000, 0.59962831393441E-00003, 0.59967355214372E-00003, 0.59967325430528E-00003, 0.14141579186123E-00002, 0.14308860827067E+00001, 0.10000049046906E+00001, 0.28783652445725E+00000, -.10671751646138E+00002, 0.59958307572510E-00003, 0.59567689090786E-00009
0.15663447296916E+00001, 0.60429863507282E-00003, 0.20697296225372E-00002, 0.12426184572642E+00000, 0.12422923773923E+00000, 0.48343532391743E+00000, 0.60425242682554E-00003, 0.60429863507282E-00003, 0.60429814900596E-00003, 0.14654314735312E-00002, 0.14485216340416E+00001, 0.10000049946351E+00001, 0.28782152540121E+00000, -.10671751847638E+00002, 0.60420621857827E-00003, 0.97213370348666E-00009
0.15900299341432E+00001, 0.60902431066357E-00003, 0.21167068306220E-00002, 0.12424878899769E+00000, 0.12421535111494E+00000, 0.48721484286971E+00000, 0.60897737584331E-00003, 0.60902431066357E-00003, 0.60902360686001E-00003, 0.15076832237620E-00002, 0.14659400607710E+00001, 0.10000050861157E+00001, 0.28780640367869E+00000, -.10671752050706E+00002, 0.60893044102306E-00003, 0.14076071168800E-00008
0.16137098424167E+00001, 0.61385116284117E-00003, 0.21546556072144E-00002, 0.12423546141919E+00000, 0.12420135373624E+00000, 0.49107527176011E+00000, 0.61380393586874E-00003, 0.61385116284117E-00003, 0.61385033554340E-00003, 0.15408052716710E-00002, 0.14831195020180E+00001, 0.10000051779208E+00001, 0.28779096745056E+00000, -.10671752255377E+00002, 0.61375670889631E-00003, 0.16545955309455E-00008
0.16373844844895E+00001, 0.61878059210087E-00003, 0.21842928353368E-00002, 0.12422178604140E+00000, 0.12418725470376E+00000, 0.49501785718864E+00000, 0.61873365826266E-00003, 0.61878059210087E-00003, 0.61877982724220E-00003, 0.15655130080946E-00002, 0.15000398021308E+00001, 0.10000052689221E+00001, 0.28777512753467E+00000, -.10671752461689E+00002, 0.61868672442445E-00003, 0.15297173412670E-00008
0.16610540638936E+00001, 0.62381493041194E-00003, 0.22060120182378E-00002, 0.12420781903235E+00000, 0.12417304332191E+00000, 0.49904480598090E+00000, 0.62376883615698E-00003, 0.62381493041194E-00003, 0.62381437369280E-00003, 0.15821976445450E-00002, 0.15166831860408E+00001, 0.10000053587980E+00001, 0.28775894892815E+00000, -.10671752669684E+00002, 0.62372274190201E-00003, 0.11134382789486E-00008
0.16847187685347E+00001, 0.62895684799039E-00003, 0.22193040729061E-00002, 0.12419370246199E+00000, 0.12415869530618E+00000, 0.50315846869945E+00000, 0.62891189631416E-00003, 0.62895684799039E-00003, 0.62895646839036E-00003, 0.15903476045157E-00002, 0.15330314019000E+00001, 0.10000054482146E+00001, 0.28774259615380E+00000, -.10671752879405E+00002, 0.62886694463793E-00003, 0.75920006829287E-00009
0.17083785842979E+00001, 0.63420823742170E-00003, 0.22225129353832E-00002, 0.12417956189007E+00000, 0.12414418673274E+00000, 0.50736043942955E+00000, 0.63416456059596E-00003, 0.63420823742170E-00003, 0.63420788184636E-00003, 0.15883050535368E-00002, 0.15490634225872E+00001, 0.10000055383566E+00001, 0.28772621464402E+00000, -.10671753090892E+00002, 0.63412088377022E-00003, 0.71115068823637E-00009
0.17320332566229E+00001, 0.63956997416434E-00003, 0.22129377166323E-00002, 0.12416543673948E+00000, 0.12412952089360E+00000, 0.51165131584675E+00000, 0.63952771433272E-00003, 0.63956997416434E-00003, 0.63956949556179E-00003, 0.15733682210706E-00002, 0.15647574821037E+00001, 0.10000056301964E+00001, 0.28770985006829E+00000, -.10671753304180E+00002, 0.63948545450109E-00003, 0.95720509013646E-00009
0.17556824268204E+00001, 0.64504269110821E-00003, 0.21886326431240E-00002, 0.12415128050359E+00000, 0.12411474225080E+00000, 0.51603127205080E+00000, 0.64500205749266E-00003, 0.64504269110821E-00003, 0.64504199060152E-00003, 0.15435906525225E-00002, 0.15800957555829E+00001, 0.10000057239792E+00001, 0.28769344854502E+00000, -.10671753519306E+00002, 0.64496142387710E-00003, 0.14010133814040E-00008
0.17793258342760E+00001, 0.65062736504079E-00003, 0.21503290445453E-00002, 0.12413699939347E+00000, 0.12409990510714E+00000, 0.52050089779307E+00000, 0.65058870645130E-00003, 0.65062736504079E-00003, 0.65062643989635E-00003, 0.14997026046489E-00002, 0.15950661460426E+00001, 0.10000058191662E+00001, 0.28767690139399E+00000, -.10671753736306E+00002, 0.65055004786180E-00003, 0.18502888879061E-00008
0.18029634392178E+00001, 0.65632560484660E-00003, 0.21011401580361E-00002, 0.12412250199105E+00000, 0.12408502308841E+00000, 0.52506160875000E+00000, 0.65628943877066E-00003, 0.65632560484660E-00003, 0.65632456728867E-00003, 0.14448155907475E-00002, 0.16096584463925E+00001, 0.10000059148318E+00001, 0.28766010265711E+00000, -.10671753955220E+00002, 0.65625327269473E-00003, 0.20751158540529E-00008
0.18265953991270E+00001, 0.66213962729467E-00003, 0.20445374978437E-00002, 0.12410774017827E+00000, 0.12407004542355E+00000, 0.52971540501724E+00000, 0.66210652284028E-00003, 0.66213962729467E-00003, 0.66213862904128E-00003, 0.13823988688024E-00002, 0.16361829491431E+00001, 0.10000060102586E+00001, 0.28764299652899E+00000, -.10671754176092E+00002, 0.66207341838589E-00003, 0.19965067768002E-00008
0.18502219394631E+00001, 0.66807177449184E-00003, 0.19816656827231E-00002, 0.12409272384105E+00000, 0.12405487938951E+00000, 0.53446431669540E+00000, 0.66804222568120E-00003, 0.66807177449184E-00003, 0.66807092584832E-00003, 0.13135947568748E-00002, 0.16659775569493E+00001, 0.10000061053372E+00001, 0.28762559441173E+00000, -.10671754398966E+00002, 0.66801267687056E-00003, 0.16972870376159E-00008
0.18738432106739E+00001, 0.67412424842598E-00003, 0.19099969493499E-00002, 0.12407750898135E+00000, 0.12403944931094E+00000, 0.53931001932769E+00000, 0.67409854451702E-00003, 0.67412424842598E-00003, 0.67412353254198E-00003, 0.12358734168079E-00002, 0.16956224335359E+00001, 0.10000062005261E+00001, 0.28760796115702E+00000, -.10671754623886E+00002, 0.67407284060805E-00003, 0.14317680190747E-00008
0.18974592069809E+00001, 0.68029899747894E-00003, 0.18251439751577E-00002, 0.12406215920610E+00000, 0.12402374524702E+00000, 0.54425381990586E+00000, 0.68027720141532E-00003, 0.68029899747894E-00003, 0.68029825505273E-00003, 0.11448457201049E-00002, 0.17250541672646E+00001, 0.10000062964292E+00001, 0.28759017044642E+00000, -.10671754850893E+00002, 0.68025540535170E-00003, 0.14848524173621E-00008
0.19210697762307E+00001, 0.68659749164875E-00003, 0.17237633048637E-00002, 0.12404670151246E+00000, 0.12400782634048E+00000, 0.54929686793146E+00000, 0.68657967788319E-00003, 0.68659749164875E-00003, 0.68659658112895E-00003, 0.10371667237348E-00002, 0.17542119155245E+00001, 0.10000063933476E+00001, 0.28757225354388E+00000, -.10671755080029E+00002, 0.68656186411762E-00003, 0.18210396049655E-00008
0.19446747068240E+00001, 0.69302112968078E-00003, 0.16055008624402E-00002, 0.12403111898510E+00000, 0.12399179161113E+00000, 0.55444034608908E+00000, 0.69300752124784E-00003, 0.69302112968078E-00003, 0.69302002254962E-00003, 0.91248083989062E-00003, 0.17830419498798E+00001, 0.10000064911742E+00001, 0.28755419081755E+00000, -.10671755311331E+00002, 0.69299391281490E-00003, 0.22142623161944E-00008
0.19682738484421E+00001, 0.69957176734644E-00003, 0.14740675659401E-00002, 0.12401537146709E+00000, 0.12397572522541E+00000, 0.55968554182529E+00000, 0.69956260768382E-00003, 0.69957176734644E-00003, 0.69957046472036E-00003, 0.77449710121977E-00003, 0.18114961434675E+00001, 0.10000065896123E+00001, 0.28753593568699E+00000, -.10671755544843E+00002, 0.69955344802121E-00003, 0.26052521462873E-00008
0.19918672094603E+00001, 0.70625134068633E-00003, 0.13356024349806E-00002, 0.12399940852915E+00000, 0.12395963080683E+00000, 0.56503386451518E+00000, 0.70624689459344E-00003, 0.70625134068633E-00003, 0.70624987382378E-00003, 0.62935256115684E-00003, 0.18395270316002E+00001, 0.10000066884252E+00001, 0.28751742965039E+00000, -.10671755780607E+00002, 0.70624244850055E-00003, 0.29337251032073E-00008
0.20000000000000E+00001, 0.70861270287699E-00003, 0.12865189564042E-00002, 0.12399384663400E+00000, 0.12395406094699E+00000, 0.56692459507967E+00000, 0.70860998626426E-00003, 0.70861270287699E-00003, 0.70861120402170E-00003, 0.57790775238250E-00003, 0.18491989049866E+00001, 0.10000067225651E+00001, 0.28751098139491E+00000, -.10671755862420E+00002, 0.70860726965154E-00003, 0.29977105751868E-00008
0.20141521858283E+00001, 0.71268198439219E-00003, 0.12020669547187E-00002, 0.12398409119533E+00000, 0.12394431854385E+00000, 0.57018290823378E+00000, 0.71268233475673E-00003, 0.71268198439219E-00003, 0.71268047286317E-00003, 0.48938648185556E-00003, 0.18655746899284E+00001, 0.10000067820879E+00001, 0.28749967095092E+00000, -.10671756005458E+00002, 0.71268268512127E-00003, 0.30230580361443E-00008
0.20377349513611E+00001, 0.71961762197567E-00003, 0.10573645988804E-00002, 0.12396762639796E+00000, 0.12392788082273E+00000, 0.57573644662072E+00000, 0.71962338524011E-00003, 0.71961762197567E-00003, 0.71961618017934E-00003, 0.33774841870110E-00003, 0.18926315845182E+00001, 0.10000068817445E+00001, 0.28748058067512E+00000, -.10671756245735E+00002, 0.71962914850456E-00003, 0.28835926502561E-00008
0.20613126994700E+00001, 0.72668837547319E-00003, 0.90547787392264E-00003, 0.12395095124349E+00000, 0.12391113176690E+00000, 0.58139822596868E+00000, 0.72669968362238E-00003, 0.72668837547319E-00003, 0.72668700173414E-00003, 0.17879087218850E-00003, 0.19191014930849E+00001, 0.10000069823143E+00001, 0.28746124520648E+00000, -.10671756488402E+00002, 0.72671099177156E-00003, 0.27474781017235E-00008
0.20848855919145E+00001, 0.73389673136305E-00003, 0.74240016418430E-00003, 0.12393414006028E+00000, 0.12389408330188E+00000, 0.58717012101503E+00000, 0.73391351359072E-00003, 0.73389673136305E-00003, 0.73389530953851E-00003, 0.85048546457840E-00005, 0.19449231031198E+00001, 0.10000070842121E+00001, 0.28744175069079E+00000, -.10671756733504E+00002, 0.73393029581839E-00003, 0.28436490767224E-00008
0.21084536259898E+00001, 0.74124477287586E-00003, 0.56647156444358E-00003, 0.12391724676538E+00000, 0.12387682639714E+00000, 0.59305375851974E+00000, 0.74126691181739E-00003, 0.74124477287586E-00003, 0.74124317562942E-00003, -.17477161118584E-00003, 0.19700361177701E+00001, 0.10000071876430E+00001, 0.28742215962515E+00000, -.10671756981087E+00002, 0.74128905075892E-00003, 0.31944929006603E-00008
0.21320166994706E+00001, 0.74873414548885E-00003, 0.37942928592238E-00003, 0.12390026730680E+00000, 0.12385947976940E+00000, 0.59905037862132E+00000, 0.74876159314387E-00003, 0.74873414548885E-00003, 0.74873231043289E-00003, -.36930302451051E-00003, 0.19943836301193E+00001, 0.10000072924007E+00001, 0.28740246729027E+00000, -.10671757231195E+00002, 0.74878904079889E-00003, 0.36701119275137E-00008
0.21555747395813E+00001, 0.75636642610486E-00003, 0.18607246754087E-00003, 0.12388312853640E+00000, 0.12384211963327E+00000, 0.60516096513957E+00000, 0.75639915786893E-00003, 0.75636642610486E-00003, 0.75636432457825E-00003, -.57029185703738E-00003, 0.20179138140621E+00001, 0.10000073978730E+00001, 0.28738258882124E+00000, -.10671757483872E+00002, 0.75643188963300E-00003, 0.42030532228285E-00008
0.21791278241055E+00001, 0.76414328853985E-00003, -.74271354030703E-00005, 0.12386570948874E+00000, 0.12382472017974E+00000, 0.61138664520436E+00000, 0.76418129314423E-00003, 0.76414328853985E-00003, 0.76414092038515E-00003, -.77156805578822E-00003, 0.20405801356966E+00001, 0.10000075033446E+00001, 0.28736238386254E+00000, -.10671757739166E+00002, 0.76421929774861E-00003, 0.47363093986904E-00008
0.22026762312091E+00001, 0.77206642806405E-00003, -.19713286329317E-00003, 0.12384790421539E+00000, 0.12380715346318E+00000, 0.61772907128315E+00000, 0.77210985688642E-00003, 0.77206642806405E-00003, 0.77206392440130E-00003, -.96919678769447E-00003, 0.20623395014928E+00001, 0.10000076084882E+00001, 0.28734172943888E+00000, -.10671757997130E+00002, 0.77215328570879E-00003, 0.50073255031945E-00008
0.22262203918109E+00001, 0.78013806588278E-00003, -.38404823673228E-00003, 0.12382970968764E+00000, 0.12378927275216E+00000, 0.62419041136239E+00000, 0.78018712450342E-00003, 0.78013806588278E-00003, 0.78013561818237E-00003, -.11641838549147E-00002, 0.20831489445477E+00001, 0.10000077137290E+00001, 0.28732062193960E+00000, -.10671758257817E+00002, 0.78023618312406E-00003, 0.48954008048426E-00008
0.22497607641947E+00001, 0.78836116351673E-00003, -.57210249094240E-00003, 0.12381125030962E+00000, 0.12377100640807E+00000, 0.63077287426280E+00000, 0.78841573586066E-00003, 0.78836116351673E-00003, 0.78835876957011E-00003, -.13604612605125E-00002, 0.21029627980715E+00001, 0.10000078200867E+00001, 0.28729920560236E+00000, -.10671758521282E+00002, 0.78847030820459E-00003, 0.47878932394562E-00008
0.22732976923144E+00001, 0.79673826408429E-00003, -.76422971511569E-00003, 0.12379268374703E+00000, 0.12375237785070E+00000, 0.63747814201999E+00000, 0.79679793082293E-00003, 0.79673826408429E-00003, 0.79673573462104E-00003, -.15609654497367E-00002, 0.21217324985205E+00001, 0.10000079284728E+00001, 0.28727766330043E+00000, -.10671758787580E+00002, 0.79685759756157E-00003, 0.50589264884168E-00008
0.22968313290404E+00001, 0.80527072063042E-00003, -.96109249004701E-00003, 0.12377407804661E+00000, 0.12373347539772E+00000, 0.64430720463140E+00000, 0.80533512625852E-00003, 0.80527072063042E-00003, 0.80526792249985E-00003, -.17663604125469E-00002, 0.21394097384001E+00001, 0.10000080390087E+00001, 0.28725607396725E+00000, -.10671759056762E+00002, 0.80539953188661E-00003, 0.55962611417385E-00008
0.23203616791620E+00001, 0.81395960436433E-00003, -.11611556932113E-00002, 0.12375537408779E+00000, 0.12371442053973E+00000, 0.65126074851561E+00000, 0.81402852395125E-00003, 0.81395960436433E-00003, 0.81395650978905E-00003, -.19751122030003E-00002, 0.21559514598059E+00001, 0.10000081509574E+00001, 0.28723436898322E+00000, -.10671759328881E+00002, 0.81409744353817E-00003, 0.61891505528924E-00008
0.23438887461526E+00001, 0.82280664276847E-00003, -.13603446586975E-00002, 0.12373643520812E+00000, 0.12369531836873E+00000, 0.65833977797569E+00000, 0.82287979388451E-00003, 0.82280664276847E-00003, 0.82280320917800E-00003, -.21831478678755E-00002, 0.21714621745962E+00001, 0.10000082633007E+00001, 0.28721238971432E+00000, -.10671759603992E+00002, 0.82295294500054E-00003, 0.68671809396652E-00008
0.23674126966412E+00001, 0.83181395701543E-00003, -.15530625150836E-00002, 0.12371713027555E+00000, 0.12367618877503E+00000, 0.66554596822885E+00000, 0.83189103423352E-00003, 0.83181395701543E-00003, 0.83181014823616E-00003, -.23848726633198E-00002, 0.21859013283916E+00001, 0.10000083755046E+00001, 0.28718998389631E+00000, -.10671759882155E+00002, 0.83196811145161E-00003, 0.76175585377217E-00008
0.23909339401453E+00001, 0.84098344044119E-00003, -.17352079930467E-00002, 0.12369741372178E+00000, 0.12365694064590E+00000, 0.67288147154639E+00000, 0.84106435051685E-00003, 0.84098344044119E-00003, 0.84097937506077E-00003, -.25761873681074E-00002, 0.22283244251986E+00001, 0.10000084879469E+00001, 0.28716709853531E+00000, -.10671760163436E+00002, 0.84114526059250E-00003, 0.81307608339089E-00008
0.24144530723345E+00001, 0.85031691356915E-00003, -.19063187403359E-00002, 0.12367736500468E+00000, 0.12363743088996E+00000, 0.68034833439058E+00000, 0.85040171423300E-00003, 0.85031691356915E-00003, 0.85031281691428E-00003, -.27566315572502E-00002, 0.22743063371909E+00001, 0.10000086017059E+00001, 0.28714382575599E+00000, -.10671760447902E+00002, 0.85048651489685E-00003, 0.81933097286376E-00008
0.24379707137281E+00001, 0.85981662594548E-00003, -.20680239728584E-00002, 0.12365713694092E+00000, 0.12361755375657E+00000, 0.68794800699512E+00000, 0.85990507581573E-00003, 0.85981662594548E-00003, 0.85981252933113E-00003, -.29278365021895E-00002, 0.23204902881188E+00001, 0.10000087178109E+00001, 0.28712034287724E+00000, -.10671760735624E+00002, 0.85999352568597E-00003, 0.81932286948773E-00008
0.24614873387250E+00001, 0.86948465963077E-00003, -.22213104812651E-00002, 0.12363682195553E+00000, 0.12359727550758E+00000, 0.69568135659617E+00000, 0.86957612856154E-00003, 0.86948465963077E-00003, 0.86948034503793E-00003, -.30907908263030E-00002, 0.23668196752888E+00001, 0.10000088364637E+00001, 0.28709675715750E+00000, -.10671761026670E+00002, 0.86966759749231E-00003, 0.86291856683172E-00008
0.24850031944633E+00001, 0.87932216188313E-00003, -.23669998818198E-00002, 0.12361636717309E+00000, 0.12357662743956E+00000, 0.70354916389167E+00000, 0.87941612959827E-00003, 0.87932216188313E-00003, 0.87931750029665E-00003, -.32463173821164E-00002, 0.24132414373684E+00001, 0.10000089568978E+00001, 0.28707300717540E+00000, -.10671761321111E+00002, 0.87951009731342E-00003, 0.93231729678872E-00008
0.25000000000000E+00001, 0.88572682232092E-00003, -.24571792870067E-00002, 0.12360318846914E+00000, 0.12356330929435E+00000, 0.70867098314706E+00000, 0.88582224383642E-00003, 0.88572682232092E-00003, 0.88572196166260E-00003, -.33429012486693E-00002, 0.24430666437796E+00001, 0.10000090341286E+00001, 0.28705770438380E+00000, -.10671761510695E+00002, 0.88591766535193E-00003, 0.97213166410675E-00008
0.25070544897859E+00001, 0.88870235305665E-00003, -.24978700096193E-00002, 0.12359694250644E+00000, 0.12355701640693E+00000, 0.71105041029937E+00000, 0.88879839923699E-00003, 0.88870235305665E-00003, 0.88869740448570E-00003, -.33865674141050E-00002, 0.24568144474312E+00001, 0.10000090704966E+00001, 0.28705045143835E+00000, -.10671761600369E+00002, 0.88889444541733E-00003, 0.98971418973151E-00008
0.25305690545610E+00001, 0.89887295115384E-00003, -.26298105372240E-00002, 0.12357588295641E+00000, 0.12353596353467E+00000, 0.71918266966117E+00000, 0.89897076120403E-00003, 0.89887295115384E-00003, 0.89886763833225E-00003, -.35286781755563E-00002, 0.25032823495290E+00001, 0.10000091917890E+00001, 0.28702599528778E+00000, -.10671761901593E+00002, 0.89906857125422E-00003, 0.10625643187276E-00007
0.25540831946174E+00001, 0.90921888992893E-00003, -.27479122509738E-00002, 0.12355444623541E+00000, 0.12351482503467E+00000, 0.72745407752001E+00000, 0.90931789127001E-00003, 0.90921888992893E-00003, 0.90921308510126E-00003, -.36571253360751E-00002, 0.25497111451594E+00001, 0.10000093133870E+00001, 0.28700109899372E+00000, -.10671762206432E+00002, 0.90941689261109E-00003, 0.11609655325519E-00007
0.25775970205790E+00001, 0.91974110809598E-00003, -.28463832703447E-00002, 0.12353265165309E+00000, 0.12349352976436E+00000, 0.73586616068605E+00000, 0.91984111389496E-00003, 0.91974110809598E-00003, 0.91973493055053E-00003, -.37661182008952E-00002, 0.25960552507031E+00001, 0.10000094358970E+00001, 0.28697578487053E+00000, -.10671762514965E+00002, 0.91994111969395E-00003, 0.12355090908736E-00007
0.26011107221396E+00001, 0.93044057548797E-00003, -.29243517390313E-00002, 0.12351054799032E+00000, 0.12347194179344E+00000, 0.74442014486661E+00000, 0.93054165907430E-00003, 0.93044057548797E-00003, 0.93043430615627E-00003, -.38547860451876E-00002, 0.26422629355901E+00001, 0.10000095600139E+00001, 0.28695010947355E+00000, -.10671762827274E+00002, 0.93064274266063E-00003, 0.12538663402226E-00007
0.26246249387463E+00001, 0.94131976547367E-00003, -.29841628723538E-00002, 0.12348818997456E+00000, 0.12344996102981E+00000, 0.75311745099279E+00000, 0.94142166664741E-00003, 0.94131976547367E-00003, 0.94131346450136E-00003, -.39254763368552E-00002, 0.26882777788873E+00001, 0.10000096862370E+00001, 0.28692413628525E+00000, -.10671763143444E+00002, 0.94152356782114E-00003, 0.12601944622077E-00007
0.26481402160869E+00001, 0.95238158772464E-00003, -.30278973479184E-00002, 0.12346558700163E+00000, 0.12342755355621E+00000, 0.76195977214128E+00000, 0.95248365942669E-00003, 0.95238158772464E-00003, 0.95237507656958E-00003, -.39802724244879E-00002, 0.27340431334081E+00001, 0.10000098146871E+00001, 0.28689787614135E+00000, -.10671763463565E+00002, 0.95258573112875E-00003, 0.13022310104909E-00007
0.26716568946513E+00001, 0.96362826122089E-00003, -.30568936884407E-00002, 0.12344269998549E+00000, 0.12340474705055E+00000, 0.77094893432863E+00000, 0.96372992170732E-00003, 0.96362826122089E-00003, 0.96362142827952E-00003, -.40205151167202E-00002, 0.27795091807512E+00001, 0.10000099451314E+00001, 0.28687128354658E+00000, -.10671763787723E+00002, 0.96383158219374E-00003, 0.13665882734767E-00007
0.26951751222316E+00001, 0.97506177107330E-00003, -.30717884557647E-00002, 0.12341951072013E+00000, 0.12338163736700E+00000, 0.78008666100093E+00000, 0.97516262804780E-00003, 0.97506177107330E-00003, 0.97505463702342E-00003, -.40468430927881E-00002, 0.28246845881895E+00001, 0.10000100772265E+00001, 0.28684433725180E+00000, -.10671764116007E+00002, 0.97526348502230E-00003, 0.14268099755475E-00007
0.27186930881291E+00001, 0.98668379177943E-00003, -.30705777303369E-00002, 0.12339606109471E+00000, 0.12335835655594E+00000, 0.78937389686944E+00000, 0.98678334997556E-00003, 0.98668379177943E-00003, 0.98667628753324E-00003, -.40572540178701E-00002, 0.28699909496558E+00001, 0.10000102107550E+00001, 0.28681708584010E+00000, -.10671764448480E+00002, 0.98688290817168E-00003, 0.15008492393705E-00007
0.27422065210172E+00001, 0.99849484339147E-00003, -.30482444434102E-00002, 0.12337238631032E+00000, 0.12333496799707E+00000, 0.79881087753734E+00000, 0.99859256216531E-00003, 0.99849484339147E-00003, 0.99848683510508E-00003, -.40467312785153E-00002, 0.29149603958129E+00001, 0.10000103456743E+00001, 0.28678957013847E+00000, -.10671764785170E+00002, 0.99869028093915E-00003, 0.16016572794792E-00007
0.27657155729163E+00001, 0.10104971307833E-00002, -.30011297006638E-00002, 0.12334843261669E+00000, 0.12331138766887E+00000, 0.80840020074084E+00000, 0.10105928954014E-00002, 0.10104971307833E-00002, 0.10104887479797E-00002, -.40116184486435E-00002, 0.29595643055358E+00001, 0.10000104820961E+00001, 0.28676172759126E+00000, -.10671765126162E+00002, 0.10106886600195E-00002, 0.16765607309421E-00007
0.27892207735326E+00001, 0.10226938088035E-00002, -.29306625030594E-00002, 0.12332409955343E+00000, 0.12328745408427E+00000, 0.81814523211326E+00000, 0.10227878132309E-00002, 0.10226938088035E-00002, 0.10226853952918E-00002, -.39533478983511E-00002, 0.30037704649550E+00001, 0.10000106202290E+00001, 0.28673344131606E+00000, -.10671765471548E+00002, 0.10228818176583E-00002, 0.16827023515128E-00007
0.28127227015771E+00001, 0.10350898886700E-00002, -.28406224850560E-00002, 0.12329933014622E+00000, 0.12326304986733E+00000, 0.82804961560120E+00000, 0.10351819086174E-00002, 0.10350898886700E-00002, 0.10350815334453E-00002, -.38757040185014E-00002, 0.30551759335887E+00001, 0.10000107602675E+00001, 0.28670464494112E+00000, -.10671765821420E+00002, 0.10352739285649E-00002, 0.16710449393677E-00007
0.28362218084484E+00001, 0.10476906466424E-00002, -.27334858457581E-00002, 0.12327412897180E+00000, 0.12323814446171E+00000, 0.83811687984468E+00000, 0.10477799960405E-00002, 0.10476906466424E-00002, 0.10476821386879E-00002, -.37811679844460E-00002, 0.31418452403463E+00001, 0.10000109021833E+00001, 0.28667534363434E+00000, -.10671766175876E+00002, 0.10478693454387E-00002, 0.17015908995251E-00007
0.28597183342895E+00001, 0.10605002168696E-00002, -.26118421922218E-00002, 0.12324853916616E+00000, 0.12321278495535E+00000, 0.84835042308739E+00000, 0.10605864065172E-00002, 0.10605002168696E-00002, 0.10604914486692E-00002, -.36723336408910E-00002, 0.32317257223004E+00001, 0.10000110457390E+00001, 0.28664558740270E+00000, -.10671766535014E+00002, 0.10606725961649E-00002, 0.17536400839098E-00007
0.28832123639305E+00001, 0.10735229471184E-00002, -.24790334348959E-00002, 0.12322264069263E+00000, 0.12318709252455E+00000, 0.85875388920998E+00000, 0.10736057825822E-00002, 0.10735229471184E-00002, 0.10735139570565E-00002, -.35525473919524E-00002, 0.33247532566284E+00001, 0.10000111908371E+00001, 0.28661546910176E+00000, -.10671766898942E+00002, 0.10736886180460E-00002, 0.17980123707503E-00007
0.29067039790369E+00001, 0.10867646737247E-00002, -.23352120558811E-00002, 0.12319651278840E+00000, 0.12316120389724E+00000, 0.86933160837196E+00000, 0.10868438535337E-00002, 0.10867646737247E-00002, 0.10867553871501E-00002, -.34219674430311E-00002, 0.34208314112799E+00001, 0.10000113377510E+00001, 0.28658508077987E+00000, -.10671767267772E+00002, 0.10869230333427E-00002, 0.18573149327627E-00007
0.29301934076277E+00001, 0.11002318528068E-00002, -.21762714016605E-00002, 0.12317014742816E+00000, 0.12313515027630E+00000, 0.88008872847652E+00000, 0.11003070420090E-00002, 0.11002318528068E-00002, 0.11002221578246E-00002, -.32764935594851E-00002, 0.35198486306116E+00001, 0.10000114869039E+00001, 0.28655441301570E+00000, -.10671767641624E+00002, 0.11003822312113E-00002, 0.19389964293028E-00007
0.29536810851996E+00001, 0.11139307987181E-00002, -.19992677489096E-00002, 0.12314343004873E+00000, 0.12310880819429E+00000, 0.89103096196419E+00000, 0.11140019998742E-00002, 0.11139307987181E-00002, 0.11139208074811E-00002, -.31131885563906E-00002, 0.36216862402743E+00001, 0.10000116384838E+00001, 0.28652333243994E+00000, -.10671768020630E+00002, 0.11140732010302E-00002, 0.19982474178390E-00007
0.29771676041764E+00001, 0.11278683500931E-00002, -.18071817264144E-00002, 0.12311623566088E+00000, 0.12308199333472E+00000, 0.90216419497586E+00000, 0.11279357990566E-00002, 0.11278683500931E-00002, 0.11278583164905E-00002, -.29350400429049E-00002, 0.37262166404022E+00001, 0.10000117923395E+00001, 0.28649169349317E+00000, -.10671768404937E+00002, 0.11280032480201E-00002, 0.20067205175654E-00007
0.30000000000000E+00001, 0.11417139584981E-00002, -.16120553498986E-00002, 0.12308930722660E+00000, 0.12305536631288E+00000, 0.91322393553118E+00000, 0.11417777530303E-00002, 0.11417139584981E-00002, 0.11417039458528E-00002, -.27537592957514E-00002, 0.38307230940135E+00001, 0.10000119438626E+00001, 0.28646036052317E+00000, -.10671768783792E+00002, 0.11418415475625E-00002, 0.20025290728881E-00007
0.30234859793988E+00001, 0.11560868983142E-00002, -.14119073849189E-00002, 0.12306115586457E+00000, 0.12302741702860E+00000, 0.92470434491485E+00000, 0.11561466893458E-00002, 0.11560868983142E-00002, 0.11560767298924E-00002, -.25679841148113E-00002, 0.39396422569228E+00001, 0.10000121017231E+00001, 0.28642760093326E+00000, -.10671769179071E+00002, 0.11562064803774E-00002, 0.20336843477287E-00007
0.30469723015034E+00001, 0.11707832327722E-00002, -.12136687237634E-00002, 0.12303262090086E+00000, 0.12299900382055E+00000, 0.93644265904911E+00000, 0.11708388629039E-00002, 0.11707832327722E-00002, 0.11707727767052E-00002, -.23844415004686E-00002, 0.40511738532735E+00001, 0.10000122620068E+00001, 0.28639439112392E+00000, -.10671769580216E+00002, 0.11708944930356E-00002, 0.20912134047754E-00007
0.30704588616064E+00001, 0.11857523120078E-00002, -.10190194432517E-00002, 0.12300375331665E+00000, 0.12297026183644E+00000, 0.94839898888104E+00000, 0.11858039115411E-00002, 0.11857523120078E-00002, 0.11857415853690E-00002, -.22047610286207E-00002, 0.41646154576594E+00001, 0.10000124253646E+00001, 0.28636079028230E+00000, -.10671769987456E+00002, 0.11858555110745E-00002, 0.21453277649691E-00007
0.30939455138410E+00001, 0.12010040842048E-00002, -.82482171306618E-00003, 0.12297455296895E+00000, 0.12294127531951E+00000, 0.96058134044374E+00000, 0.12010516889359E-00002, 0.12010040842048E-00002, 0.12009930120298E-00002, -.20258147250959E-00002, 0.42797007606319E+00001, 0.10000125922498E+00001, 0.28632679810426E+00000, -.10671770401046E+00002, 0.12010992936671E-00002, 0.22144349985873E-00007
0.31174324985174E+00001, 0.12165486313778E-00002, -.62557214089359E-00003, 0.12294493370668E+00000, 0.12291198371557E+00000, 0.97299781659303E+00000, 0.12165921907393E-00002, 0.12165486313778E-00002, 0.12165370448791E-00002, -.18421091857726E-00002, 0.43961598970709E+00001, 0.10000127624694E+00001, 0.28629231414376E+00000, -.10671770821275E+00002, 0.12166357501007E-00002, 0.23172997540096E-00007
0.31409202351507E+00001, 0.12323949520372E-00002, -.41981390579414E-00003, 0.12291474397980E+00000, 0.12288217954002E+00000, 0.98565619215269E+00000, 0.12324347741050E-00002, 0.12323949520372E-00002, 0.12323828827209E-00002, -.16521967885150E-00002, 0.45137371525899E+00001, 0.10000129352614E+00001, 0.28625716175006E+00000, -.10671771248469E+00002, 0.12324745961729E-00002, 0.24138632661148E-00007
0.31644093363198E+00001, 0.12485520792217E-00002, -.21376310112404E-00003, 0.12288387640378E+00000, 0.12285164708817E+00000, 0.99856387198059E+00000, 0.12485887599111E-00002, 0.12485520792217E-00002, 0.12485397274536E-00002, -.14623028285776E-00002, 0.46321448131197E+00001, 0.10000131099895E+00001, 0.28622121561685E+00000, -.10671771682987E+00002, 0.12486254406004E-00002, 0.24703536256536E-00007
0.31879005025916E+00001, 0.12650302943934E-00002, -.16183113639325E-00004, 0.12285234946718E+00000, 0.12282030832544E+00000, 0.10117281555553E+00001, 0.12650641653265E-00002, 0.12650302943934E-00002, 0.12650176901020E-00002, -.12812008037413E-00002, 0.47510449695136E+00001, 0.10000132868023E+00001, 0.28618449697958E+00000, -.10671772125217E+00002, 0.12650980362597E-00002, 0.25208582711655E-00007
0.32113943473152E+00001, 0.12818404947013E-00002, 0.16910741906692E-00003, 0.12282026002404E+00000, 0.12278823720385E+00000, 0.10251567403232E+00001, 0.12818715092772E-00002, 0.12818404947013E-00002, 0.12818274407184E-00002, -.11127200216515E-00002, 0.48700630436094E+00001, 0.10000134666328E+00001, 0.28614711836634E+00000, -.10671772575574E+00002, 0.12819025238531E-00002, 0.26107965677302E-00007
0.32348905920293E+00001, 0.12989924189305E-00002, 0.34485640340508E-00003, 0.12278767301360E+00000, 0.12275557124747E+00000, 0.10388574743077E+00001, 0.12990205317205E-00002, 0.12989924189305E-00002, 0.12989787377675E-00002, -.95412233436237E-00003, 0.49887397924392E+00001, 0.10000136506163E+00001, 0.28610915517637E+00000, -.10671773034491E+00002, 0.12990486445104E-00002, 0.27362326070681E-00007
0.32583884583332E+00001, 0.13164949028673E-00002, 0.51681853304061E-00003, 0.12275456241978E+00000, 0.12272241636380E+00000, 0.10528383154821E+00001, 0.13165202356797E-00002, 0.13164949028673E-00002, 0.13164805257706E-00002, -.79966199273003E-00003, 0.51065680049547E+00001, 0.10000138394644E+00001, 0.28607057686264E+00000, -.10671773502433E+00002, 0.13165455684921E-00002, 0.28754193381074E-00007
0.32818881310609E+00001, 0.13343580189174E-00002, 0.69034428516972E-00003, 0.12272082641012E+00000, 0.12268878284417E+00000, 0.10671080023098E+00001, 0.13343806226506E-00002, 0.13343580189174E-00002, 0.13343428180024E-00002, -.64399853283268E-00003, 0.52230380027506E+00001, 0.10000140331885E+00001, 0.28603126450340E+00000, -.10671773979900E+00002, 0.13344032263837E-00002, 0.30401830073504E-00007
0.33053898377031E+00001, 0.13525912788112E-00002, 0.86888273057514E-00003, 0.12268633466298E+00000, 0.12265455665649E+00000, 0.10816742009459E+00001, 0.13526110421261E-00002, 0.13525912788112E-00002, 0.13525750286810E-00002, -.48369229810582E-00003, 0.53376193552655E+00001, 0.10000142312702E+00001, 0.28599106590122E+00000, -.10671774467405E+00002, 0.13526308054410E-00002, 0.32500260492683E-00007
0.33288939234543E+00001, 0.13712029425362E-00002, 0.10529133785363E-00002, 0.12265099144140E+00000, 0.12261954117541E+00000, 0.10965432273678E+00001, 0.13712199072203E-00002, 0.13712029425362E-00002, 0.13711855736277E-00002, -.31827219509136E-00003, 0.54497674774870E+00001, 0.10000144331668E+00001, 0.28594986908128E+00000, -.10671774965456E+00002, 0.13712368719044E-00002, 0.34737816993264E-00007
0.33524008449921E+00001, 0.13902011552886E-00002, 0.12400736891380E-00002, 0.12261480389824E+00000, 0.12258357946618E+00000, 0.11117207531333E+00001, 0.13902155463874E-00002, 0.13902011552886E-00002, 0.13901828029707E-00002, -.15010911383266E-00003, 0.55589291546542E+00001, 0.10000146388438E+00001, 0.28590768195141E+00000, -.10671775474540E+00002, 0.13902299374862E-00002, 0.36704635923732E-00007
0.33759107942596E+00001, 0.14095954276910E-00002, 0.14288908398505E-00002, 0.12257787537897E+00000, 0.12254664664706E+00000, 0.11272128372945E+00001, 0.14096071253870E-00002, 0.14095954276910E-00002, 0.14095760688260E-00002, 0.19314771024494E-00004, 0.56645476499205E+00001, 0.10000148488618E+00001, 0.28586462457950E+00000, -.10671775995104E+00002, 0.14096188230831E-00002, 0.38717730112489E-00007
0.33994234493561E+00001, 0.14293959835100E-00002, 0.16217273995848E-00002, 0.12254027713849E+00000, 0.12250880278730E+00000, 0.11430267881861E+00001, 0.14294044225766E-00002, 0.14293959835100E-00002, 0.14293753255543E-00002, 0.19235207403059E-00003, 0.58110273820693E+00001, 0.10000150638765E+00001, 0.28582077967203E+00000, -.10671776527563E+00002, 0.14294128616433E-00002, 0.41315911557008E-00007
0.34229382297486E+00001, 0.14496127661520E-00002, 0.18213894384447E-00002, 0.12250193635608E+00000, 0.12247009155302E+00000, 0.11591716011355E+00001, 0.14496175080734E-00002, 0.14496127661520E-00002, 0.14495905839549E-00002, 0.37179885448984E-00003, 0.59818038480598E+00001, 0.10000152841182E+00001, 0.28577606192738E+00000, -.10671777072318E+00002, 0.14496222499947E-00002, 0.44364394160039E-00007
0.34464552023192E+00001, 0.14702571297233E-00002, 0.20272401095138E-00002, 0.12246268702511E+00000, 0.12243052382512E+00000, 0.11756580963045E+00001, 0.14702579829592E-00002, 0.14702571297233E-00002, 0.14702333267141E-00002, 0.55700678279978E-00003, 0.61541171076763E+00001, 0.10000155094691E+00001, 0.28573027727225E+00000, -.10671777629768E+00002, 0.14702588361951E-00002, 0.47606018380230E-00007
0.34699744140094E+00001, 0.14913422885268E-00002, 0.22377400417201E-00002, 0.12242240415046E+00000, 0.12239010796957E+00000, 0.11924975920360E+00001, 0.14913388722454E-00002, 0.14913422885268E-00002, 0.14913166173096E-00002, 0.74642342441055E-00003, 0.63277116823292E+00001, 0.10000157399054E+00001, 0.28568327935023E+00000, -.10671778200265E+00002, 0.14913354559639E-00002, 0.51342434509155E-00007
0.34934959492646E+00001, 0.15128822388279E-00002, 0.24538686402488E-00002, 0.12238106162122E+00000, 0.12234882987399E+00000, 0.12097012340529E+00001, 0.15128740282768E-00002, 0.15128822388279E-00002, 0.15128543582570E-00002, 0.94101428199182E-00003, 0.65022992926004E+00001, 0.10000159756835E+00001, 0.28563503709130E+00000, -.10671778784081E+00002, 0.15128658177257E-00002, 0.55761141693685E-00007
0.35000000000000E+00001, 0.15190111249859E-00002, 0.25158091543064E-00002, 0.12236944933206E+00000, 0.12233725712342E+00000, 0.12145964166754E+00001, 0.15190015095654E-00002, 0.15190111249859E-00002, 0.15189825896422E-00002, 0.99682656466427E-00003, 0.65514303024760E+00001, 0.10000160418621E+00001, 0.28562148534038E+00000, -.10671778947880E+00002, 0.15189918941449E-00002, 0.57070687379185E-00007
0.35164658988569E+00001, 0.15343664156782E-00002, 0.26719701667170E-00002, 0.12233972046062E+00000, 0.12230763314762E+00000, 0.12268609676871E+00001, 0.15343532879581E-00002, 0.15343664156782E-00002, 0.15343362561639E-00002, 0.11376339105530E-00002, 0.66733081988288E+00001, 0.10000162113399E+00001, 0.28558678828058E+00000, -.10671779367178E+00002, 0.15343401602380E-00002, 0.60319028663389E-00007
0.35399852904951E+00001, 0.15568375279435E-00002, 0.29019192197127E-00002, 0.12229648987686E+00000, 0.12226446730730E+00000, 0.12448087869768E+00001, 0.15568193220273E-00002, 0.15568375279435E-00002, 0.15568050816396E-00002, 0.13451141380730E-00002, 0.68484004787896E+00001, 0.10000164581322E+00001, 0.28553632562467E+00000, -.10671779977602E+00002, 0.15568011161112E-00002, 0.64892607692231E-00007
0.35635011543146E+00001, 0.15798001835580E-00002, 0.31356714907307E-00002, 0.12225242762127E+00000, 0.12222026118023E+00000, 0.12631474804882E+00001, 0.15797765670130E-00002, 0.15798001835580E-00002, 0.15797653334118E-00002, 0.15559061573189E-00002, 0.70230723212155E+00001, 0.10000167100003E+00001, 0.28548488298713E+00000, -.10671780601486E+00002, 0.15797529504681E-00002, 0.69700292473684E-00007
0.35870139812467E+00001, 0.16032734107982E-00002, 0.33689317918282E-00002, 0.12220752356339E+00000, 0.12217499068536E+00000, 0.12818909609125E+00001, 0.16032436177805E-00002, 0.16032734107982E-00002, 0.16032357712766E-00002, 0.17656960205515E-00002, 0.71969465107218E+00001, 0.10000169664090E+00001, 0.28543244800757E+00000, -.10671781238806E+00002, 0.16032138247628E-00002, 0.75279043041305E-00007
0.36105241857341E+00001, 0.16272775354098E-00002, 0.35956644002657E-00002, 0.12216169415738E+00000, 0.12212866482496E+00000, 0.13010555183023E+00001, 0.16272407677349E-00002, 0.16272775354098E-00002, 0.16272367218790E-00002, 0.19684276783867E-00002, 0.73696403000376E+00001, 0.10000172273015E+00001, 0.28537892255430E+00000, -.10671781889488E+00002, 0.16272040000600E-00002, 0.81627061575644E-00007
0.36340320859736E+00001, 0.16518344863670E-00002, 0.38092328829786E-00002, 0.12211488381710E+00000, 0.12208136175378E+00000, 0.13206597969637E+00001, 0.16517900938838E-00002, 0.16518344863670E-00002, 0.16517902439946E-00002, 0.21574426389840E-00002, 0.75407386462852E+00001, 0.10000174934154E+00001, 0.28532424107449E+00000, -.10671782553389E+00002, 0.16517457014006E-00002, 0.88484744916793E-00007
0.36575379338552E+00001, 0.16769686014751E-00002, 0.40072960440906E-00002, 0.12206713755589E+00000, 0.12203322625155E+00000, 0.13407243225453E+00001, 0.16769156879335E-00002, 0.16769686014751E-00002, 0.16769205527010E-00002, 0.23303754913896E-00002, 0.77097737625391E+00001, 0.10000177658968E+00001, 0.28526845550100E+00000, -.10671783230281E+00002, 0.16768627743919E-00002, 0.96097548216805E-00007
0.36810419865593E+00001, 0.17027057318434E-00002, 0.41947741471450E-00002, 0.12201853539746E+00000, 0.12198436229539E+00000, 0.13612705197450E+00001, 0.17026430223379E-00002, 0.17027057318434E-00002, 0.17026533035710E-00002, 0.24921208435740E-00002, 0.78762186920828E+00001, 0.10000180453361E+00001, 0.28521165871151E+00000, -.10671783919855E+00002, 0.17025803128323E-00002, 0.10485654475152E-00006
0.37045445576822E+00001, 0.17290717232515E-00002, 0.43779080038331E-00002, 0.12196908428664E+00000, 0.12193472703759E+00000, 0.13823195375167E+00001, 0.17289980569665E-00002, 0.17290717232515E-00002, 0.17290144969310E-00002, 0.26488935069021E-00002, 0.80394957172652E+00001, 0.10000183310797E+00001, 0.28515385822001E+00000, -.10671784621733E+00002, 0.17289243906815E-00002, 0.11445264097773E-00006
0.37280460552294E+00001, 0.17560933295175E-00002, 0.45561088810134E-00002, 0.12191873290899E+00000, 0.12188417790852E+00000, 0.14038918446729E+00001, 0.17560077522717E-00002, 0.17560933295175E-00002, 0.17560311169569E-00002, 0.28000777640566E-00002, 0.82089213473227E+00001, 0.10000186215680E+00001, 0.28509499341915E+00000, -.10671785335488E+00002, 0.17559221750258E-00002, 0.12442512135346E-00006
0.37515470500706E+00001, 0.17838002366361E-00002, 0.47227058449872E-00002, 0.12186747190750E+00000, 0.12183261713064E+00000, 0.14260084073623E+00001, 0.17837014231631E-00002, 0.17838002366361E-00002, 0.17837326772820E-00002, 0.29389731677053E-00002, 0.84230717181067E+00001, 0.10000189154073E+00001, 0.28503505270698E+00000, -.10671786060647E+00002, 0.17836026096901E-00002, 0.13511870820246E-00006
0.37750480831077E+00001, 0.18122247934104E-00002, 0.48720472783852E-00002, 0.12181536900942E+00000, 0.12178006773860E+00000, 0.14486927523304E+00001, 0.18121109316470E-00002, 0.18122247934104E-00002, 0.18121512223946E-00002, 0.30598960559907E-00002, 0.86291803982949E+00001, 0.10000192122166E+00001, 0.28497411462496E+00000, -.10671786796698E+00002, 0.18119970698836E-00002, 0.14714203168418E-00006
0.37985495677543E+00001, 0.18414011884443E-00002, 0.50030616792771E-00002, 0.12176252797962E+00000, 0.12172665402921E+00000, 0.14719727468992E+00001, 0.18412705610370E-00002, 0.18414011884443E-00002, 0.18413209540159E-00002, 0.31617407252613E-00002, 0.88241402353827E+00001, 0.10000195126961E+00001, 0.28491229993294E+00000, -.10671787543096E+00002, 0.18411399336298E-00002, 0.16046885676761E-00006
0.38220517667586E+00001, 0.18713663880450E-00002, 0.51183139119978E-00002, 0.12170904906213E+00000, 0.12167255112870E+00000, 0.14958807906043E+00001, 0.18712176187604E-00002, 0.18713663880450E-00002, 0.18712789632949E-00002, 0.32470349487029E-00002, 0.91567631346042E+00001, 0.10000198180259E+00001, 0.28484972536658E+00000, -.10671788299294E+00002, 0.18710688494758E-00002, 0.17484950034897E-00006
0.38455548567514E+00001, 0.19021613779498E-00002, 0.52227741999299E-00002, 0.12165499288242E+00000, 0.12161790766655E+00000, 0.15204524487575E+00001, 0.19019931219309E-00002, 0.19021613779498E-00002, 0.19020661342526E-00002, 0.33207080656773E-00002, 0.95916031748678E+00001, 0.10000201289965E+00001, 0.28478646138515E+00000, -.10671789064757E+00002, 0.19018248659121E-00002, 0.19048739435547E-00006
0.38690590390733E+00001, 0.19338307523991E-00002, 0.53219453467087E-00002, 0.12160033823302E+00000, 0.12156275398057E+00000, 0.15457247397125E+00001, 0.19336416738850E-00002, 0.19338307523991E-00002, 0.19337269496846E-00002, 0.33882183970242E-00002, 0.10198872645540E+00002, 0.10000204453864E+00001, 0.28472248270087E+00000, -.10671789838948E+00002, 0.19334525953709E-00002, 0.20760542916074E-00006
0.38925645532536E+00001, 0.19664218579199E-00002, 0.54183102583349E-00002, 0.12154500275513E+00000, 0.12150699425949E+00000, 0.15717353419684E+00001, 0.19662110798708E-00002, 0.19664218579199E-00002, 0.19663089591431E-00002, 0.34520012991918E-00002, 0.10965154130912E+00002, 0.10000207660304E+00001, 0.28465769238992E+00000, -.10671790621271E+00002, 0.19660003018217E-00002, 0.22579755355651E-00006
0.39160717823722E+00001, 0.19999856860543E-00002, 0.55101861989225E-00002, 0.12148895881179E+00000, 0.12145053076031E+00000, 0.15985234466189E+00001, 0.19997529058094E-00002, 0.19999856860543E-00002, 0.19998634500629E-00002, 0.35103227488596E-00002, 0.11746030948792E+00002, 0.10000210895428E+00001, 0.28459205752771E+00000, -.10671791411045E+00002, 0.19995201255645E-00002, 0.24447198275312E-00006
0.39395811852363E+00001, 0.20345782955203E-00002, 0.55960087894865E-00002, 0.12143232990522E+00000, 0.12139339849498E+00000, 0.16261314929455E+00001, 0.20343232706791E-00002, 0.20345782955203E-00002, 0.20344464452111E-00002, 0.35615623442754E-00002, 0.12534298620294E+00002, 0.10000214150678E+00001, 0.28452572221766E+00000, -.10671792207524E+00002, 0.20340682458380E-00002, 0.26370061833915E-00006
0.39630931342390E+00001, 0.20702604159326E-00002, 0.56787461674466E-00002, 0.12137533528050E+00000, 0.12133575613920E+00000, 0.16546065969150E+00001, 0.20699826884370E-00002, 0.20702604159326E-00002, 0.20701184452307E-00002, 0.36086277222159E-00002, 0.13322164413831E+00002, 0.10000217424629E+00001, 0.28445894288456E+00000, -.10671793009968E+00002, 0.20697049609414E-00002, 0.28394140367197E-00006
0.39866078338513E+00001, 0.21070957116721E-00002, 0.57633696550734E-00002, 0.12131813679473E+00000, 0.12127776355687E+00000, 0.16840007110573E+00001, 0.21067950766560E-00002, 0.21070957116721E-00002, 0.21069431542221E-00002, 0.36564265008513E-00002, 0.14101495472371E+00002, 0.10000220719917E+00001, 0.28439190892702E+00000, -.10671793817731E+00002, 0.21064944416399E-00002, 0.30511490009249E-00006
0.40000000000000E+00001, 0.21287712525459E-00002, 0.58134610793614E-00002, 0.12128548763082E+00000, 0.12124461666256E+00000, 0.17012981748193E+00001, 0.21284576253955E-00002, 0.21287712525459E-00002, 0.21286125002034E-00002, 0.36848485791580E-00002, 0.14541487519505E+00002, 0.10000222607379E+00001, 0.28435363854518E+00000, -.10671794279899E+00002, 0.21281439982451E-00002, 0.31750468513374E-00006
0.40094072993992E+00001, 0.21439694505914E-00002, 0.58485151135484E-00002, 0.12126251516307E+00000, 0.12122128522989E+00000, 0.17134271073212E+00001, 0.21436469748300E-00002, 0.21439694505914E-00002, 0.21438063803795E-00002, 0.37047087331689E-00002, 0.14841059866406E+00002, 0.10000223938289E+00001, 0.28432670781230E+00000, -.10671794605416E+00002, 0.21433244990685E-00002, 0.32614042394465E-00006
0.40329274888087E+00001, 0.21832694728672E-00002, 0.59376943145819E-00002, 0.12120489769081E+00000, 0.12116277570496E+00000, 0.17447941329952E+00001, 0.21829250930417E-00002, 0.21832694728672E-00002, 0.21830952577820E-00002, 0.37545990567999E-00002, 0.15579321422028E+00002, 0.10000227285019E+00001, 0.28425915135174E+00000, -.10671795422219E+00002, 0.21825807132162E-00002, 0.34843017054125E-00006
0.40564501143391E+00001, 0.22239189133556E-00002, 0.60282668366994E-00002, 0.12114693064902E+00000, 0.12110397391416E+00000, 0.17772447468798E+00001, 0.22235532706855E-00002, 0.22239189133556E-00002, 0.22237331026139E-00002, 0.38045337340855E-00002, 0.16284379921278E+00002, 0.10000230658805E+00001, 0.28419116881543E+00000, -.10671796243003E+00002, 0.22231876280155E-00002, 0.37162148336655E-00006
0.40799725032212E+00001, 0.22659752047926E-00002, 0.61237847414267E-00002, 0.12108854864510E+00000, 0.12104483094389E+00000, 0.18108265009879E+00001, 0.22655891809693E-00002, 0.22659752047926E-00002, 0.22657774852020E-00002, 0.38580072562246E-00002, 0.17551496482713E+00002, 0.10000234054149E+00001, 0.28412268317882E+00000, -.10671797067290E+00002, 0.22652031571460E-00002, 0.39543918110773E-00006
0.41034941401144E+00001, 0.23094948165319E-00002, 0.62281382193327E-00002, 0.12102978158485E+00000, 0.12098533665778E+00000, 0.18455841369674E+00001, 0.23090894716295E-00002, 0.23094948165319E-00002, 0.23092850900069E-00002, 0.39188531293257E-00002, 0.19324857271630E+00002, 0.10000237462138E+00001, 0.28405372917208E+00000, -.10671797894731E+00002, 0.23086841267271E-00002, 0.41945304983133E-00006
0.41270157460334E+00001, 0.23545319537367E-00002, 0.63425236437879E-00002, 0.12097076389101E+00000, 0.12092555102594E+00000, 0.18815572474696E+00001, 0.23541079786171E-00002, 0.23545319537367E-00002, 0.23543100070709E-00002, 0.39882136367170E-00002, 0.21161920317938E+00002, 0.10000240874391E+00001, 0.28398446423588E+00000, -.10671798725202E+00002, 0.23536840034975E-00002, 0.44389333155812E-00006
0.41505381090053E+00001, 0.24011335886727E-00002, 0.64644285550358E-00002, 0.12091163202698E+00000, 0.12086554127882E+00000, 0.19187779079308E+00001, 0.24006910618387E-00002, 0.24011335886727E-00002, 0.24008988764102E-00002, 0.40635296786256E-00002, 0.23052258691401E+00002, 0.10000244287428E+00001, 0.28391504835894E+00000, -.10671799558880E+00002, 0.24002485350047E-00002, 0.46942452509056E-00006
0.41740619405215E+00001, 0.24493341438990E-00002, 0.65880172459656E-00002, 0.12085239630921E+00000, 0.12080529499720E+00000, 0.19572702714888E+00001, 0.24488728990111E-00002, 0.24493341438990E-00002, 0.24490859552445E-00002, 0.41389312907211E-00002, 0.24984209534901E+00002, 0.10000247705522E+00001, 0.28384549354560E+00000, -.10671800396290E+00002, 0.24484116541233E-00002, 0.49637730908500E-00006
0.41975875894341E+00001, 0.24991507300470E-00002, 0.67064379067928E-00002, 0.12079291903512E+00000, 0.12074472000385E+00000, 0.19970494390298E+00001, 0.24986706656139E-00002, 0.24991507300470E-00002, 0.24988883750325E-00002, 0.42075495317603E-00002, 0.26944957672313E+00002, 0.10000251140703E+00001, 0.28377563794321E+00000, -.10671801238257E+00002, 0.24981906011808E-00002, 0.52471002900862E-00006
0.42211148134847E+00001, 0.25505806060602E-00002, 0.68160627425739E-00002, 0.12073299998916E+00000, 0.12068371179228E+00000, 0.20381184376021E+00001, 0.25500813537473E-00002, 0.25505806060602E-00002, 0.25503032719171E-00002, 0.42657594706568E-00002, 0.28920691522292E+00002, 0.10000254609070E+00001, 0.28370524609080E+00000, -.10671802085841E+00002, 0.25495821014344E-00002, 0.55466828618279E-00006
0.42446417818720E+00001, 0.26035975489189E-00002, 0.69186398241001E-00002, 0.12067245792989E+00000, 0.12062217711702E+00000, 0.20804615509632E+00001, 0.26030780193376E-00002, 0.26035975489189E-00002, 0.26033041415808E-00002, 0.43153356825193E-00002, 0.30896744624888E+00002, 0.10000258123966E+00001, 0.28363410459004E+00000, -.10671802940295E+00002, 0.26025584897563E-00002, 0.58681467619520E-00006
0.42681553102966E+00001, 0.26581265045185E-00002, 0.70164242027499E-00002, 0.12061117413732E+00000, 0.12056001406052E+00000, 0.21240201923841E+00001, 0.26575850959889E-00002, 0.26581265045185E-00002, 0.26578159175848E-00002, 0.43586082851651E-00002, 0.32856985375530E+00002, 0.10000261688899E+00001, 0.28356207331884E+00000, -.10671803802779E+00002, 0.26570436874593E-00002, 0.62117386753857E-00006
0.42916543237563E+00001, 0.27140957976004E-00002, 0.71047296942261E-00002, 0.12054904184759E+00000, 0.12049704091606E+00000, 0.21687324767658E+00001, 0.27135307296012E-00002, 0.27140957976004E-00002, 0.27137671698898E-00002, 0.43909625243363E-00002, 0.34785937300090E+00002, 0.10000265301742E+00001, 0.28348902606343E+00000, -.10671804675309E+00002, 0.27129656616019E-00002, 0.65725542118987E-00006
0.43151373249000E+00001, 0.27714033710184E-00002, 0.71725207246109E-00002, 0.12048599415775E+00000, 0.12043307281679E+00000, 0.22145076632363E+00001, 0.27708123799344E-00002, 0.27714033710184E-00002, 0.27710558173098E-00002, 0.44014649073011E-00002, 0.36667787273338E+00002, 0.10000268960099E+00001, 0.28341488335154E+00000, -.10671805560428E+00002, 0.27702213888505E-00002, 0.69510741716867E-00006
0.43385976991338E+00001, 0.28298713856172E-00002, 0.72106452141237E-00002, 0.12042191417776E+00000, 0.12036791843204E+00000, 0.22611961286203E+00001, 0.28292518314596E-00002, 0.28298713856172E-00002, 0.28295039397772E-00002, 0.43811412743465E-00002, 0.38486243843272E+00002, 0.10000272669406E+00001, 0.28333950680854E+00000, -.10671806461339E+00002, 0.28286322773019E-00002, 0.73489168005712E-00006
0.43620364486839E+00001, 0.28893239112458E-00002, 0.72156447581563E-00002, 0.12035652746919E+00000, 0.12030133132078E+00000, 0.23086561871452E+00001, 0.28886729430093E-00002, 0.28893239112458E-00002, 0.28889355815370E-00002, 0.43267091766193E-00002, 0.40225353095549E+00002, 0.10000276446833E+00001, 0.28326257250025E+00000, -.10671807381862E+00002, 0.28880219747727E-00002, 0.77665941765649E-00006
0.43854544794915E+00001, 0.29495614114092E-00002, 0.71877097224902E-00002, 0.12028941388381E+00000, 0.12023301081353E+00000, 0.23567344202139E+00001, 0.29488765871834E-00002, 0.29495614114092E-00002, 0.29491516002180E-00002, 0.42385581222723E-00002, 0.41869133745683E+00002, 0.10000280319704E+00001, 0.28318358460406E+00000, -.10671808326220E+00002, 0.29481917629576E-00002, 0.81962238241137E-00006
0.44088529165968E+00001, 0.30103547456836E-00002, 0.71270803352146E-00002, 0.12022009318035E+00000, 0.12016261010210E+00000, 0.24052550855161E+00001, 0.30096337748220E-00002, 0.30103547456836E-00002, 0.30099231195721E-00002, 0.41171572156425E-00002, 0.43401749608066E+00002, 0.10000284320665E+00001, 0.28310197595018E+00000, -.10671809299198E+00002, 0.30089128039604E-00002, 0.86325222290437E-00006
0.44322332376653E+00001, 0.30714527296835E-00002, 0.70329784175023E-00002, 0.12014810314737E+00000, 0.12008972661743E+00000, 0.24540212198508E+00001, 0.30706934319928E-00002, 0.30714527296835E-00002, 0.30709991971179E-00002, 0.39619792203844E-00002, 0.44807719150707E+00002, 0.10000288478994E+00001, 0.28301719988647E+00000, -.10671810306128E+00002, 0.30699341343021E-00002, 0.90706513116307E-00006
0.44555968704904E+00001, 0.31325909591280E-00002, 0.69016174089007E-00002, 0.12007304470313E+00000, 0.12001390811556E+00000, 0.25028202811629E+00001, 0.31317918113396E-00002, 0.31325909591280E-00002, 0.31321159830454E-00002, 0.37695014258554E-00002, 0.46072053677624E+00002, 0.10000292813956E+00001, 0.28292878338683E+00000, -.10671811352683E+00002, 0.31309926635513E-00002, 0.94995216520829E-00006
0.44789452168537E+00001, 0.31935037280189E-00002, 0.67276966976159E-00002, 0.11999462316757E+00000, 0.11993473136526E+00000, 0.25514351175276E+00001, 0.31926642203192E-00002, 0.31935037280189E-00002, 0.31930084885743E-00002, 0.35346882090415E-00002, 0.47180335109744E+00002, 0.10000297335721E+00001, 0.28283637574585E+00000, -.10671812444608E+00002, 0.31918247126195E-00002, 0.99047888922894E-00006
0.45000000000000E+00001, 0.32483055810051E-00002, 0.65327954703857E-00002, 0.11992081192368E+00000, 0.11986014258518E+00000, 0.25951642766373E+00001, 0.32474296017763E-00002, 0.32483055810051E-00002, 0.32477933469022E-00002, 0.32850021234834E-00002, 0.48038391746158E+00002, 0.10000301582623E+00001, 0.28274937303046E+00000, -.10671813473413E+00002, 0.32465536225475E-00002, 0.10244682057811E-00005
0.45233232790786E+00001, 0.33078405769679E-00002, 0.62858485746149E-00002, 0.11983541656702E+00000, 0.11977374051007E+00000, 0.26426571175830E+00001, 0.33069249021725E-00002, 0.33078405769679E-00002, 0.33073112847066E-00002, 0.29785372899084E-00002, 0.48808214997275E+00002, 0.10000306486331E+00001, 0.28264868248648E+00000, -.10671814666905E+00002, 0.33060092273770E-00002, 0.10585845226774E-00005
0.45466339699934E+00001, 0.33666857896535E-00002, 0.60159094973698E-00002, 0.11974588410223E+00000, 0.11968309744711E+00000, 0.26895855873267E+00001, 0.33657312169120E-00002, 0.33666857896535E-00002, 0.33661413542390E-00002, 0.26497681431307E-00002, 0.49386099758704E+00002, 0.10000311616226E+00001, 0.28254307530266E+00000, -.10671815921326E+00002, 0.33647766441704E-00002, 0.10888708289532E-00005
