"arc_length"	"Cspd","rho","P","|v_i|","eint"
0	3.34212	0.00549077	0.0438077	6.18064e-08	19.9461
0.00176777	3.34162	0.00549244	0.0438078	0.000863909	19.9401
0.00353553	3.34139	0.0054932	0.0438078	0.00154227	19.9373
0.0053033	3.34143	0.00549307	0.0438078	0.00203514	19.9378
0.00707107	3.34175	0.00549203	0.0438078	0.00234252	19.9415
0.00883884	3.34211	0.00549084	0.0438079	0.00302251	19.9459
0.0106066	3.34263	0.00548913	0.043808	0.00358585	19.9522
0.0123744	3.34331	0.00548692	0.043808	0.00403256	19.9602
0.0141421	3.34414	0.0054842	0.0438081	0.00436262	19.9702
0.0159099	3.3447	0.00548238	0.0438082	0.00495367	19.9768
0.0176777	3.34531	0.00548041	0.0438083	0.00545188	19.9841
0.0194454	3.34596	0.00547828	0.0438084	0.00585725	19.9919
0.0212132	3.34666	0.00547599	0.0438085	0.00616978	20.0003
0.022981	3.34688	0.00547531	0.0438087	0.00670858	20.0028
0.0247487	3.34706	0.00547472	0.0438088	0.00717037	20.0051
0.0265165	3.34723	0.00547421	0.043809	0.00755514	20.007
0.0282843	3.34736	0.00547379	0.0438091	0.0078629	20.0086
0.030052	3.34696	0.0054751	0.0438093	0.00837554	20.0039
0.0318198	3.34652	0.00547659	0.0438095	0.00882433	19.9985
0.0335876	3.34602	0.00547825	0.0438097	0.00920928	19.9926
0.0353553	3.34551	0.00547994	0.0438099	0.00956414	19.9865
0.0371231	3.3446	0.00548295	0.0438101	0.0101	19.9756
0.0388909	3.34361	0.00548622	0.0438103	0.0105254	19.9638
0.0406586	3.34258	0.00548962	0.0438105	0.0108916	19.9515
0.0424264	3.34152	0.00549315	0.0438107	0.0111986	19.9388
0.0441942	3.34034	0.00549704	0.043811	0.0116971	19.9248
0.0459619	3.33917	0.00550095	0.0438112	0.0121503	19.9108
0.0477297	3.33798	0.00550489	0.0438115	0.0125581	19.8966
0.0494975	3.33679	0.00550884	0.0438117	0.0129208	19.8825
0.0512652	3.33563	0.00551271	0.043812	0.013463	19.8686
0.053033	3.33449	0.00551651	0.0438122	0.0139741	19.8551
0.0548008	3.33337	0.00552026	0.0438125	0.0144542	19.8417
0.0565685	3.33227	0.00552394	0.0438128	0.0149031	19.8286
0.0583363	3.33128	0.00552725	0.043813	0.0155197	19.8168
0.0601041	3.33033	0.00553046	0.0438133	0.0161187	19.8055
0.0618718	3.3294	0.00553357	0.0438136	0.0167001	19.7945
0.0636396	3.3285	0.00553658	0.0438139	0.017264	19.7838
0.0654074	3.32775	0.00553911	0.0438142	0.0179852	19.7749
0.0671751	3.32703	0.00554156	0.0438145	0.0187008	19.7663
0.0689429	3.32633	0.00554392	0.0438148	0.0194108	19.758
0.0707107	3.32569	0.00554611	0.043815	0.0200801	19.7503
0.0724784	3.32509	0.00554814	0.0438152	0.0209282	19.7432
0.0742462	3.32456	0.00554994	0.0438156	0.0218033	19.737
0.076014	3.32405	0.00555169	0.0438159	0.0226834	19.7309
0.0777817	3.32356	0.00555338	0.0438162	0.0235686	19.725
0.0795495	3.32313	0.00555485	0.0438165	0.0245659	19.7199
0.0813173	3.3227	0.00555632	0.0438168	0.0255742	19.7149
0.083085	3.32227	0.00555777	0.0438171	0.0265933	19.7098
0.0848528	3.32185	0.00555923	0.0438173	0.0276233	19.7048
0.0866206	3.32153	0.00556033	0.0438176	0.0287233	19.701
0.0883883	3.32119	0.00556149	0.0438178	0.0298365	19.697
0.0901561	3.32084	0.0055627	0.0438181	0.0309628	19.6928
0.0919239	3.32047	0.00556396	0.0438183	0.0321022	19.6885
0.0936916	3.32024	0.00556477	0.0438186	0.0332653	19.6857
0.0954594	3.31997	0.00556571	0.0438188	0.0344415	19.6825
0.0972272	3.31966	0.00556676	0.043819	0.0356309	19.6789
0.0989949	3.31933	0.00556792	0.0438193	0.0368333	19.6749
0.100763	3.31914	0.00556857	0.0438195	0.0380093	19.6727
0.10253	3.31891	0.00556938	0.0438197	0.0391972	19.6699
0.104298	3.31862	0.00557037	0.0438199	0.040397	19.6665
0.106066	3.31828	0.00557153	0.0438201	0.0415729	19.6625
0.107834	3.31816	0.00557195	0.0438203	0.0426837	19.6611
0.109602	3.31793	0.00557275	0.0438204	0.0438365	19.6584
0.111369	3.31765	0.00557373	0.0438206	0.0449991	19.655
0.113137	3.31731	0.0055749	0.0438208	0.0461713	19.6509
0.114905	3.31719	0.00557531	0.0438209	0.0471727	19.6496
0.116673	3.31701	0.00557594	0.0438211	0.048181	19.6474
0.11844	3.31676	0.00557679	0.0438212	0.0491961	19.6444
0.120208	3.31644	0.00557788	0.0438214	0.0502182	19.6407
0.121976	3.31634	0.00557825	0.0438215	0.0510589	19.6394
0.123744	3.31617	0.00557884	0.0438216	0.0519042	19.6374
0.125511	3.31594	0.00557963	0.0438218	0.0527541	19.6347
0.127279	3.31565	0.00558063	0.0438219	0.0536086	19.6313
0.129047	3.31561	0.00558077	0.043822	0.0542744	19.6308
0.130815	3.31553	0.00558105	0.0438221	0.0549431	19.6299
0.132583	3.31541	0.00558146	0.0438222	0.0556147	19.6285
0.13435	3.31526	0.005582	0.0438224	0.0562891	19.6266
0.136118	3.31546	0.00558131	0.0438225	0.056771	19.6291
0.137886	3.31567	0.00558062	0.0438226	0.0572548	19.6316
0.139654	3.31589	0.00557992	0.0438227	0.0577404	19.6341
0.141421	3.31653	0.00557775	0.0438228	0.0582464	19.6418
0.143189	3.31746	0.00557464	0.0438229	0.0585757	19.6528
0.144957	3.3181	0.00557252	0.043823	0.0588847	19.6603
0.146725	3.31878	0.00557024	0.0438231	0.0591958	19.6684
0.148492	3.31952	0.0055678	0.0438233	0.059509	19.6771
0.15026	3.32164	0.00556072	0.0438234	0.0596973	19.7023
0.152028	3.32388	0.00555324	0.0438235	0.0598879	19.7289
0.153796	3.32624	0.00554537	0.0438236	0.0600811	19.7569
0.155563	3.32872	0.00553711	0.0438237	0.0602766	19.7864
0.157331	3.33217	0.0055257	0.0438238	0.0603945	19.8274
0.159099	3.33563	0.00551425	0.0438239	0.0605151	19.8687
0.160867	3.33911	0.00550276	0.043824	0.0606386	19.9102
0.162635	3.34262	0.00549122	0.0438241	0.060765	19.9519
0.164402	3.34608	0.00547989	0.0438243	0.0608545	19.9934
0.16617	3.34936	0.0054692	0.0438244	0.0609473	20.0325
0.167938	3.35244	0.00545915	0.0438245	0.0610435	20.0694
0.169706	3.35533	0.00544974	0.0438246	0.061143	20.104
0.171473	3.35692	0.0054446	0.0438248	0.0612399	20.1231
0.173241	3.35812	0.00544074	0.043825	0.0613405	20.1375
0.175009	3.35892	0.00543818	0.0438252	0.0614449	20.147
0.176777	3.35938	0.0054367	0.0438253	0.0615639	20.1526
0.178544	3.35772	0.00544211	0.0438254	0.0617122	20.1326
0.180312	3.35557	0.00544911	0.0438256	0.0618542	20.1069
0.18208	3.35301	0.00545745	0.0438258	0.0619977	20.0762
0.183848	3.35004	0.00546714	0.043826	0.0621427	20.0407
0.185616	3.34526	0.00548285	0.0438262	0.0623419	19.9836
0.187383	3.34021	0.0054995	0.0438265	0.0625386	19.9233
0.189151	3.33489	0.00551709	0.0438267	0.0627328	19.8598
0.190919	3.32929	0.00553562	0.0438269	0.0629246	19.7932
0.192687	3.3222	0.00555943	0.0438272	0.0631748	19.709
0.194454	3.31491	0.00558399	0.0438274	0.0634178	19.6227
0.196222	3.30742	0.00560929	0.0438277	0.0636536	19.5342
0.19799	3.29974	0.00563533	0.043828	0.0638822	19.4434
0.199758	3.29066	0.00566673	0.0438283	0.064171	19.3367
0.201525	3.2814	0.00569886	0.0438287	0.0644474	19.2282
0.203293	3.27198	0.00573173	0.043829	0.0647112	19.1178
0.205061	3.26238	0.00576533	0.0438294	0.0649625	19.0056
0.206829	3.25131	0.00580501	0.0438298	0.0652738	18.8772
0.208596	3.24007	0.00584555	0.0438302	0.0655668	18.747
0.210364	3.22865	0.00588695	0.0438307	0.0658415	18.6149
0.212132	3.21692	0.00592966	0.0438311	0.0661035	18.4796
0.2139	3.20356	0.00597975	0.0438316	0.0664334	18.3269
0.215668	3.19017	0.00603032	0.0438321	0.0667326	18.1741
0.217435	3.17658	0.00608192	0.0438326	0.0670077	18.0196
0.219203	3.16282	0.00613454	0.0438332	0.0672587	17.8633
0.220971	3.14704	0.006197	0.0438338	0.0675929	17.6862
0.222739	3.13108	0.00626069	0.0438344	0.0678976	17.5075
0.224506	3.11494	0.00632563	0.043835	0.0681728	17.3272
0.226274	3.0986	0.00639181	0.0438357	0.0684187	17.1452
0.228042	3.08037	0.00646886	0.0438364	0.0687677	16.9449
0.22981	3.06197	0.00654731	0.0438371	0.0690828	16.7435
0.231577	3.04342	0.00662714	0.0438378	0.0693638	16.5409
0.233345	3.02471	0.00670837	0.0438386	0.0696109	16.3373
0.235113	3.00435	0.00680117	0.0438394	0.0699811	16.1192
0.236881	2.98388	0.00689543	0.0438403	0.0703131	15.9007
0.238649	2.96331	0.00699115	0.0438412	0.0706069	15.6819
0.240416	2.94264	0.00708833	0.0438421	0.0708624	15.4628
0.242184	2.92066	0.00719743	0.043843	0.0712579	15.2339
0.243952	2.89865	0.00730798	0.0438441	0.0716106	15.0056
0.24572	2.8766	0.00741998	0.0438451	0.0719203	14.7778
0.247487	2.85478	0.0075321	0.0438462	0.0721954	14.5531
0.249255	2.83199	0.00765628	0.0438473	0.0726387	14.3232
0.251023	2.80898	0.00778323	0.0438484	0.0730274	14.0918
0.252791	2.78599	0.0079116	0.0438495	0.0733683	13.8617
0.254558	2.76304	0.00804138	0.0438507	0.0736615	13.6328
0.256326	2.73993	0.00818049	0.043852	0.074165	13.4072
0.258094	2.7169	0.0083209	0.0438533	0.0746193	13.1832
0.259862	2.69395	0.00846261	0.0438546	0.0750244	12.961
0.26163	2.67108	0.00860561	0.043856	0.0753803	12.7405
0.263397	2.6481	0.00875891	0.0438575	0.0759575	12.5236
0.265165	2.62524	0.00891346	0.0438589	0.0764852	12.3088
0.266933	2.60248	0.00906928	0.0438605	0.0769633	12.0959
0.268701	2.57984	0.00922635	0.043862	0.077392	11.885
0.270468	2.5571	0.00939494	0.0438636	0.0780583	11.6777
0.272236	2.53449	0.00956479	0.0438653	0.0786758	11.4726
0.274004	2.51201	0.00973589	0.043867	0.0792444	11.2696
0.275772	2.48968	0.00990824	0.0438687	0.0797642	11.0687
0.277539	2.46725	0.0100934	0.0438704	0.0805411	10.8715
0.279307	2.44498	0.0102797	0.0438722	0.0812701	10.6766
0.281075	2.42288	0.0104673	0.043874	0.0819514	10.484
0.282843	2.40093	0.010656	0.0438759	0.0825849	10.2937
0.28461	2.37885	0.0108596	0.0438779	0.0834873	10.1065
0.286378	2.35673	0.0110663	0.0438799	0.0843461	9.91988
0.288146	2.33482	0.011274	0.043882	0.0851579	9.73588
0.289914	2.31312	0.0114826	0.0438841	0.0859227	9.5545
0.291682	2.291	0.0117109	0.0438862	0.08697	9.3739
0.293449	2.26909	0.0119403	0.0438884	0.0879763	9.19596
0.295217	2.24742	0.0121706	0.0438906	0.0889415	9.02068
0.296985	2.22596	0.0124018	0.0438928	0.0898657	8.84805
0.298753	2.20376	0.0126594	0.043895	0.0910542	8.67372
0.30052	2.18181	0.012918	0.0438973	0.0922054	8.5022
0.302288	2.1601	0.0131775	0.0438996	0.0933195	8.33346
0.304056	2.13865	0.013438	0.043902	0.0943963	8.16751
0.305824	2.11621	0.0137322	0.0439044	0.0957145	7.99837
0.307591	2.09403	0.0140275	0.0439068	0.0969981	7.83206
0.309359	2.07212	0.0143241	0.0439092	0.0982471	7.66856
0.311127	2.05047	0.0146218	0.0439117	0.0994615	7.50789
0.312895	2.02763	0.0149625	0.0439142	0.10089	7.34299
0.314663	2.00506	0.015305	0.0439167	0.102285	7.18081
0.31643	1.98273	0.0156494	0.0439193	0.103647	7.02135
0.318198	1.96065	0.0159958	0.0439217	0.104981	6.86458
0.319966	1.93722	0.0163969	0.0439241	0.106485	6.70292
0.321734	1.914	0.0168018	0.0439268	0.107952	6.54366
0.323501	1.89099	0.0172102	0.0439294	0.109386	6.38686
0.325269	1.86821	0.0176222	0.0439321	0.110786	6.23251
0.327037	1.84396	0.0181041	0.0439347	0.112312	6.07332
0.328805	1.81988	0.0185922	0.0439374	0.113804	5.91629
0.330572	1.79598	0.0190864	0.04394	0.115264	5.76143
0.33234	1.77226	0.0195867	0.0439427	0.116691	5.60873
0.334108	1.74706	0.0201761	0.0439454	0.118185	5.45211
0.335876	1.722	0.0207756	0.0439482	0.119645	5.29738
0.337643	1.69706	0.0213853	0.0439509	0.121073	5.14453
0.339411	1.67225	0.0220051	0.0439537	0.122468	4.99358
0.341179	1.64608	0.0227381	0.0439566	0.123877	4.84037
0.342947	1.62002	0.0234864	0.0439596	0.125254	4.68894
0.344715	1.59405	0.02425	0.0439626	0.126598	4.53931
0.346482	1.56819	0.025029	0.0439656	0.12791	4.39147
0.34825	1.54128	0.025949	0.0439689	0.129195	4.24398
0.350018	1.51449	0.0268899	0.0439723	0.130448	4.0984
0.351786	1.48782	0.0278518	0.0439756	0.131669	3.95475
0.353553	1.4609	0.0288493	0.043979	0.132854	3.8111
0.355321	1.43376	0.0300021	0.0439827	0.133988	3.67277
0.357089	1.40716	0.0311662	0.0439863	0.135094	3.53842
0.358857	1.38075	0.0323554	0.0439899	0.13617	3.40626
0.360624	1.35452	0.0335696	0.0439935	0.137216	3.27629
0.362392	1.32829	0.0349739	0.0439976	0.138184	3.15247
0.36416	1.30239	0.0364028	0.0440018	0.139125	3.03135
0.365928	1.27682	0.0378565	0.044006	0.140038	2.91291
0.367696	1.25156	0.0393349	0.0440103	0.140923	2.79716
0.369463	1.22751	0.0409673	0.0440151	0.141717	2.69221
0.371231	1.20391	0.0426162	0.04402	0.142486	2.59017
0.372999	1.18076	0.0442815	0.0440249	0.14323	2.49105
0.374767	1.15806	0.0459633	0.04403	0.143949	2.39484
0.376534	1.13722	0.0477426	0.0440356	0.144581	2.31053
0.378302	1.11685	0.0495274	0.0440413	0.145192	2.22887
0.38007	1.09697	0.0513177	0.0440471	0.145781	2.14988
0.381838	1.07758	0.0531135	0.0440531	0.146349	2.07353
0.383605	1.06013	0.054952	0.0440598	0.146842	2.00772
0.385373	1.0431	0.0567895	0.0440668	0.147318	1.94398
0.387141	1.02649	0.0586259	0.044074	0.147777	1.88231
0.388909	1.01018	0.0604766	0.0440814	0.148209	1.82225
0.390676	0.995363	0.0623655	0.0440908	0.148596	1.76976
0.392444	0.980945	0.0642445	0.0441002	0.148977	1.71904
0.394212	0.966817	0.0661272	0.0441099	0.149347	1.6697
0.39598	0.952979	0.0680136	0.0441199	0.149705	1.62173
0.397748	0.939556	0.0700559	0.0441319	0.15004	1.57685
0.399515	0.926221	0.0721303	0.0441443	0.15037	1.53257
0.401283	0.912974	0.0742367	0.0441571	0.150697	1.4889
0.403051	0.899815	0.0763752	0.0441703	0.15102	1.44583
0.404819	0.886819	0.0787355	0.0441856	0.151351	1.40482
0.406586	0.873901	0.081136	0.0442013	0.151682	1.36435
0.408354	0.861059	0.0835767	0.0442173	0.152014	1.32441
0.410122	0.848293	0.0860575	0.0442337	0.152347	1.285
0.41189	0.835933	0.088747	0.0442517	0.152703	1.24823
0.413657	0.823713	0.0914668	0.04427	0.153063	1.21214
0.415425	0.811632	0.0942167	0.0442885	0.153424	1.17672
0.417193	0.799691	0.0969968	0.0443072	0.153787	1.14198
0.418961	0.788473	0.0999135	0.0443267	0.154179	1.11049
0.420729	0.777449	0.102841	0.0443463	0.154571	1.07976
0.422496	0.766619	0.10578	0.0443659	0.154965	1.04978
0.424264	0.756004	0.108722	0.0443851	0.15535	1.02061
0.426032	0.746206	0.111736	0.0444054	0.155759	0.994581
0.4278	0.736567	0.114758	0.0444254	0.156168	0.969132
0.429567	0.727112	0.117781	0.0444453	0.156573	0.944328
0.431335	0.71784	0.120807	0.044465	0.156975	0.920169
0.433103	0.709219	0.123901	0.0444846	0.157379	0.898396
0.434871	0.700722	0.127007	0.0445045	0.15778	0.87706
0.436638	0.692349	0.130125	0.0445244	0.158178	0.856162
0.438406	0.6841	0.133255	0.0445445	0.158573	0.835701
0.440174	0.676282	0.136506	0.0445665	0.15898	0.81687
0.441942	0.668553	0.139778	0.044589	0.159386	0.79836
0.443709	0.660916	0.14307	0.044612	0.159791	0.780171
0.445477	0.653368	0.146384	0.0446355	0.160194	0.762302
0.447245	0.646139	0.149855	0.0446621	0.160615	0.745666
0.449013	0.638986	0.153349	0.0446892	0.161035	0.729295
0.450781	0.631911	0.156868	0.0447168	0.161455	0.713188
0.452548	0.624911	0.160411	0.0447449	0.161873	0.697347
0.454316	0.618191	0.16412	0.0447752	0.162307	0.682547
0.456084	0.611545	0.167848	0.0448053	0.162739	0.66799
0.457852	0.604975	0.171596	0.0448353	0.16317	0.653676
0.459619	0.598476	0.175364	0.0448648	0.1636	0.639595
0.461387	0.592262	0.179272	0.0448941	0.164048	0.626485
0.463155	0.58613	0.183189	0.0449228	0.164494	0.613613
0.464923	0.580076	0.187117	0.0449509	0.164937	0.600969
0.46669	0.5741	0.191055	0.0449784	0.165377	0.588555
0.468458	0.568399	0.195124	0.0450075	0.165874	0.577011
0.470226	0.562777	0.199203	0.0450373	0.166382	0.56568
0.471994	0.557234	0.20329	0.0450678	0.166901	0.554562
0.473762	0.551769	0.207386	0.045099	0.167431	0.543659
0.475529	0.546567	0.211619	0.0451365	0.16804	0.533528
0.477297	0.54144	0.215861	0.0451756	0.168662	0.523589
0.479065	0.536388	0.220112	0.0452162	0.169298	0.513839
0.480833	0.53141	0.224372	0.0452584	0.169947	0.504279
0.4826	0.526662	0.228777	0.0453083	0.170648	0.495369
0.484368	0.521981	0.233191	0.0453595	0.171355	0.48662
0.486136	0.517366	0.237612	0.0454121	0.172067	0.478033
0.487904	0.512817	0.242043	0.0454661	0.172785	0.469609
0.489671	0.508451	0.246624	0.0455247	0.173498	0.461698
0.491439	0.504142	0.251212	0.0455837	0.174205	0.453921
0.493207	0.499889	0.255805	0.0456431	0.174906	0.446277
0.494975	0.495691	0.260404	0.0457028	0.1756	0.438768
0.496743	0.491647	0.265139	0.0457622	0.17628	0.431681
0.49851	0.487643	0.269881	0.0458203	0.176936	0.424693
0.500278	0.483688	0.274627	0.0458781	0.177591	0.417817
0.502046	0.479782	0.279376	0.0459355	0.178244	0.411054
0.503814	0.476	0.284284	0.045994	0.178915	0.404638
0.505581	0.47226	0.289199	0.0460524	0.179591	0.398316
0.507349	0.468562	0.294122	0.0461107	0.180272	0.39209
0.509117	0.464905	0.299053	0.0461688	0.180957	0.385958
0.510885	0.461347	0.304152	0.0462263	0.181652	0.380107
0.512652	0.457823	0.309263	0.0462833	0.182347	0.374332
0.51442	0.454332	0.314383	0.0463398	0.18304	0.368636
0.516188	0.450876	0.319515	0.0463957	0.183732	0.363016
0.517956	0.44749	0.324858	0.0464524	0.184415	0.357615
0.519723	0.444131	0.330226	0.0465096	0.185095	0.352277
0.521491	0.4408	0.335619	0.0465673	0.18577	0.347003
0.523259	0.437497	0.341037	0.0466254	0.186442	0.341791
0.525027	0.434244	0.346768	0.0466933	0.187115	0.336757
0.526795	0.431016	0.352551	0.0467644	0.187792	0.331777
0.528562	0.42781	0.358387	0.0468386	0.188473	0.326852
0.53033	0.424617	0.364269	0.0469126	0.189151	0.321964
0.532098	0.421452	0.370588	0.0470035	0.189904	0.317209
0.533866	0.418316	0.376993	0.0471021	0.190701	0.312514
0.535633	0.415196	0.383463	0.0472034	0.191506	0.307861
0.537401	0.412093	0.39	0.0473071	0.192318	0.303251
0.539169	0.408962	0.396976	0.0474094	0.193139	0.298686
0.540937	0.40584	0.404012	0.0475111	0.193956	0.294153
0.542704	0.402729	0.41111	0.0476123	0.194769	0.289652
0.544472	0.399627	0.418268	0.0477129	0.195579	0.285181
0.54624	0.396505	0.425897	0.0478112	0.196381	0.280769
0.548008	0.393394	0.433598	0.0479097	0.197178	0.276389
0.549775	0.390294	0.44137	0.0480082	0.197968	0.272042
0.551543	0.387206	0.449213	0.0481069	0.198753	0.267729
0.553311	0.384117	0.457596	0.0482094	0.199518	0.2635
0.555079	0.381043	0.466062	0.0483131	0.200275	0.259308
0.556847	0.377983	0.474612	0.048418	0.201022	0.255152
0.558614	0.374938	0.483246	0.0485243	0.20176	0.251033
0.560382	0.371908	0.492474	0.0486375	0.202464	0.247017
0.56215	0.368894	0.501786	0.0487515	0.203158	0.243038
0.563918	0.365897	0.511181	0.0488664	0.203843	0.239096
0.565685	0.362918	0.520671	0.0489839	0.204553	0.235196
0.567453	0.359965	0.53071	0.0491012	0.205291	0.231407
0.569221	0.357025	0.540794	0.0492143	0.205981	0.227649
0.570989	0.354107	0.55098	0.0493312	0.206692	0.223937
0.572756	0.351212	0.561267	0.0494517	0.207423	0.220268
0.574524	0.34837	0.572354	0.0495971	0.208291	0.216739
0.576292	0.34555	0.583555	0.0497464	0.209164	0.213251
0.57806	0.342753	0.594871	0.0498995	0.210043	0.209806
0.579828	0.339977	0.606301	0.0500565	0.210929	0.206401
0.581595	0.337259	0.618466	0.0502286	0.211826	0.203133
0.583363	0.334561	0.630726	0.0504021	0.21271	0.199903
0.585131	0.331885	0.643082	0.0505769	0.213579	0.196711
0.586899	0.329229	0.655534	0.0507531	0.214435	0.193556
0.588666	0.326625	0.668628	0.0509323	0.215245	0.190525
0.590434	0.32404	0.6818	0.051111	0.216043	0.187527
0.592202	0.321475	0.695049	0.051289	0.216828	0.184564
0.59397	0.318929	0.708377	0.0514665	0.2176	0.181635
0.595737	0.316431	0.722305	0.0516409	0.218369	0.178818
0.597505	0.313954	0.736304	0.0518148	0.219146	0.176034
0.599273	0.311497	0.750373	0.0519882	0.21993	0.173285
0.601041	0.30908	0.764535	0.052169	0.220759	0.170591
0.602809	0.306711	0.779487	0.0523581	0.221581	0.168
0.604576	0.304346	0.794557	0.0525447	0.222357	0.165424
0.606344	0.302012	0.809748	0.0527376	0.223146	0.162892
0.608112	0.29971	0.82506	0.0529369	0.223947	0.160403
0.60988	0.297474	0.8416	0.0531764	0.224818	0.158032
0.611647	0.295258	0.858296	0.0534203	0.225699	0.155691
0.613415	0.293062	0.875149	0.0536686	0.226592	0.153379
0.615183	0.290886	0.892158	0.0539212	0.227495	0.151098
0.616951	0.288754	0.910228	0.0541904	0.228433	0.148903
0.618718	0.286636	0.928416	0.0544591	0.229372	0.14673
0.620486	0.284532	0.946723	0.0547274	0.230312	0.14458
0.622254	0.282442	0.965149	0.0549952	0.231253	0.142453
0.624022	0.280379	0.984582	0.0552664	0.232173	0.140391
0.62579	0.278328	1.00416	0.0555376	0.233084	0.138348
0.627557	0.276289	1.02389	0.0558086	0.233985	0.136325
0.629325	0.274263	1.04376	0.0560796	0.234877	0.134321
0.631093	0.272263	1.06499	0.0563691	0.235714	0.132381
0.632861	0.27028	1.08649	0.0566655	0.236545	0.130463
0.634628	0.268313	1.10824	0.0569687	0.23737	0.128567
0.636396	0.266372	1.13021	0.0572806	0.238199	0.126704
0.638164	0.264445	1.15369	0.0576067	0.239129	0.124887
0.639932	0.262523	1.17752	0.0579381	0.240075	0.123082
0.641699	0.26062	1.20163	0.0582777	0.241046	0.1213
0.643467	0.258736	1.22603	0.0586257	0.242044	0.119543
0.645235	0.256881	1.25244	0.0590103	0.243079	0.117844
0.647003	0.255039	1.27916	0.0594005	0.244107	0.116163
0.648771	0.253209	1.30619	0.0597962	0.24513	0.1145
0.650538	0.251392	1.33353	0.0601973	0.246146	0.112854
0.652306	0.249597	1.36269	0.0606151	0.247138	0.111256
0.654074	0.247813	1.39211	0.0610341	0.248121	0.109674
0.655842	0.246039	1.42179	0.0614543	0.249095	0.108107
0.657609	0.244276	1.45173	0.0618757	0.250059	0.106555
0.659377	0.242535	1.48344	0.0623048	0.251038	0.105049
0.661145	0.240804	1.51544	0.0627366	0.252018	0.103558
0.662913	0.239086	1.54776	0.0631711	0.252998	0.102083
0.66468	0.237378	1.58037	0.0636083	0.253981	0.100622
0.666448	0.235705	1.61531	0.0640764	0.255022	0.0992162
0.668216	0.234049	1.65079	0.0645589	0.256059	0.0978294
0.669984	0.232411	1.68681	0.0650557	0.257093	0.0964619
0.671751	0.230806	1.72317	0.0655683	0.258067	0.0951275
0.673519	0.229237	1.76318	0.0661552	0.25912	0.0938455
0.675287	0.227646	1.8036	0.0667274	0.260266	0.0925497
0.677055	0.226075	1.84424	0.0673013	0.26143	0.0912739
0.678823	0.224522	1.88509	0.0678768	0.262613	0.090018
0.68059	0.222985	1.92942	0.0684974	0.263709	0.0887959
0.682358	0.221457	1.97431	0.0691245	0.264795	0.0875853
0.684126	0.219938	2.01974	0.0697582	0.265871	0.0863862
0.685894	0.218429	2.06571	0.0703985	0.266938	0.0851987
0.687661	0.216932	2.11554	0.0710818	0.26799	0.0840405
0.689429	0.215443	2.16601	0.0717725	0.269048	0.0828931
0.691197	0.213964	2.21711	0.0724706	0.270113	0.0817566
0.692965	0.212493	2.26886	0.073176	0.271185	0.0806309
0.694732	0.211033	2.32496	0.0739271	0.272319	0.0795326
0.6965	0.209583	2.38192	0.0746903	0.273461	0.078445
0.698268	0.208142	2.43973	0.0754654	0.274612	0.0773681
0.700036	0.20671	2.49838	0.0762527	0.275772	0.076302
0.701804	0.205286	2.56263	0.0771047	0.276973	0.0752597
0.703571	0.203873	2.628	0.0779756	0.278166	0.0742292
0.705339	0.202472	2.6945	0.0788653	0.27935	0.0732104
0.707107	0.201198	2.76411	0.0799234	0.280394	0.0722867
0.708875	0.199428	2.83981	0.0806447	0.281384	0.0710239
0.710642	0.198247	2.9099	0.0816451	0.282849	0.0701873
0.71241	0.196948	2.98183	0.082579	0.284115	0.0692704
0.714178	0.195533	3.05559	0.0834461	0.285182	0.0682733
0.715946	0.194138	3.14393	0.0845933	0.286466	0.0673077
0.717713	0.192753	3.23305	0.0857411	0.287738	0.066353
0.719481	0.19138	3.32296	0.0868898	0.288998	0.0654089
0.721249	0.190017	3.41366	0.0880392	0.290246	0.0644757
0.723017	0.18864	3.50933	0.0891532	0.291339	0.0635497
0.724784	0.187239	3.60537	0.0902223	0.292356	0.0626115
0.726552	0.185814	3.70178	0.0912466	0.293298	0.0616609
0.72832	0.184366	3.79856	0.092226	0.294164	0.060698
0.730088	0.182869	3.91642	0.093489	0.295222	0.059722
0.731856	0.181415	4.04027	0.0948978	0.296452	0.058778
0.733623	0.180006	4.17014	0.0964524	0.297856	0.057866
0.735391	0.17864	4.30601	0.0981529	0.299431	0.056986
0.737159	0.177784	4.49009	0.101322	0.302643	0.0564432
0.738927	0.177165	4.67845	0.104844	0.306438	0.0560504
0.740694	0.176782	4.8711	0.108718	0.310817	0.0558074
0.742462	0.174332	4.93641	0.107161	0.308128	0.0542706
0.74423	0.173332	4.99117	0.107114	0.308012	0.0536515
0.745998	0.17272	4.99117	0.106359	0.306163	0.0532737
0.747765	0.172106	4.99117	0.105605	0.304313	0.0528958
0.749533	0.171491	4.99117	0.10485	0.30246	0.0525179
0.751301	0.165148	4.73601	0.0922636	0.286	0.0487032
0.753069	0.153658	4.06518	0.0711281	0.282217	0.0403083
0.754836	0.14435	3.34941	0.0500037	0.223872	0.0287379
0.756604	0.136437	2.6336	0.0288782	0.165522	0.0135274
0.758372	0.12992	1.91783	0.00775372	0.107171	-0.00532162
0.76014	0.0353792	1.20242	0.00107504	0.0178754	0.00223516
0.761908	0.00138212	1.02081	1.43083e-06	0.000136065	3.48929e-06
0.763675	0.00118651	1.01405	9.66879e-07	0.000102454	2.36108e-06
0.765443	0.00101991	1.0073	5.02948e-07	7.53457e-05	1.22534e-06
0.767211	0.000882309	1.00055	3.89947e-08	5.47369e-05	8.19477e-08
0.768979	0.00011858	1.00017	1.00455e-08	5.50779e-08	2.51094e-08
0.770746	0.00011836	1.00004	1.0007e-08	1.7735e-08	2.50164e-08
0.772514	0.000118335	1.00001	1.00023e-08	1.77265e-08	2.50055e-08
0.774282	0.000118309	0.999986	9.99767e-09	1.7718e-08	2.49945e-08
0.77605	0.000118283	0.999959	9.99302e-09	1.77095e-08	2.49836e-08
0.777817	0.000118218	0.999974	9.98224e-09	1.83753e-08	2.49562e-08
0.779585	0.000118322	1.00001	1.00001e-08	4.55702e-10	2.50001e-08
0.781353	0.000118322	1	1e-08	2.29187e-10	2.5e-08
0.783121	0.000118322	1	1e-08	7.83714e-11	2.5e-08
0.784889	0.000118322	1	1e-08	3.23988e-12	2.5e-08
0.786656	0.000118322	1	1e-08	7.06432e-12	2.5e-08
0.788424	0.000118322	1	1e-08	9.52626e-12	2.5e-08
0.790192	0.000118322	1	1e-08	1.06255e-11	2.5e-08
0.79196	0.000118322	1	1e-08	1.0362e-11	2.5e-08
0.793727	0.000118322	1	1e-08	6.00783e-12	2.5e-08
0.795495	0.000118322	1	1e-08	2.83141e-12	2.5e-08
0.797263	0.000118322	1	1e-08	8.33013e-13	2.5e-08
0.799031	0.000118322	1	1e-08	1.26533e-14	2.5e-08
0.800798	0.000118322	1	1e-08	5.87837e-13	2.5e-08
0.802566	0.000118322	1	1e-08	1.91362e-12	2.5e-08
0.804334	0.000118322	1	1e-08	3.99014e-12	2.5e-08
0.806102	0.000118322	1	1e-08	6.81719e-12	2.5e-08
0.80787	0.000118322	1	1e-08	1.1536e-11	2.5e-08
0.809637	0.000118322	1	1e-08	1.74694e-11	2.5e-08
0.811405	0.000118322	1	1e-08	2.46179e-11	2.5e-08
0.813173	0.000118322	1	1e-08	1.44417e-14	2.5e-08
0.814941	0.000118322	1	1e-08	1.73178e-18	2.5e-08
0.816708	0.000118322	1	1e-08	8.08241e-19	2.5e-08
0.818476	0.000118322	1	1e-08	2.34148e-19	2.5e-08
0.820244	0.000118322	1	1e-08	9.55445e-21	2.5e-08
0.822012	0.000118322	1	1e-08	1.5982e-20	2.5e-08
0.823779	0.000118322	1	1e-08	2.90594e-20	2.5e-08
0.825547	0.000118322	1	1e-08	4.87877e-20	2.5e-08
0.827315	0.000118322	1	1e-08	7.51652e-20	2.5e-08
0.829083	0.000118322	1	1e-08	4.44725e-20	2.5e-08
0.83085	0.000118322	1	1e-08	2.2079e-20	2.5e-08
0.832618	0.000118322	1	1e-08	7.98268e-21	2.5e-08
0.834386	0.000118322	1	1e-08	2.18474e-21	2.5e-08
0.836154	0.000118322	1	1e-08	5.70763e-21	2.5e-08
0.837922	0.000118322	1	1e-08	1.32563e-20	2.5e-08
0.839689	0.000118322	1	1e-08	2.48314e-20	2.5e-08
0.841457	0.000118322	1	1e-08	4.04328e-20	2.5e-08
0.843225	0.000118322	1	1e-08	6.73292e-20	2.5e-08
0.844993	0.000118322	1	1e-08	9.76311e-20	2.5e-08
0.84676	0.000118322	1	1e-08	1.31336e-19	2.5e-08
0.848528	0.000118322	1	1e-08	3.04573e-20	2.5e-08
0.850296	0.000118322	1	1e-08	2.14958e-20	2.5e-08
0.852064	0.000118322	1	1e-08	1.43904e-20	2.5e-08
0.853831	0.000118322	1	1e-08	9.14186e-21	2.5e-08
0.855599	0.000118322	1	1e-08	5.74957e-21	2.5e-08
0.857367	0.000118322	1	1e-08	4.14525e-21	2.5e-08
0.859135	0.000118322	1	1e-08	3.48113e-21	2.5e-08
0.860902	0.000118322	1	1e-08	3.75725e-21	2.5e-08
0.86267	0.000118322	1	1e-08	4.97366e-21	2.5e-08
0.864438	0.000118322	1	1e-08	5.2644e-21	2.5e-08
0.866206	0.000118322	1	1e-08	5.30761e-21	2.5e-08
0.867974	0.000118322	1	1e-08	5.10326e-21	2.5e-08
0.869741	0.000118322	1	1e-08	4.65134e-21	2.5e-08
0.871509	0.000118322	1	1e-08	4.02756e-21	2.5e-08
0.873277	0.000118322	1	1e-08	3.19881e-21	2.5e-08
0.875045	0.000118322	1	1e-08	2.16516e-21	2.5e-08
0.876812	0.000118322	1	1e-08	9.26522e-22	2.5e-08
0.87858	0.000118322	1	1e-08	6.05927e-21	2.5e-08
0.880348	0.000118322	1	1e-08	1.25033e-20	2.5e-08
0.882116	0.000118322	1	1e-08	2.02581e-20	2.5e-08
0.883883	0.000118322	1	1e-08	2.93242e-20	2.5e-08
0.885651	0.000118322	1	1e-08	1.7911e-20	2.5e-08
0.887419	0.000118322	1	1e-08	1.38433e-20	2.5e-08
0.889187	0.000118322	1	1e-08	9.82406e-21	2.5e-08
0.890955	0.000118322	1	1e-08	5.85355e-21	2.5e-08
0.892722	0.000118322	1	1e-08	5.79182e-21	2.5e-08
0.89449	0.000118322	1	1e-08	5.43749e-21	2.5e-08
0.896258	0.000118322	1	1e-08	4.79054e-21	2.5e-08
0.898026	0.000118322	1	1e-08	3.85102e-21	2.5e-08
0.899793	0.000118322	1	1e-08	4.33395e-21	2.5e-08
0.901561	0.000118322	1	1e-08	4.62849e-21	2.5e-08
0.903329	0.000118322	1	1e-08	4.73467e-21	2.5e-08
0.905097	0.000118322	1	1e-08	4.65249e-21	2.5e-08
0.906864	0.000118322	1	1e-08	3.91972e-21	2.5e-08
0.908632	0.000118322	1	1e-08	3.17143e-21	2.5e-08
0.9104	0.000118322	1	1e-08	2.40757e-21	2.5e-08
0.912168	0.000118322	1	1e-08	1.6282e-21	2.5e-08
0.913936	0.000118322	1	1e-08	6.61579e-21	2.5e-08
0.915703	0.000118322	1	1e-08	9.77372e-21	2.5e-08
0.917471	0.000118322	1	1e-08	1.11023e-20	2.5e-08
0.919239	0.000118322	1	1e-08	3.16044e-20	2.5e-08
0.921007	0.000118322	1	1e-08	2.34555e-20	2.5e-08
0.922774	0.000118322	1	1e-08	1.54316e-20	2.5e-08
0.924542	0.000118322	1	1e-08	8.62502e-21	2.5e-08
0.92631	0.000118322	1	1e-08	3.03654e-21	2.5e-08
0.928078	0.000118322	1	1e-08	3.07647e-21	2.5e-08
0.929845	0.000118322	1	1e-08	3.42202e-21	2.5e-08
0.931613	0.000118322	1	1e-08	4.07314e-21	2.5e-08
0.933381	0.000118322	1	1e-08	5.0299e-21	2.5e-08
0.935149	0.000118322	1	1e-08	4.90008e-21	2.5e-08
0.936917	0.000118322	1	1e-08	4.77624e-21	2.5e-08
0.938684	0.000118322	1	1e-08	4.65838e-21	2.5e-08
0.940452	0.000118322	1	1e-08	4.54651e-21	2.5e-08
0.94222	0.000118322	1	1e-08	4.64598e-21	2.5e-08
0.943988	0.000118322	1	1e-08	4.7945e-21	2.5e-08
0.945755	0.000118322	1	1e-08	4.99207e-21	2.5e-08
0.947523	0.000118322	1	1e-08	5.23869e-21	2.5e-08
0.949291	0.000118322	1	1e-08	7.48777e-21	2.5e-08
0.951059	0.000118322	1	1e-08	9.61833e-21	2.5e-08
0.952826	0.000118322	1	1e-08	1.16302e-20	2.5e-08
0.954594	0.000118322	1	1e-08	3.75455e-20	2.5e-08
0.956362	0.000118322	1	1e-08	2.02661e-20	2.5e-08
0.95813	0.000118322	1	1e-08	1.5205e-20	2.5e-08
0.959897	0.000118322	1	1e-08	1.01551e-20	2.5e-08
0.961665	0.000118322	1	1e-08	5.11572e-21	2.5e-08
0.963433	0.000118322	1	1e-08	6.61982e-21	2.5e-08
0.965201	0.000118322	1	1e-08	7.96022e-21	2.5e-08
0.966968	0.000118322	1	1e-08	9.13681e-21	2.5e-08
0.968736	0.000118322	1	1e-08	1.01497e-20	2.5e-08
0.970504	0.000118322	1	1e-08	8.74542e-21	2.5e-08
0.972272	0.000118322	1	1e-08	8.24864e-21	2.5e-08
0.97404	0.000118322	1	1e-08	8.65943e-21	2.5e-08
0.975807	0.000118322	1	1e-08	9.97771e-21	2.5e-08
0.977575	0.000118322	1	1e-08	8.17781e-21	2.5e-08
0.979343	0.000118322	1	1e-08	6.49914e-21	2.5e-08
0.981111	0.000118322	1	1e-08	4.94153e-21	2.5e-08
0.982878	0.000118322	1	1e-08	3.50514e-21	2.5e-08
0.984646	0.000118322	1	1e-08	7.99296e-21	2.5e-08
0.986414	0.000118322	1	1e-08	1.13232e-20	2.5e-08
0.988182	0.000118322	1	1e-08	1.34962e-20	2.5e-08
0.989949	0.000118322	1	1e-08	4.06864e-20	2.5e-08
0.991717	0.000118322	1	1e-08	3.03321e-20	2.5e-08
0.993485	0.000118322	1	1e-08	2.05476e-20	2.5e-08
0.995253	0.000118322	1	1e-08	1.17792e-20	2.5e-08
0.997021	0.000118322	1	1e-08	4.02782e-21	2.5e-08
0.998788	0.000118322	1	1e-08	5.58041e-21	2.5e-08
1.00056	0.000118322	1	1e-08	6.53083e-21	2.5e-08
1.00232	0.000118322	1	1e-08	6.87919e-21	2.5e-08
1.00409	0.000118322	1	1e-08	6.62544e-21	2.5e-08
1.00586	0.000118322	1	1e-08	6.88874e-21	2.5e-08
1.00763	0.000118322	1	1e-08	7.44265e-21	2.5e-08
1.00939	0.000118322	1	1e-08	8.28722e-21	2.5e-08
1.01116	0.000118322	1	1e-08	9.42237e-21	2.5e-08
1.01293	0.000118322	1	1e-08	9.05476e-21	2.5e-08
1.0147	0.000118322	1	1e-08	8.62693e-21	2.5e-08
1.01647	0.000118322	1	1e-08	8.13882e-21	2.5e-08
1.01823	0.000118322	1	1e-08	7.59045e-21	2.5e-08
1.02	0.000118322	1	1e-08	1.00481e-20	2.5e-08
1.02177	0.000118322	1	1e-08	1.26829e-20	2.5e-08
1.02354	0.000118322	1	1e-08	1.54946e-20	2.5e-08
1.0253	0.000118322	1	1e-08	1.92043e-20	2.5e-08
1.02707	0.000118322	1	1e-08	1.50356e-20	2.5e-08
1.02884	0.000118322	1	1e-08	1.47842e-20	2.5e-08
1.03061	0.000118322	1	1e-08	1.42876e-20	2.5e-08
1.03238	0.000118322	1	1e-08	1.35456e-20	2.5e-08
1.03414	0.000118322	1	1e-08	1.11039e-20	2.5e-08
1.03591	0.000118322	1	1e-08	8.98636e-21	2.5e-08
1.03768	0.000118322	1	1e-08	7.19313e-21	2.5e-08
1.03945	0.000118322	1	1e-08	5.72408e-21	2.5e-08
1.04121	0.000118322	1	1e-08	5.54659e-21	2.5e-08
1.04298	0.000118322	1	1e-08	5.7606e-21	2.5e-08
1.04475	0.000118322	1	1e-08	6.36612e-21	2.5e-08
1.04652	0.000118322	1	1e-08	7.36318e-21	2.5e-08
1.04829	0.000118322	1	1e-08	6.66473e-21	2.5e-08
1.05005	0.000118322	1	1e-08	5.75463e-21	2.5e-08
1.05182	0.000118322	1	1e-08	4.63297e-21	2.5e-08
1.05359	0.000118322	1	1e-08	3.29964e-21	2.5e-08
1.05536	0.000118322	1	1e-08	1.0088e-20	2.5e-08
1.05712	0.000118322	1	1e-08	1.86878e-20	2.5e-08
1.05889	0.000118322	1	1e-08	2.90985e-20	2.5e-08
1.06066	0.000118322	1	1e-08	2.47758e-20	2.5e-08
1.06243	0.000118322	1	1e-08	1.89481e-20	2.5e-08
1.0642	0.000118322	1	1e-08	1.50088e-20	2.5e-08
1.06596	0.000118322	1	1e-08	1.09179e-20	2.5e-08
1.06773	0.000118322	1	1e-08	6.67591e-21	2.5e-08
1.0695	0.000118322	1	1e-08	6.58294e-21	2.5e-08
1.07127	0.000118322	1	1e-08	6.7876e-21	2.5e-08
1.07303	0.000118322	1	1e-08	7.28991e-21	2.5e-08
1.0748	0.000118322	1	1e-08	8.08983e-21	2.5e-08
1.07657	0.000118322	1	1e-08	6.7487e-21	2.5e-08
1.07834	0.000118322	1	1e-08	5.57571e-21	2.5e-08
1.08011	0.000118322	1	1e-08	4.57075e-21	2.5e-08
1.08187	0.000118322	1	1e-08	3.73393e-21	2.5e-08
1.08364	0.000118322	1	1e-08	4.21013e-21	2.5e-08
1.08541	0.000118322	1	1e-08	4.90519e-21	2.5e-08
1.08718	0.000118322	1	1e-08	5.81917e-21	2.5e-08
1.08894	0.000118322	1	1e-08	6.95199e-21	2.5e-08
1.09071	0.000118322	1	1e-08	1.15227e-20	2.5e-08
1.09248	0.000118322	1	1e-08	1.82288e-20	2.5e-08
1.09425	0.000118322	1	1e-08	2.70709e-20	2.5e-08
1.09602	0.000118322	1	1e-08	2.38117e-20	2.5e-08
1.09778	0.000118322	1	1e-08	4.57896e-20	2.5e-08
1.09955	0.000118322	1	1e-08	2.98322e-20	2.5e-08
1.10132	0.000118322	1	1e-08	1.67118e-20	2.5e-08
1.10309	0.000118322	1	1e-08	6.42959e-21	2.5e-08
1.10485	0.000118322	1	1e-08	7.40148e-21	2.5e-08
1.10662	0.000118322	1	1e-08	8.10102e-21	2.5e-08
1.10839	0.000118322	1	1e-08	8.52821e-21	2.5e-08
1.11016	0.000118322	1	1e-08	8.68307e-21	2.5e-08
1.11193	0.000118322	1	1e-08	8.14504e-21	2.5e-08
1.11369	0.000118322	1	1e-08	7.60381e-21	2.5e-08
1.11546	0.000118322	1	1e-08	7.05942e-21	2.5e-08
1.11723	0.000118322	1	1e-08	6.51182e-21	2.5e-08
1.119	0.000118322	1	1e-08	6.28278e-21	2.5e-08
1.12076	0.000118322	1	1e-08	5.55148e-21	2.5e-08
1.12253	0.000118322	1	1e-08	4.31799e-21	2.5e-08
1.1243	0.000118322	1	1e-08	2.5822e-21	2.5e-08
1.12607	0.000118322	1	1e-08	1.25941e-20	2.5e-08
1.12784	0.000118322	1	1e-08	2.60589e-20	2.5e-08
1.1296	0.000118322	1	1e-08	4.29753e-20	2.5e-08
1.13137	0.000118322	1	1e-08	3.19912e-20	2.5e-08
1.13314	0.000118322	1	1e-08	3.20373e-20	2.5e-08
1.13491	0.000118322	1	1e-08	2.18995e-20	2.5e-08
1.13667	0.000118322	1	1e-08	1.17921e-20	2.5e-08
1.13844	0.000118322	1	1e-08	1.71423e-21	2.5e-08
1.14021	0.000118322	1	1e-08	2.88668e-21	2.5e-08
1.14198	0.000118322	1	1e-08	3.49953e-21	2.5e-08
1.14375	0.000118322	1	1e-08	3.55273e-21	2.5e-08
1.14551	0.000118322	1	1e-08	3.04627e-21	2.5e-08
1.14728	0.000118322	1	1e-08	3.67324e-21	2.5e-08
1.14905	0.000118322	1	1e-08	4.7658e-21	2.5e-08
1.15082	0.000118322	1	1e-08	6.32394e-21	2.5e-08
1.15258	0.000118322	1	1e-08	8.34755e-21	2.5e-08
1.15435	0.000118322	1	1e-08	8.62195e-21	2.5e-08
1.15612	0.000118322	1	1e-08	9.13471e-21	2.5e-08
1.15789	0.000118322	1	1e-08	9.88589e-21	2.5e-08
1.15966	0.000118322	1	1e-08	1.08754e-20	2.5e-08
1.16142	0.000118322	1	1e-08	1.59654e-20	2.5e-08
1.16319	0.000118322	1	1e-08	2.65301e-20	2.5e-08
1.16496	0.000118322	1	1e-08	4.25703e-20	2.5e-08
1.16673	0.000118322	1	1e-08	3.1491e-20	2.5e-08
1.16849	0.000118322	1	1e-08	3.76288e-20	2.5e-08
1.17026	0.000118322	1	1e-08	2.10135e-20	2.5e-08
1.17203	0.000118322	1	1e-08	9.3528e-21	2.5e-08
1.1738	0.000118322	1	1e-08	2.64775e-21	2.5e-08
1.17557	0.000118322	1	1e-08	4.10021e-21	2.5e-08
1.17733	0.000118322	1	1e-08	4.78942e-21	2.5e-08
1.1791	0.000118322	1	1e-08	4.71546e-21	2.5e-08
1.18087	0.000118322	1	1e-08	3.87832e-21	2.5e-08
1.18264	0.000118322	1	1e-08	3.57765e-21	2.5e-08
1.1844	0.000118322	1	1e-08	3.19283e-21	2.5e-08
1.18617	0.000118322	1	1e-08	2.72382e-21	2.5e-08
1.18794	0.000118322	1	1e-08	2.17066e-21	2.5e-08
1.18971	0.000118322	1	1e-08	2.26389e-21	2.5e-08
1.19147	0.000118322	1	1e-08	2.50916e-21	2.5e-08
1.19324	0.000118322	1	1e-08	2.9065e-21	2.5e-08
1.19501	0.000118322	1	1e-08	3.45589e-21	2.5e-08
1.19678	0.000118322	1	1e-08	6.63624e-21	2.5e-08
1.19855	0.000118322	1	1e-08	1.02934e-20	2.5e-08
1.20031	0.000118322	1	1e-08	1.44269e-20	2.5e-08
1.20208	0.000118322	1	1e-08	6.81762e-20	2.5e-08
1.20385	0.000118322	1	1e-08	3.68179e-20	2.5e-08
1.20562	0.000118322	1	1e-08	2.0998e-20	2.5e-08
1.20738	0.000118322	1	1e-08	9.96724e-21	2.5e-08
1.20915	0.000118322	1	1e-08	3.72467e-21	2.5e-08
1.21092	0.000118322	1	1e-08	4.8597e-21	2.5e-08
1.21269	0.000118322	1	1e-08	5.29951e-21	2.5e-08
1.21446	0.000118322	1	1e-08	5.04404e-21	2.5e-08
1.21622	0.000118322	1	1e-08	4.09327e-21	2.5e-08
1.21799	0.000118322	1	1e-08	5.19435e-21	2.5e-08
1.21976	0.000118322	1	1e-08	6.33454e-21	2.5e-08
1.22153	0.000118322	1	1e-08	7.51375e-21	2.5e-08
1.22329	0.000118322	1	1e-08	8.73208e-21	2.5e-08
1.22506	0.000118322	1	1e-08	8.76328e-21	2.5e-08
1.22683	0.000118322	1	1e-08	8.95416e-21	2.5e-08
1.2286	0.000118322	1	1e-08	9.30469e-21	2.5e-08
1.23037	0.000118322	1	1e-08	9.81491e-21	2.5e-08
1.23213	0.000118322	1	1e-08	1.34407e-20	2.5e-08
1.2339	0.000118322	1	1e-08	1.63301e-20	2.5e-08
1.23567	0.000118322	1	1e-08	1.8483e-20	2.5e-08
1.23744	0.000118322	1	1e-08	3.80922e-20	2.5e-08
1.2392	0.000118322	1	1e-08	3.16037e-20	2.5e-08
1.24097	0.000118322	1	1e-08	2.29988e-20	2.5e-08
1.24274	0.000118322	1	1e-08	1.52386e-20	2.5e-08
1.24451	0.000118322	1	1e-08	8.32381e-21	2.5e-08
1.24628	0.000118322	1	1e-08	9.10495e-21	2.5e-08
1.24804	0.000118322	1	1e-08	9.35243e-21	2.5e-08
1.24981	0.000118322	1	1e-08	9.06627e-21	2.5e-08
1.25158	0.000118322	1	1e-08	8.24649e-21	2.5e-08
1.25335	0.000118322	1	1e-08	6.95776e-21	2.5e-08
1.25511	0.000118322	1	1e-08	5.70693e-21	2.5e-08
1.25688	0.000118322	1	1e-08	4.49388e-21	2.5e-08
1.25865	0.000118322	1	1e-08	3.31872e-21	2.5e-08
1.26042	0.000118322	1	1e-08	5.3528e-21	2.5e-08
1.26219	0.000118322	1	1e-08	6.09796e-21	2.5e-08
1.26395	0.000118322	1	1e-08	5.55428e-21	2.5e-08
1.26572	0.000118322	1	1e-08	3.7218e-21	2.5e-08
1.26749	0.000118322	1	1e-08	1.56513e-20	2.5e-08
1.26926	0.000118322	1	1e-08	3.80977e-20	2.5e-08
1.27102	0.000118322	1	1e-08	7.10631e-20	2.5e-08
1.27279	0.000118322	1	1e-08	8.27582e-20	2.5e-08
1.27456	0.000118322	1	1e-08	5.76299e-20	2.5e-08
1.27633	0.000118322	1	1e-08	3.78746e-20	2.5e-08
1.2781	0.000118322	1	1e-08	2.34906e-20	2.5e-08
1.27986	0.000118322	1	1e-08	1.44791e-20	2.5e-08
1.28163	0.000118322	1	1e-08	1.06242e-20	2.5e-08
1.2834	0.000118322	1	1e-08	7.56318e-21	2.5e-08
1.28517	0.000118322	1	1e-08	5.29621e-21	2.5e-08
1.28693	0.000118322	1	1e-08	3.82306e-21	2.5e-08
1.2887	0.000118322	1	1e-08	4.03296e-21	2.5e-08
1.29047	0.000118322	1	1e-08	4.23021e-21	2.5e-08
1.29224	0.000118322	1	1e-08	4.4148e-21	2.5e-08
1.29401	0.000118322	1	1e-08	4.58675e-21	2.5e-08
1.29577	0.000118322	1	1e-08	6.71134e-21	2.5e-08
1.29754	0.000118322	1	1e-08	7.6281e-21	2.5e-08
1.29931	0.000118322	1	1e-08	7.33694e-21	2.5e-08
1.30108	0.000118322	1	1e-08	5.83783e-21	2.5e-08
1.30284	0.000118322	1	1e-08	1.3656e-20	2.5e-08
1.30461	0.000118322	1	1e-08	2.8723e-20	2.5e-08
1.30638	0.000118322	1	1e-08	5.10376e-20	2.5e-08
1.30815	0.000118322	1	1e-08	7.1455e-20	2.5e-08
1.30992	0.000118322	1	1e-08	7.31528e-20	2.5e-08
1.31168	0.000118322	1	1e-08	4.22454e-20	2.5e-08
1.31345	0.000118322	1	1e-08	1.96036e-20	2.5e-08
1.31522	0.000118322	1	1e-08	5.22504e-21	2.5e-08
1.31699	0.000118322	1	1e-08	7.24204e-21	2.5e-08
1.31875	0.000118322	1	1e-08	1.11078e-20	2.5e-08
1.32052	0.000118322	1	1e-08	1.6822e-20	2.5e-08
1.32229	0.000118322	1	1e-08	2.43852e-20	2.5e-08
1.32406	0.000118322	1	1e-08	2.51456e-20	2.5e-08
1.32583	0.000118322	1	1e-08	2.64666e-20	2.5e-08
1.32759	0.000118322	1	1e-08	2.8348e-20	2.5e-08
1.32936	0.000118322	1	1e-08	3.07898e-20	2.5e-08
1.33113	0.000118322	1	1e-08	2.31463e-20	2.5e-08
1.3329	0.000118322	1	1e-08	1.70016e-20	2.5e-08
1.33466	0.000118322	1	1e-08	1.23553e-20	2.5e-08
1.33643	0.000118322	1	1e-08	9.20769e-21	2.5e-08
1.3382	0.000118322	1	1e-08	2.0122e-20	2.5e-08
1.33997	0.000118322	1	1e-08	3.07858e-20	2.5e-08
1.34174	0.000118322	1	1e-08	4.12003e-20	2.5e-08
1.3435	0.000118322	1	1e-08	1.32129e-19	2.5e-08
1.34527	0.000118322	1	1e-08	4.21755e-20	2.5e-08
1.34704	0.000118322	1	1e-08	2.47402e-20	2.5e-08
1.34881	0.000118322	1	1e-08	1.16418e-20	2.5e-08
1.35057	0.000118322	1	1e-08	2.8818e-21	2.5e-08
1.35234	0.000118322	1	1e-08	5.00644e-21	2.5e-08
1.35411	0.000118322	1	1e-08	6.39988e-21	2.5e-08
1.35588	0.000118322	1	1e-08	7.06224e-21	2.5e-08
1.35765	0.000118322	1	1e-08	6.99347e-21	2.5e-08
1.35941	0.000118322	1	1e-08	7.2535e-21	2.5e-08
1.36118	0.000118322	1	1e-08	7.8834e-21	2.5e-08
1.36295	0.000118322	1	1e-08	8.88323e-21	2.5e-08
1.36472	0.000118322	1	1e-08	1.02529e-20	2.5e-08
1.36648	0.000118322	1	1e-08	1.007e-20	2.5e-08
1.36825	0.000118322	1	1e-08	9.23818e-21	2.5e-08
1.37002	0.000118322	1	1e-08	7.75748e-21	2.5e-08
1.37179	0.000118322	1	1e-08	5.62789e-21	2.5e-08
1.37355	0.000118322	1	1e-08	1.99348e-20	2.5e-08
1.37532	0.000118322	1	1e-08	4.00059e-20	2.5e-08
1.37709	0.000118322	1	1e-08	6.58392e-20	2.5e-08
1.37886	0.000118322	1	1e-08	5.56288e-20	2.5e-08
1.38063	0.000118322	1	1e-08	2.48746e-20	2.5e-08
1.38239	0.000118322	1	1e-08	1.90199e-20	2.5e-08
1.38416	0.000118322	1	1e-08	1.138e-20	2.5e-08
1.38593	0.000118322	1	1e-08	1.954e-21	2.5e-08
1.3877	0.000118322	1	1e-08	5.78214e-21	2.5e-08
1.38946	0.000118322	1	1e-08	8.97467e-21	2.5e-08
1.39123	0.000118322	1	1e-08	1.15313e-20	2.5e-08
1.393	0.000118322	1	1e-08	1.34523e-20	2.5e-08
1.39477	0.000118322	1	1e-08	1.22249e-20	2.5e-08
1.39654	0.000118322	1	1e-08	1.15043e-20	2.5e-08
1.3983	0.000118322	1	1e-08	1.12906e-20	2.5e-08
1.40007	0.000118322	1	1e-08	1.15837e-20	2.5e-08
1.40184	0.000118322	1	1e-08	9.93659e-21	2.5e-08
1.40361	0.000118322	1	1e-08	9.54926e-21	2.5e-08
1.40537	0.000118322	1	1e-08	1.04217e-20	2.5e-08
1.40714	0.000118322	1	1e-08	1.25541e-20	2.5e-08
1.40891	0.000118322	1	1e-08	2.50346e-20	2.5e-08
1.41068	0.000118322	1	1e-08	4.70134e-20	2.5e-08
1.41245	0.000118322	1	1e-08	7.84883e-20	2.5e-08
1.41421	0.000118322	1	1e-08	3.0583e-20	2.5e-08
1.41598	0.000118322	1	1e-08	3.63178e-20	2.5e-08
1.41775	0.000118322	1	1e-08	2.45873e-20	2.5e-08
1.41952	0.000118322	1	1e-08	1.45571e-20	2.5e-08
1.42128	0.000118322	1	1e-08	6.22521e-21	2.5e-08
1.42305	0.000118322	1	1e-08	4.80493e-21	2.5e-08
1.42482	0.000118322	1	1e-08	3.99598e-21	2.5e-08
1.42659	0.000118322	1	1e-08	3.79837e-21	2.5e-08
1.42836	0.000118322	1	1e-08	4.21205e-21	2.5e-08
1.43012	0.000118322	1	1e-08	4.79987e-21	2.5e-08
1.43189	0.000118322	1	1e-08	4.95997e-21	2.5e-08
1.43366	0.000118322	1	1e-08	4.6924e-21	2.5e-08
1.43543	0.000118322	1	1e-08	3.99712e-21	2.5e-08
1.43719	0.000118322	1	1e-08	4.12458e-21	2.5e-08
1.43896	0.000118322	1	1e-08	4.66929e-21	2.5e-08
1.44073	0.000118322	1	1e-08	5.63114e-21	2.5e-08
1.4425	0.000118322	1	1e-08	7.01029e-21	2.5e-08
1.44427	0.000118322	1	1e-08	1.59267e-20	2.5e-08
1.44603	0.000118322	1	1e-08	2.72221e-20	2.5e-08
1.4478	0.000118322	1	1e-08	4.08952e-20	2.5e-08
1.44957	0.000118322	1	1e-08	8.69668e-20	2.5e-08
1.45134	0.000118322	1	1e-08	2.75789e-20	2.5e-08
1.4531	0.000118322	1	1e-08	1.96901e-20	2.5e-08
1.45487	0.000118322	1	1e-08	1.28511e-20	2.5e-08
1.45664	0.000118322	1	1e-08	7.06067e-21	2.5e-08
1.45841	0.000118322	1	1e-08	6.6067e-21	2.5e-08
1.46018	0.000118322	1	1e-08	7.4469e-21	2.5e-08
1.46194	0.000118322	1	1e-08	9.58127e-21	2.5e-08
1.46371	0.000118322	1	1e-08	1.30094e-20	2.5e-08
1.46548	0.000118322	1	1e-08	1.37489e-20	2.5e-08
1.46725	0.000118322	1	1e-08	1.42919e-20	2.5e-08
1.46901	0.000118322	1	1e-08	1.46383e-20	2.5e-08
1.47078	0.000118322	1	1e-08	1.4788e-20	2.5e-08
1.47255	0.000118322	1	1e-08	1.01171e-20	2.5e-08
1.47432	0.000118322	1	1e-08	7.22173e-21	2.5e-08
1.47609	0.000118322	1	1e-08	6.10189e-21	2.5e-08
1.47785	0.000118322	1	1e-08	6.75746e-21	2.5e-08
1.47962	0.000118322	1	1e-08	1.43143e-20	2.5e-08
1.48139	0.000118322	1	1e-08	2.33365e-20	2.5e-08
1.48316	0.000118322	1	1e-08	3.38241e-20	2.5e-08
1.48492	0.000118322	1	1e-08	5.61106e-20	2.5e-08
1.48669	0.000118322	1	1e-08	3.70542e-20	2.5e-08
1.48846	0.000118322	1	1e-08	2.23093e-20	2.5e-08
1.49023	0.000118322	1	1e-08	1.1876e-20	2.5e-08
1.492	0.000118322	1	1e-08	5.75458e-21	2.5e-08
1.49376	0.000118322	1	1e-08	5.82823e-21	2.5e-08
1.49553	0.000118322	1	1e-08	5.77847e-21	2.5e-08
1.4973	0.000118322	1	1e-08	5.60528e-21	2.5e-08
1.49907	0.000118322	1	1e-08	5.30871e-21	2.5e-08
1.50083	0.000118322	1	1e-08	5.46432e-21	2.5e-08
1.5026	0.000118322	1	1e-08	5.72988e-21	2.5e-08
1.50437	0.000118322	1	1e-08	6.10537e-21	2.5e-08
1.50614	0.000118322	1	1e-08	6.5908e-21	2.5e-08
1.50791	0.000118322	1	1e-08	8.78457e-21	2.5e-08
1.50967	0.000118322	1	1e-08	1.0341e-20	2.5e-08
1.51144	0.000118322	1	1e-08	1.126e-20	2.5e-08
1.51321	0.000118322	1	1e-08	1.15414e-20	2.5e-08
1.51498	0.000118322	1	1e-08	1.47265e-20	2.5e-08
1.51674	0.000118322	1	1e-08	1.74043e-20	2.5e-08
1.51851	0.000118322	1	1e-08	1.95746e-20	2.5e-08
1.52028	0.000118322	1	1e-08	1.54504e-19	2.5e-08
1.52205	0.000118322	1	1e-08	8.31462e-20	2.5e-08
1.52382	0.000118322	1	1e-08	4.76681e-20	2.5e-08
1.52558	0.000118322	1	1e-08	2.36905e-20	2.5e-08
1.52735	0.000118322	1	1e-08	1.12134e-20	2.5e-08
1.52912	0.000118322	1	1e-08	9.3479e-21	2.5e-08
1.53089	0.000118322	1	1e-08	9.82659e-21	2.5e-08
1.53265	0.000118322	1	1e-08	1.26497e-20	2.5e-08
1.53442	0.000118322	1	1e-08	1.78173e-20	2.5e-08
1.53619	0.000118322	1	1e-08	1.5077e-20	2.5e-08
1.53796	0.000118322	1	1e-08	1.22599e-20	2.5e-08
1.53973	0.000118322	1	1e-08	9.36627e-21	2.5e-08
1.54149	0.000118322	1	1e-08	6.39609e-21	2.5e-08
1.54326	0.000118322	1	1e-08	9.31629e-21	2.5e-08
1.54503	0.000118322	1	1e-08	1.0867e-20	2.5e-08
1.5468	0.000118322	1	1e-08	1.10478e-20	2.5e-08
1.54856	0.000118322	1	1e-08	9.85876e-21	2.5e-08
1.55033	0.000118322	1	1e-08	2.16718e-20	2.5e-08
1.5521	0.000118322	1	1e-08	3.25255e-20	2.5e-08
1.55387	0.000118322	1	1e-08	4.24221e-20	2.5e-08
1.55563	0.000118322	1	1e-08	5.13603e-20	2.5e-08
1.5574	0.000118322	1	1e-08	3.37287e-20	2.5e-08
1.55917	0.000118322	1	1e-08	2.22018e-20	2.5e-08
1.56094	0.000118322	1	1e-08	1.30739e-20	2.5e-08
1.56271	0.000118322	1	1e-08	6.34615e-21	2.5e-08
1.56447	0.000118322	1	1e-08	7.38206e-21	2.5e-08
1.56624	0.000118322	1	1e-08	8.65479e-21	2.5e-08
1.56801	0.000118322	1	1e-08	1.01646e-20	2.5e-08
1.56978	0.000118322	1	1e-08	1.19113e-20	2.5e-08
1.57154	0.000118322	1	1e-08	9.3961e-21	2.5e-08
1.57331	0.000118322	1	1e-08	7.13633e-21	2.5e-08
1.57508	0.000118322	1	1e-08	5.13158e-21	2.5e-08
1.57685	0.000118322	1	1e-08	3.38208e-21	2.5e-08
1.57862	0.000118322	1	1e-08	6.94871e-21	2.5e-08
1.58038	0.000118322	1	1e-08	8.84234e-21	2.5e-08
1.58215	0.000118322	1	1e-08	9.06334e-21	2.5e-08
1.58392	0.000118322	1	1e-08	7.61145e-21	2.5e-08
1.58569	0.000118322	1	1e-08	1.79429e-20	2.5e-08
1.58745	0.000118322	1	1e-08	3.31052e-20	2.5e-08
1.58922	0.000118322	1	1e-08	5.31013e-20	2.5e-08
1.59099	0.000118322	1	1e-08	1.19578e-19	2.5e-08
1.59276	0.000118322	1	1e-08	2.80482e-20	2.5e-08
1.59453	0.000118322	1	1e-08	2.39324e-20	2.5e-08
1.59629	0.000118322	1	1e-08	1.62995e-20	2.5e-08
1.59806	0.000118322	1	1e-08	5.1481e-21	2.5e-08
1.59983	0.000118322	1	1e-08	8.24029e-21	2.5e-08
1.6016	0.000118322	1	1e-08	1.07532e-20	2.5e-08
1.60336	0.000118322	1	1e-08	1.26866e-20	2.5e-08
1.60513	0.000118322	1	1e-08	1.40408e-20	2.5e-08
1.6069	0.000118322	1	1e-08	1.05792e-20	2.5e-08
1.60867	0.000118322	1	1e-08	7.87458e-21	2.5e-08
1.61044	0.000118322	1	1e-08	5.92707e-21	2.5e-08
1.6122	0.000118322	1	1e-08	4.73631e-21	2.5e-08
1.61397	0.000118322	1	1e-08	8.62539e-21	2.5e-08
1.61574	0.000118322	1	1e-08	1.14994e-20	2.5e-08
1.61751	0.000118322	1	1e-08	1.33582e-20	2.5e-08
1.61927	0.000118322	1	1e-08	1.42022e-20	2.5e-08
1.62104	0.000118322	1	1e-08	1.81523e-20	2.5e-08
1.62281	0.000118322	1	1e-08	2.66851e-20	2.5e-08
1.62458	0.000118322	1	1e-08	3.97992e-20	2.5e-08
1.62635	0.000118322	1	1e-08	4.70672e-20	2.5e-08
1.62811	0.000118322	1	1e-08	2.46384e-20	2.5e-08
1.62988	0.000118322	1	1e-08	1.65805e-20	2.5e-08
1.63165	0.000118322	1	1e-08	9.41624e-21	2.5e-08
1.63342	0.000118322	1	1e-08	3.14433e-21	2.5e-08
1.63518	0.000118322	1	1e-08	3.25791e-21	2.5e-08
1.63695	0.000118322	1	1e-08	3.40875e-21	2.5e-08
1.63872	0.000118322	1	1e-08	3.59687e-21	2.5e-08
1.64049	0.000118322	1	1e-08	3.82224e-21	2.5e-08
1.64226	0.000118322	1	1e-08	4.26731e-21	2.5e-08
1.64402	0.000118322	1	1e-08	4.68328e-21	2.5e-08
1.64579	0.000118322	1	1e-08	5.07015e-21	2.5e-08
1.64756	0.000118322	1	1e-08	5.42789e-21	2.5e-08
1.64933	0.000118322	1	1e-08	5.32678e-21	2.5e-08
1.65109	0.000118322	1	1e-08	6.04435e-21	2.5e-08
1.65286	0.000118322	1	1e-08	7.58061e-21	2.5e-08
1.65463	0.000118322	1	1e-08	9.93529e-21	2.5e-08
1.6564	0.000118322	1	1e-08	2.27666e-20	2.5e-08
1.65817	0.000118322	1	1e-08	4.22635e-20	2.5e-08
1.65993	0.000118322	1	1e-08	6.8426e-20	2.5e-08
1.6617	0.000118322	1	1e-08	9.76312e-20	2.5e-08
1.66347	0.000118322	1	1e-08	2.72955e-20	2.5e-08
1.66524	0.000118322	1	1e-08	1.91953e-20	2.5e-08
1.667	0.000118322	1	1e-08	1.14162e-20	2.5e-08
1.66877	0.000118322	1	1e-08	3.95899e-21	2.5e-08
1.67054	0.000118322	1	1e-08	4.45822e-21	2.5e-08
1.67231	0.000118322	1	1e-08	4.84445e-21	2.5e-08
1.67408	0.000118322	1	1e-08	5.11769e-21	2.5e-08
1.67584	0.000118322	1	1e-08	5.27793e-21	2.5e-08
1.67761	0.000118322	1	1e-08	5.17011e-21	2.5e-08
1.67938	0.000118322	1	1e-08	5.42429e-21	2.5e-08
1.68115	0.000118322	1	1e-08	6.04045e-21	2.5e-08
1.68291	0.000118322	1	1e-08	7.01859e-21	2.5e-08
1.68468	0.000118322	1	1e-08	6.37147e-21	2.5e-08
1.68645	0.000118322	1	1e-08	6.63879e-21	2.5e-08
1.68822	0.000118322	1	1e-08	7.82065e-21	2.5e-08
1.68999	0.000118322	1	1e-08	9.91705e-21	2.5e-08
1.69175	0.000118322	1	1e-08	1.84954e-20	2.5e-08
1.69352	0.000118322	1	1e-08	3.53396e-20	2.5e-08
1.69529	0.000118322	1	1e-08	6.04491e-20	2.5e-08
1.69706	0.000118322	1	1e-08	1.63618e-20	2.5e-08
1.69882	0.000118322	1	1e-08	5.93785e-20	2.5e-08
1.70059	0.000118322	1	1e-08	3.77644e-20	2.5e-08
1.70236	0.000118322	1	1e-08	2.06208e-20	2.5e-08
1.70413	0.000118322	1	1e-08	7.9474e-21	2.5e-08
1.7059	0.000118322	1	1e-08	9.1784e-21	2.5e-08
1.70766	0.000118322	1	1e-08	9.49573e-21	2.5e-08
1.70943	0.000118322	1	1e-08	8.89923e-21	2.5e-08
1.7112	0.000118322	1	1e-08	7.38891e-21	2.5e-08
1.71297	0.000118322	1	1e-08	8.83358e-21	2.5e-08
1.71473	0.000118322	1	1e-08	1.03642e-20	2.5e-08
1.7165	0.000118322	1	1e-08	1.19805e-20	2.5e-08
1.71827	0.000118322	1	1e-08	1.36826e-20	2.5e-08
1.72004	0.000118322	1	1e-08	1.1137e-20	2.5e-08
1.7218	0.000118322	1	1e-08	9.1015e-21	2.5e-08
1.72357	0.000118322	1	1e-08	7.57623e-21	2.5e-08
1.72534	0.000118322	1	1e-08	6.56125e-21	2.5e-08
1.72711	0.000118322	1	1e-08	1.65289e-20	2.5e-08
1.72888	0.000118322	1	1e-08	2.6989e-20	2.5e-08
1.73064	0.000118322	1	1e-08	3.79436e-20	2.5e-08
1.73241	0.000118322	1	1e-08	4.97845e-20	2.5e-08
1.73418	0.000118322	1	1e-08	6.72342e-20	2.5e-08
1.73595	0.000118322	1	1e-08	3.72672e-20	2.5e-08
1.73771	0.000118322	1	1e-08	1.68843e-20	2.5e-08
1.73948	0.000118322	1	1e-08	6.08878e-21	2.5e-08
1.74125	0.000118322	1	1e-08	8.26699e-21	2.5e-08
1.74302	0.000118322	1	1e-08	9.62976e-21	2.5e-08
1.74479	0.000118322	1	1e-08	1.01773e-20	2.5e-08
1.74655	0.000118322	1	1e-08	9.90956e-21	2.5e-08
1.74832	0.000118322	1	1e-08	8.77795e-21	2.5e-08
1.75009	0.000118322	1	1e-08	8.44004e-21	2.5e-08
1.75186	0.000118322	1	1e-08	8.89578e-21	2.5e-08
1.75362	0.000118322	1	1e-08	1.01452e-20	2.5e-08
1.75539	0.000118322	1	1e-08	1.00129e-20	2.5e-08
1.75716	0.000118322	1	1e-08	9.3145e-21	2.5e-08
1.75893	0.000118322	1	1e-08	8.04975e-21	2.5e-08
1.7607	0.000118322	1	1e-08	6.21875e-21	2.5e-08
1.76246	0.000118322	1	1e-08	1.57574e-20	2.5e-08
1.76423	0.000118322	1	1e-08	2.6591e-20	2.5e-08
1.766	0.000118322	1	1e-08	3.87216e-20	2.5e-08
1.76777	0.000118322	1	1e-08	5.21482e-20	2.5e-08
