"arc_length"	"Cspd","Density","P","eint","u"
0	1.29099	1	1	1.5	-8.48626e-16
0.001	1.29099	1	1	1.5	-1.85317e-16
0.002	1.29099	1	1	1.5	4.77993e-16
0.003	1.29099	1	1	1.5	5.74852e-16
0.004	1.29099	1	1	1.5	6.71711e-16
0.005	1.29099	1	1	1.5	5.75595e-16
0.006	1.29099	1	1	1.5	4.7948e-16
0.007	1.29099	1	1	1.5	5.63863e-16
0.008	1.29099	1	1	1.5	6.48247e-16
0.009	1.29099	1	1	1.5	1.28661e-15
0.01	1.29099	1	1	1.5	2.82093e-16
0.011	1.29099	1	1	1.5	9.50597e-16
0.012	1.29099	1	1	1.5	1.6191e-15
0.013	1.29099	1	1	1.5	1.72445e-15
0.014	1.29099	1	1	1.5	1.82979e-15
0.015	1.29099	1	1	1.5	1.7648e-15
0.016	1.29099	1	1	1.5	1.6998e-15
0.017	1.29099	1	1	1.5	1.85728e-15
0.018	1.29099	1	1	1.5	2.01476e-15
0.019	1.29099	1	1	1.5	2.78753e-15
0.02	1.29099	1	1	1.5	1.73329e-15
0.021	1.29099	1	1	1.5	2.44096e-15
0.022	1.29099	1	1	1.5	3.14862e-15
0.023	1.29099	1	1	1.5	3.17757e-15
0.024	1.29099	1	1	1.5	3.20652e-15
0.025	1.29099	1	1	1.5	2.99269e-15
0.026	1.29099	1	1	1.5	2.77886e-15
0.027	1.29099	1	1	1.5	2.75819e-15
0.028	1.29099	1	1	1.5	2.73753e-15
0.029	1.29099	1	1	1.5	3.34598e-15
0.03	1.29099	1	1	1.5	2.40791e-15
0.031	1.29099	1	1	1.5	3.104e-15
0.032	1.29099	1	1	1.5	3.80009e-15
0.033	1.29099	1	1	1.5	3.89001e-15
0.034	1.29099	1	1	1.5	3.97992e-15
0.035	1.29099	1	1	1.5	3.84838e-15
0.036	1.29099	1	1	1.5	3.71685e-15
0.037	1.29099	1	1	1.5	3.74858e-15
0.038	1.29099	1	1	1.5	3.78031e-15
0.039	1.29099	1	1	1.5	4.36003e-15
0.04	1.29099	1	1	1.5	4.93975e-15
0.041	1.29099	1	1	1.5	3.82574e-15
0.042	1.29099	1	1	1.5	4.34045e-15
0.043	1.29099	1	1	1.5	4.28677e-15
0.044	1.29099	1	1	1.5	4.23308e-15
0.045	1.29099	1	1	1.5	4.03227e-15
0.046	1.29099	1	1	1.5	3.83145e-15
0.047	1.29099	1	1	1.5	3.90477e-15
0.048	1.29099	1	1	1.5	3.97808e-15
0.049	1.29099	1	1	1.5	4.74679e-15
0.05	1.29099	1	1	1.5	5.5155e-15
0.051	1.29099	1	1	1.5	4.72766e-15
0.052	1.29099	1	1	1.5	5.51834e-15
0.053	1.29099	1	1	1.5	5.61121e-15
0.054	1.29099	1	1	1.5	5.70408e-15
0.055	1.29099	1	1	1.5	5.48469e-15
0.056	1.29099	1	1	1.5	5.26531e-15
0.057	1.29099	1	1	1.5	5.11924e-15
0.058	1.29099	1	1	1.5	4.97317e-15
0.059	1.29099	1	1	1.5	5.28597e-15
0.06	1.29099	1	1	1.5	5.59877e-15
0.061	1.29099	1	1	1.5	4.64173e-15
0.062	1.29099	1	1	1.5	5.16581e-15
0.063	1.29099	1	1	1.5	5.256e-15
0.064	1.29099	1	1	1.5	5.34619e-15
0.065	1.29099	1	1	1.5	5.33253e-15
0.066	1.29099	1	1	1.5	5.31887e-15
0.067	1.29099	1	1	1.5	5.53141e-15
0.068	1.29099	1	1	1.5	5.74395e-15
0.069	1.29099	1	1	1.5	6.51273e-15
0.07	1.29099	1	1	1.5	7.28152e-15
0.071	1.29099	1	1	1.5	6.30515e-15
0.072	1.29099	1	1	1.5	7.10239e-15
0.073	1.29099	1	1	1.5	7.18242e-15
0.074	1.29099	1	1	1.5	7.26245e-15
0.075	1.29099	1	1	1.5	7.07866e-15
0.076	1.29099	1	1	1.5	6.89487e-15
0.077	1.29099	1	1	1.5	6.90065e-15
0.078	1.29099	1	1	1.5	6.90643e-15
0.079	1.29099	1	1	1.5	7.55517e-15
0.08	1.29099	1	1	1.5	8.20391e-15
0.081	1.29099	1	1	1.5	7.35507e-15
0.082	1.29099	1	1	1.5	8.14879e-15
0.083	1.29099	1	1	1.5	8.17034e-15
0.084	1.29099	1	1	1.5	8.19189e-15
0.085	1.29099	1	1	1.5	7.9175e-15
0.086	1.29099	1	1	1.5	7.64311e-15
0.087	1.29099	1	1	1.5	7.54902e-15
0.088	1.29099	1	1	1.5	7.45493e-15
0.089	1.29099	1	1	1.5	8.01739e-15
0.09	1.29099	1	1	1.5	7.20567e-15
0.091	1.29099	1	1	1.5	7.77211e-15
0.092	1.29099	1	1	1.5	8.33855e-15
0.093	1.29099	1	1	1.5	8.42165e-15
0.094	1.29099	1	1	1.5	8.50476e-15
0.095	1.29099	1	1	1.5	8.44509e-15
0.096	1.29099	1	1	1.5	8.38542e-15
0.097	1.29099	1	1	1.5	8.52351e-15
0.098	1.29099	1	1	1.5	8.66161e-15
0.099	1.29099	1	1	1.5	9.33802e-15
0.1	1.29099	1	1	1.5	1.00144e-14
0.101	1.29099	1	1	1.5	9.00859e-15
0.102	1.29099	1	1	1.5	9.40308e-15
0.103	1.29099	1	1	1.5	9.27594e-15
0.104	1.29099	1	1	1.5	9.1488e-15
0.105	1.29099	1	1	1.5	8.89687e-15
0.106	1.29099	1	1	1.5	8.64493e-15
0.107	1.29099	1	1	1.5	8.66505e-15
0.108	1.29099	1	1	1.5	8.68516e-15
0.109	1.29099	1	1	1.5	9.37417e-15
0.11	1.29099	1	1	1.5	1.00632e-14
0.111	1.29099	1	1	1.5	8.99545e-15
0.112	1.29099	1	1	1.5	9.78772e-15
0.113	1.29099	1	1	1.5	9.84201e-15
0.114	1.29099	1	1	1.5	9.89629e-15
0.115	1.29099	1	1	1.5	9.67888e-15
0.116	1.29099	1	1	1.5	9.46146e-15
0.117	1.29099	1	1	1.5	9.43863e-15
0.118	1.29099	1	1	1.5	9.4158e-15
0.119	1.29099	1	1	1.5	1.00538e-14
0.12	1.29099	1	1	1.5	1.06919e-14
0.121	1.29099	1	1	1.5	9.46562e-15
0.122	1.29099	1	1	1.5	1.00135e-14
0.123	1.29099	1	1	1.5	1.00782e-14
0.124	1.29099	1	1	1.5	1.01428e-14
0.125	1.29099	1	1	1.5	1.00837e-14
0.126	1.29099	1	1	1.5	1.00245e-14
0.127	1.29099	1	1	1.5	1.0201e-14
0.128	1.29099	1	1	1.5	1.03775e-14
0.129	1.29099	1	1	1.5	1.11492e-14
0.13	1.29099	1	1	1.5	1.19208e-14
0.131	1.29099	1	1	1.5	1.0881e-14
0.132	1.29099	1	1	1.5	1.1369e-14
0.133	1.29099	1	1	1.5	1.12123e-14
0.134	1.29099	1	1	1.5	1.10556e-14
0.135	1.29099	1	1	1.5	1.06964e-14
0.136	1.29099	1	1	1.5	1.03372e-14
0.137	1.29099	1	1	1.5	1.02175e-14
0.138	1.29099	1	1	1.5	1.00978e-14
0.139	1.29099	1	1	1.5	1.06598e-14
0.14	1.29099	1	1	1.5	1.12218e-14
0.141	1.29099	1	1	1.5	1.01792e-14
0.142	1.29099	1	1	1.5	1.08818e-14
0.143	1.29099	1	1	1.5	1.10242e-14
0.144	1.29099	1	1	1.5	1.11665e-14
0.145	1.29099	1	1	1.5	1.10983e-14
0.146	1.29099	1	1	1.5	1.10301e-14
0.147	1.29099	1	1	1.5	1.11012e-14
0.148	1.29099	1	1	1.5	1.11722e-14
0.149	1.29099	1	1	1.5	1.17323e-14
0.15	1.29099	1	1	1.5	1.22924e-14
0.151	1.29099	1	1	1.5	1.15336e-14
0.152	1.29099	1	1	1.5	1.21794e-14
0.153	1.29099	1	1	1.5	1.22664e-14
0.154	1.29099	1	1	1.5	1.23535e-14
0.155	1.29099	1	1	1.5	1.22254e-14
0.156	1.29099	1	1	1.5	1.20974e-14
0.157	1.29099	1	1	1.5	1.20981e-14
0.158	1.29099	1	1	1.5	1.20987e-14
0.159	1.29099	1	1	1.5	1.25718e-14
0.16	1.29099	1	1	1.5	1.30448e-14
0.161	1.29099	1	1	1.5	1.17306e-14
0.162	1.29099	1	1	1.5	1.21855e-14
0.163	1.29099	1	1	1.5	1.21889e-14
0.164	1.29099	1	1	1.5	1.21923e-14
0.165	1.29099	1	1	1.5	1.20795e-14
0.166	1.29099	1	1	1.5	1.19666e-14
0.167	1.29099	1	1	1.5	1.20728e-14
0.168	1.29099	1	1	1.5	1.21789e-14
0.169	1.29099	1	1	1.5	1.28393e-14
0.17	1.29099	1	1	1.5	1.34996e-14
0.171	1.29099	1	1	1.5	1.27226e-14
0.172	1.29099	1	1	1.5	1.33666e-14
0.173	1.29099	1	1	1.5	1.33859e-14
0.174	1.29099	1	1	1.5	1.34051e-14
0.175	1.29099	1	1	1.5	1.31994e-14
0.176	1.29099	1	1	1.5	1.29938e-14
0.177	1.29099	1	1	1.5	1.29632e-14
0.178	1.29099	1	1	1.5	1.29325e-14
0.179	1.29099	1	1	1.5	1.34768e-14
0.18	1.29099	1	1	1.5	1.4021e-14
0.181	1.29099	1	1	1.5	1.32583e-14
0.182	1.29099	1	1	1.5	1.39352e-14
0.183	1.29099	1	1	1.5	1.41101e-14
0.184	1.29099	1	1	1.5	1.4285e-14
0.185	1.29099	1	1	1.5	1.42775e-14
0.186	1.29099	1	1	1.5	1.42701e-14
0.187	1.29099	1	1	1.5	1.44001e-14
0.188	1.29099	1	1	1.5	1.45301e-14
0.189	1.29099	1	1	1.5	1.51173e-14
0.19	1.29099	1	1	1.5	1.57045e-14
0.191	1.29099	1	1	1.5	1.50085e-14
0.192	1.29099	1	1	1.5	1.56747e-14
0.193	1.29099	1	1	1.5	1.55965e-14
0.194	1.29099	1	1	1.5	1.55183e-14
0.195	1.29099	1	1	1.5	1.51943e-14
0.196	1.29099	1	1	1.5	1.48703e-14
0.197	1.29099	1	1	1.5	1.47992e-14
0.198	1.29099	1	1	1.5	1.47281e-14
0.199	1.29099	1	1	1.5	1.54086e-14
0.2	1.29099	1	1	1.5	1.44964e-14
0.201	1.29099	1	1	1.5	1.50812e-14
0.202	1.29099	1	1	1.5	1.5666e-14
0.203	1.29099	1	1	1.5	1.56442e-14
0.204	1.29099	1	1	1.5	1.56223e-14
0.205	1.29099	1	1	1.5	1.54145e-14
0.206	1.29099	1	1	1.5	1.52067e-14
0.207	1.29099	1	1	1.5	1.52335e-14
0.208	1.29099	1	1	1.5	1.52604e-14
0.209	1.29099	1	1	1.5	1.59426e-14
0.21	1.29099	1	1	1.5	1.51059e-14
0.211	1.29099	1	1	1.5	1.5925e-14
0.212	1.29099	1	1	1.5	1.67442e-14
0.213	1.29099	1	1	1.5	1.68024e-14
0.214	1.29099	1	1	1.5	1.68605e-14
0.215	1.29099	1	1	1.5	1.66078e-14
0.216	1.29099	1	1	1.5	1.63551e-14
0.217	1.29099	1	1	1.5	1.62418e-14
0.218	1.29099	1	1	1.5	1.61284e-14
0.219	1.29099	1	1	1.5	1.66046e-14
0.22	1.29099	1	1	1.5	1.54685e-14
0.221	1.29099	1	1	1.5	1.58756e-14
0.222	1.29099	1	1	1.5	1.62827e-14
0.223	1.29099	1	1	1.5	1.61961e-14
0.224	1.29099	1	1	1.5	1.61096e-14
0.225	1.29099	1	1	1.5	1.59005e-14
0.226	1.29099	1	1	1.5	1.56914e-14
0.227	1.29099	1	1	1.5	1.57308e-14
0.228	1.29099	1	1	1.5	1.57702e-14
0.229	1.29099	1	1	1.5	1.6429e-14
0.23	1.29099	1	1	1.5	1.50543e-14
0.231	1.29099	1	1	1.5	1.57584e-14
0.232	1.29099	1	1	1.5	1.64626e-14
0.233	1.29099	1	1	1.5	1.64041e-14
0.234	1.29099	1	1	1.5	1.63456e-14
0.235	1.29099	1	1	1.5	1.59882e-14
0.236	1.29099	1	1	1.5	1.56309e-14
0.237	1.29099	1	1	1.5	1.54385e-14
0.238	1.29099	1	1	1.5	1.52461e-14
0.239	1.29099	1	1	1.5	1.56825e-14
0.24	1.29099	1	1	1.5	1.46519e-14
0.241	1.29099	1	1	1.5	1.53363e-14
0.242	1.29099	1	1	1.5	1.60207e-14
0.243	1.29099	1	1	1.5	1.60331e-14
0.244	1.29099	1	1	1.5	1.60456e-14
0.245	1.29099	1	1	1.5	1.58095e-14
0.246	1.29099	1	1	1.5	1.55734e-14
0.247	1.29099	1	1	1.5	1.55123e-14
0.248	1.29099	1	1	1.5	1.54512e-14
0.249	1.29099	1	1	1.5	1.59886e-14
0.25	1.29099	1	1	1.5	1.65259e-14
0.251	1.29099	1	1	1.5	1.53281e-14
0.252	1.29099	1	1	1.5	1.58016e-14
0.253	1.29099	1	1	1.5	1.5792e-14
0.254	1.29099	1	1	1.5	1.57824e-14
0.255	1.29099	1	1	1.5	1.56243e-14
0.256	1.29099	1	1	1.5	1.54662e-14
0.257	1.29099	1	1	1.5	1.54944e-14
0.258	1.29099	1	1	1.5	1.55226e-14
0.259	1.29099	1	1	1.5	1.60717e-14
0.26	1.29099	1	1	1.5	1.49618e-14
0.261	1.29099	1	1	1.5	1.56776e-14
0.262	1.29099	1	1	1.5	1.63933e-14
0.263	1.29099	1	1	1.5	1.64696e-14
0.264	1.29099	1	1	1.5	1.65459e-14
0.265	1.29099	1	1	1.5	1.63368e-14
0.266	1.29099	1	1	1.5	1.61277e-14
0.267	1.29099	1	1	1.5	1.59872e-14
0.268	1.29099	1	1	1.5	1.58466e-14
0.269	1.29099	1	1	1.5	1.61286e-14
0.27	1.29099	1	1	1.5	1.48265e-14
0.271	1.29099	1	1	1.5	1.56501e-14
0.272	1.29099	1	1	1.5	1.64737e-14
0.273	1.29099	1	1	1.5	1.64202e-14
0.274	1.29099	1	1	1.5	1.63667e-14
0.275	1.29099	1	1	1.5	1.59048e-14
0.276	1.29099	1	1	1.5	1.54429e-14
0.277	1.29099	1	1	1.5	1.50414e-14
0.278	1.29099	1	1	1.5	1.46399e-14
0.279	1.29099	1	1	1.5	1.47675e-14
0.28	1.29099	1	1	1.5	1.40619e-14
0.281	1.29099	1	1	1.5	1.57835e-14
0.282	1.29099	1	1	1.5	1.75052e-14
0.283	1.29099	1	1	1.5	1.71532e-14
0.284	1.29099	1	1	1.5	1.68012e-14
0.285	1.29099	1	1	1.5	1.56102e-14
0.286	1.29099	1	1	1.5	1.44191e-14
0.287	1.29099	1	1	1.5	1.36236e-14
0.288	1.29099	1	1	1.5	1.28282e-14
0.289	1.29099	1	1	1.5	1.3663e-14
0.29	1.29099	1	1	1.5	1.56202e-14
0.291	1.29099	1	1	1.5	1.87554e-14
0.292	1.29099	1	1	1.5	2.18905e-14
0.293	1.29099	1	1	1.5	1.89213e-14
0.294	1.29099	1	1	1.5	1.59523e-14
0.295	1.29099	1	1	1.5	1.19138e-14
0.296	1.29099	1	1	1.5	7.87522e-15
0.297	1.29099	1	1	1.5	7.80209e-15
0.298	1.29099	1	1	1.5	7.72895e-15
0.299	1.29099	1	1	1.5	1.66559e-14
0.3	1.29099	1	1	1.5	2.94656e-14
0.301	1.29099	1	1	1.5	3.18948e-14
0.302	1.29099	1	1	1.5	3.4324e-14
0.303	1.29099	1	1	1.5	2.08697e-14
0.304	1.29099	1	1	1.5	7.41581e-15
0.305	1.29099	1	1	1.5	-4.08895e-15
0.306	1.29099	1	1	1.5	-1.55934e-14
0.307	1.29099	1	1	1.5	-7.31551e-15
0.308	1.29099	1	1	1.5	9.62101e-16
0.309	1.29099	1	1	1.5	4.68543e-14
0.31	1.29099	1	1	1.5	9.27478e-14
0.311	1.29099	1	1	1.5	7.02437e-14
0.312	1.29099	1	1	1.5	4.99554e-14
0.313	1.29099	1	1	1.5	3.47257e-15
0.314	1.29099	1	1	1.5	-4.30116e-14
0.315	1.29099	1	1	1.5	-6.4733e-14
0.316	1.29099	1	1	1.5	-8.64549e-14
0.317	1.29099	1	1	1.5	-3.24575e-14
0.318	1.29099	1	1	1.5	2.154e-14
0.319	1.29099	1	1	1.5	2.02217e-13
0.32	1.29099	1	1	1.5	3.12256e-13
0.321	1.29099	1	1	1.5	1.59316e-13
0.322	1.29099	1	1	1.5	6.38144e-15
0.323	1.29099	1	1	1.5	-1.22794e-13
0.324	1.29099	1	1	1.5	-2.51965e-13
0.325	1.29099	1	1	1.5	-2.49135e-13
0.326	1.29099	1	1	1.5	-2.46305e-13
0.327	1.29099	1	1	1.5	-3.23412e-15
0.328	1.29099	1	1	1.5	2.39844e-13
0.329	1.29099	1	1	1.5	8.31392e-13
0.33	1.29099	1	1	1.5	1.42296e-12
0.331	1.29099	1	1	1.5	2.75856e-13
0.332	1.29099	1	1	1.5	-4.49877e-13
0.333	1.29099	1	1	1.5	-7.24179e-13
0.334	1.29099	1	1	1.5	-9.98472e-13
0.335	1.29099	1	1	1.5	-7.25173e-13
0.336	1.29099	1	1	1.5	-4.51882e-13
0.337	1.29099	1	1	1.5	4.65176e-13
0.338	1.29099	1	1	1.5	1.38221e-12
0.339	1.29099	1	1	1.5	3.03913e-12
0.34	1.29099	1	1	1.5	4.6961e-12
0.341	1.29099	1	1	1.5	2.00459e-14
0.342	1.29099	1	1	1.5	-2.82459e-12
0.343	1.29099	1	1	1.5	-3.11462e-12
0.344	1.29099	1	1	1.5	-3.40466e-12
0.345	1.29099	1	1	1.5	-1.71076e-12
0.346	1.29099	1	1	1.5	-1.68496e-14
0.347	1.29099	1	1	1.5	3.09043e-12
0.348	1.29099	1	1	1.5	6.19762e-12
0.349	1.29099	1	1	1.5	1.01476e-11
0.35	1.29099	1	1	1.5	1.40975e-11
0.351	1.29099	1	1	1.5	-2.7547e-12
0.352	1.29099	1	1	1.5	-1.27942e-11
0.353	1.29099	1	1	1.5	-1.17549e-11
0.354	1.29099	1	1	1.5	-1.07155e-11
0.355	1.29099	1	1	1.5	-3.03555e-12
0.356	1.29099	1	1	1.5	4.64463e-12
0.357	1.29099	1	1	1.5	1.45269e-11
0.358	1.29099	1	1	1.5	2.44095e-11
0.359	1.29099	1	1	1.5	3.2056e-11
0.36	1.29099	1	1	1.5	3.97026e-11
0.361	1.29099	1	1	1.5	-1.69616e-11
0.362	1.29099	1	1	1.5	-5.0464e-11
0.363	1.29099	1	1	1.5	-4.15777e-11
0.364	1.29099	1	1	1.5	-3.26917e-11
0.365	1.29099	1	1	1.5	-2.37111e-12
0.366	1.29099	1	1	1.5	2.79485e-11
0.367	1.29099	1	1	1.5	5.87483e-11
0.368	1.29099	1	1	1.5	8.95471e-11
0.369	1.29099	1	1	1.5	9.98708e-11
0.37	1.29099	1	1	1.5	1.10195e-10
0.371	1.29099	1	1	1.5	-7.4756e-11
0.372	1.29099	1	1	1.5	-1.84531e-10
0.373	1.29099	1	1	1.5	-1.43318e-10
0.374	1.29099	1	1	1.5	-1.02103e-10
0.375	1.29099	1	1	1.5	8.50234e-12
0.376	1.29099	1	1	1.5	1.19108e-10
0.377	1.29099	1	1	1.5	2.17513e-10
0.378	1.29099	1	1	1.5	3.15914e-10
0.379	1.29099	1	1	1.5	3.2052e-10
0.38	1.29099	1	1	1.5	3.25125e-10
0.381	1.29099	1	1	1.5	-2.79285e-10
0.382	1.29099	1	1	1.5	-6.42457e-10
0.383	1.29099	1	1	1.5	-4.92643e-10
0.384	1.29099	1	1	1.5	-3.42825e-10
0.385	1.29099	1	1	1.5	3.90864e-11
0.386	1.29099	1	1	1.5	4.21009e-10
0.387	1.29099	1	1	1.5	7.54129e-10
0.388	1.29099	1	1	1.5	1.08726e-09
0.389	1.29099	1	1	1.5	1.0907e-09
0.39	1.29099	1	1	1.5	1.09414e-09
0.391	1.29099	1	1	1.5	-9.19541e-10
0.392	1.29099	1	1	1.5	-2.14924e-09
0.393	1.29099	1	1	1.5	-1.70383e-09
0.394	1.29099	1	1	1.5	-1.25843e-09
0.395	1.29099	1	1	1.5	-1.64075e-12
0.396	1.29099	1	1	1.5	1.25511e-09
0.397	1.29099	1	1	1.5	2.45952e-09
0.398	1.29099	1	1	1.5	3.66388e-09
0.399	1.29099	1	1	1.5	3.95212e-09
0.4	1.29099	1	1	1.5	1.63652e-09
0.401	1.29099	1	1	1.5	-2.60988e-09
0.402	1.29099	1	1	1.5	-6.85641e-09
0.403	1.29099	1	1	1.5	-5.90743e-09
0.404	1.29099	1	1	1.5	-4.95842e-09
0.405	1.29099	1	1	1.5	-1.07559e-09
0.406	1.29099	1	1	1.5	2.80724e-09
0.407	1.29099	1	1	1.5	7.36234e-09
0.408	1.29099	1	1	1.5	1.19173e-08
0.409	1.29099	1	1	1.5	1.48829e-08
0.41	1.29099	1	1	1.5	1.78485e-08
0.411	1.29099	1	1	1.5	-5.42487e-09
0.412	1.29099	1	1	1.5	-1.99593e-08
0.413	1.29099	1	1	1.5	-1.99258e-08
0.414	1.29099	1	1	1.5	-1.98922e-08
0.415	1.29099	1	1	1.5	-9.33586e-09
0.416	1.29099	1	1	1.5	1.22076e-09
0.417	1.29099	1	1	1.5	1.82544e-08
0.418	1.29099	1	1	1.5	3.52885e-08
0.419	1.29099	1	1	1.5	5.47545e-08
0.42	1.29099	1	1	1.5	7.42204e-08
0.421	1.29099	1	1	1.5	-6.99292e-10
0.422	1.29099	1	1	1.5	-4.71282e-08
0.423	1.29099	1	1	1.5	-6.10602e-08
0.424	1.29099	1	1	1.5	-7.49917e-08
0.425	1.29099	1	1	1.5	-5.3942e-08
0.426	1.29099	1	1	1.5	-3.28931e-08
0.427	1.29099	1	1	1.5	2.56194e-08
0.428	1.29099	1	1	1.5	8.41337e-08
0.429	1.29099	1	1	1.5	1.82593e-07
0.43	1.29099	1	1	1.5	2.81055e-07
0.431	1.29099	1	1	1.5	7.1509e-08
0.432	1.29099	1	1	1.5	-5.37573e-08
0.433	1.29099	1	1	1.5	-1.48386e-07
0.434	1.29099	1	1	1.5	-2.43015e-07
0.435	1.29099	1	1	1.5	-2.40632e-07
0.436	1.29099	1	1	1.5	-2.38248e-07
0.437	1.29099	1	1	1.5	-7.24733e-08
0.438	1.29099	1	1	1.5	9.32968e-08
0.439	1.29099	1	0.999999	1.5	4.88842e-07
0.44	1.29099	0.999999	0.999999	1.5	8.84375e-07
0.441	1.29099	1	0.999999	1.5	4.66999e-07
0.442	1.29099	1	1	1.5	2.48667e-07
0.443	1.29099	1	1	1.5	-1.61215e-07
0.444	1.29099	1	1	1.5	-5.71109e-07
0.445	1.29099	1	1	1.5	-8.1141e-07
0.446	1.29099	1	1	1.5	-1.05172e-06
0.447	1.29099	1	1	1.5	-7.61311e-07
0.448	1.29099	1	1	1.5	-4.70894e-07
0.449	1.29099	0.999999	0.999999	1.5	7.11374e-07
0.45	1.29099	0.999999	0.999998	1.5	1.89364e-06
0.451	1.29099	0.999999	0.999998	1.5	1.83754e-06
0.452	1.29099	0.999998	0.999997	1.5	2.01482e-06
0.453	1.29099	0.999999	0.999999	1.5	8.51924e-07
0.454	1.29099	1	1	1.5	-3.10934e-07
0.455	1.29099	1	1	1.5	-1.63668e-06
0.456	1.291	1	1	1.5	-2.96238e-06
0.457	1.291	1	1	1.5	-3.27365e-06
0.458	1.291	1	1	1.5	-3.58494e-06
0.459	1.291	1	1	1.5	-1.7045e-06
0.46	1.29099	1	1	1.5	1.75997e-07
0.461	1.29099	0.999997	0.999995	1.5	4.02055e-06
0.462	1.29099	0.999995	0.999991	1.49999	7.08826e-06
0.463	1.29099	0.999995	0.999992	1.5	5.97645e-06
0.464	1.29099	0.999996	0.999994	1.5	4.86464e-06
0.465	1.29099	0.999999	0.999998	1.5	1.26592e-06
0.466	1.291	1	1	1.5	-2.33269e-06
0.467	1.291	1.00001	1.00001	1.50001	-6.72564e-06
0.468	1.291	1.00001	1.00001	1.50001	-1.11185e-05
0.469	1.291	1.00001	1.00002	1.50001	-1.46131e-05
0.47	1.291	1.00001	1.00002	1.50001	-1.81076e-05
0.471	1.291	1	1	1.5	-2.58282e-06
0.472	1.29099	0.999994	0.99999	1.49999	7.58069e-06
0.473	1.29099	0.999989	0.999981	1.49999	1.47881e-05
0.474	1.29099	0.999983	0.999972	1.49998	2.19958e-05
0.475	1.29099	0.999983	0.999972	1.49998	2.1741e-05
0.476	1.29099	0.999983	0.999972	1.49998	2.14861e-05
0.477	1.29099	0.999993	0.999988	1.49999	9.26276e-06
0.478	1.291	1	1	1.5	-2.96059e-06
0.479	1.291	1.00002	1.00004	1.50002	-3.16573e-05
0.48	1.29101	1.00004	1.00006	1.50004	-4.90042e-05
0.481	1.29101	1.00004	1.00006	1.50004	-4.72402e-05
0.482	1.29101	1.00004	1.00006	1.50004	-4.54763e-05
0.483	1.291	1.00001	1.00002	1.50001	-1.68474e-05
0.484	1.29099	0.999991	0.999985	1.49999	1.17806e-05
0.485	1.29098	0.999966	0.999944	1.49997	4.35723e-05
0.486	1.29097	0.999942	0.999903	1.49994	7.5363e-05
0.487	1.29097	0.999933	0.999888	1.49993	8.66082e-05
0.488	1.29096	0.999924	0.999874	1.49992	9.78538e-05
0.489	1.29097	0.99995	0.999916	1.49995	6.48444e-05
0.49	1.29099	0.999986	0.999976	1.49999	1.82682e-05
0.491	1.29101	1.00005	1.00008	1.50005	-5.91286e-05
0.492	1.29104	1.00011	1.00018	1.50011	-0.000136528
0.493	1.29105	1.00013	1.00021	1.50013	-0.000162081
0.494	1.29106	1.00015	1.00024	1.50015	-0.000187634
0.495	1.29105	1.00012	1.0002	1.50012	-0.000152962
0.496	1.29103	1.00009	1.00015	1.50009	-0.000118292
0.497	1.291	1.00001	1.00002	1.50001	-1.49818e-05
0.498	1.29096	0.999932	0.999886	1.49993	8.83249e-05
0.499	1.2909	0.999792	0.999653	1.49979	0.000268738
0.5	1.29084	0.999652	0.99942	1.49965	0.000449145
0.501	1.29087	0.999721	0.999535	1.49972	0.000359963
0.502	1.29088	0.999729	0.999548	1.49973	0.000350239
0.503	1.29094	0.999877	0.999795	1.49988	0.000158952
0.504	1.29101	1.00003	1.00004	1.50003	-3.23228e-05
0.505	1.29108	1.0002	1.00033	1.5002	-0.000256781
0.506	1.29115	1.00037	1.00062	1.50037	-0.000481239
0.507	1.29119	1.00046	1.00076	1.50046	-0.000590802
0.508	1.29123	1.00054	1.0009	1.50054	-0.000700357
0.509	1.29118	1.00042	1.00071	1.50042	-0.000547057
0.51	1.29113	1.00031	1.00051	1.5003	-0.000393756
0.511	1.29081	0.999569	0.999282	1.49957	0.000556316
0.512	1.29054	0.998939	0.998232	1.49894	0.00137042
0.513	1.29006	0.997829	0.996385	1.49783	0.00280564
0.514	1.28958	0.996719	0.994537	1.49672	0.00424085
0.515	1.28892	0.995185	0.991989	1.49518	0.00622743
0.516	1.28826	0.99365	0.989441	1.49365	0.008214
0.517	1.28744	0.991748	0.986287	1.49174	0.0106836
0.518	1.28661	0.989845	0.983134	1.48983	0.013153
0.519	1.28565	0.987631	0.979472	1.4876	0.0160372
0.52	1.28469	0.985417	0.97581	1.48538	0.0189213
0.521	1.28369	0.983126	0.972038	1.48308	0.0219104
0.522	1.28267	0.980772	0.968158	1.48071	0.0249853
0.523	1.28159	0.978292	0.964085	1.47821	0.0282334
0.524	1.2805	0.975812	0.960013	1.47571	0.0314816
0.525	1.27938	0.973239	0.955801	1.47312	0.0348638
0.526	1.27825	0.970666	0.95159	1.47052	0.0382463
0.527	1.27709	0.968031	0.947293	1.46786	0.0417223
0.528	1.27593	0.965396	0.942995	1.46519	0.0451983
0.529	1.27476	0.962733	0.938666	1.4625	0.0487258
0.53	1.27358	0.960069	0.934337	1.4598	0.0522533
0.531	1.27237	0.95733	0.929903	1.45702	0.0558937
0.532	1.27116	0.954613	0.925505	1.45426	0.0595038
0.533	1.26994	0.951868	0.921078	1.45147	0.063166
0.534	1.26872	0.949123	0.916652	1.44868	0.0668282
0.535	1.26749	0.946355	0.912204	1.44586	0.070536
0.536	1.26625	0.943586	0.907757	1.44304	0.0742436
0.537	1.265	0.9408	0.903298	1.4402	0.07799
0.538	1.26375	0.938014	0.89884	1.43736	0.0817364
0.539	1.26249	0.935215	0.894379	1.43449	0.0855141
0.54	1.26123	0.932417	0.889919	1.43163	0.0892921
0.541	1.25996	0.929604	0.885453	1.42875	0.0931046
0.542	1.25869	0.926794	0.880991	1.42587	0.0969141
0.543	1.25742	0.923975	0.876535	1.42298	0.10075
0.544	1.25613	0.921156	0.872078	1.42008	0.104586
0.545	1.25485	0.918331	0.86763	1.41718	0.108446
0.546	1.25356	0.915506	0.863181	1.41427	0.112306
0.547	1.25227	0.912677	0.858745	1.41135	0.116188
0.548	1.25097	0.909847	0.854308	1.40844	0.12007
0.549	1.24968	0.907016	0.849887	1.40551	0.123971
0.55	1.24837	0.904185	0.845465	1.40259	0.127872
0.551	1.24707	0.901352	0.841058	1.39965	0.131792
0.552	1.24576	0.898519	0.836653	1.39672	0.135712
0.553	1.24445	0.895686	0.832265	1.39378	0.139648
0.554	1.24313	0.892852	0.827877	1.39084	0.143585
0.555	1.24182	0.89002	0.823509	1.3879	0.147537
0.556	1.2405	0.887187	0.81914	1.38495	0.15149
0.557	1.23918	0.884355	0.814793	1.382	0.155456
0.558	1.23785	0.881524	0.810446	1.37905	0.159424
0.559	1.23653	0.878695	0.806121	1.3761	0.163404
0.56	1.2352	0.875866	0.801796	1.37315	0.167385
0.561	1.23387	0.873041	0.797494	1.37019	0.171378
0.562	1.23254	0.870216	0.793192	1.36723	0.175372
0.563	1.23121	0.867394	0.788914	1.36427	0.179378
0.564	1.22987	0.864572	0.784636	1.36131	0.183384
0.565	1.22853	0.861754	0.780383	1.35835	0.187401
0.566	1.22719	0.858936	0.77613	1.35539	0.191418
0.567	1.22585	0.856123	0.771903	1.35243	0.195445
0.568	1.2245	0.85331	0.767676	1.34947	0.199473
0.569	1.22316	0.850502	0.763476	1.3465	0.203511
0.57	1.22181	0.847694	0.759276	1.34354	0.207548
0.571	1.22047	0.844893	0.755103	1.34058	0.211595
0.572	1.21911	0.842092	0.75093	1.33761	0.215642
0.573	1.21777	0.839297	0.746785	1.33465	0.219697
0.574	1.21641	0.836502	0.742641	1.33169	0.223752
0.575	1.21506	0.833715	0.738525	1.32873	0.227815
0.576	1.2137	0.830927	0.734409	1.32576	0.231878
0.577	1.21235	0.828147	0.730323	1.3228	0.235948
0.578	1.21099	0.825367	0.726237	1.31984	0.240017
0.579	1.20964	0.822596	0.722182	1.31689	0.244093
0.58	1.20827	0.819824	0.718127	1.31393	0.248168
0.581	1.20692	0.817061	0.714103	1.31097	0.252249
0.582	1.20555	0.814299	0.710079	1.30802	0.25633
0.583	1.2042	0.811546	0.706087	1.30507	0.260414
0.584	1.20283	0.808793	0.702095	1.30212	0.264499
0.585	1.20147	0.806051	0.698136	1.29917	0.268587
0.586	1.2001	0.803308	0.694177	1.29622	0.272675
0.587	1.19874	0.800577	0.690252	1.29328	0.276765
0.588	1.19738	0.797846	0.686328	1.29034	0.280854
0.589	1.19602	0.795126	0.682437	1.2874	0.284945
0.59	1.19465	0.792407	0.678547	1.28447	0.289036
0.591	1.19329	0.7897	0.674693	1.28154	0.293126
0.592	1.19192	0.786993	0.670838	1.27861	0.297216
0.593	1.19057	0.784299	0.667021	1.27569	0.301305
0.594	1.1892	0.781606	0.663203	1.27277	0.305393
0.595	1.18784	0.778927	0.659423	1.26986	0.309479
0.596	1.18647	0.776248	0.655643	1.26695	0.313564
0.597	1.18512	0.773584	0.651902	1.26405	0.317645
0.598	1.18375	0.77092	0.648161	1.26114	0.321726
0.599	1.1824	0.768273	0.64446	1.25825	0.3258
0.6	1.18104	0.765626	0.640758	1.25536	0.329875
0.601	1.17969	0.762996	0.637098	1.25248	0.333941
0.602	1.17833	0.760366	0.633438	1.2496	0.338007
0.603	1.17698	0.757755	0.629821	1.24674	0.342063
0.604	1.17562	0.755143	0.626203	1.24388	0.34612
0.605	1.17428	0.752551	0.622629	1.24103	0.350164
0.606	1.17293	0.749959	0.619055	1.23818	0.354209
0.607	1.17159	0.747387	0.615526	1.23534	0.358239
0.608	1.17024	0.744816	0.611996	1.23251	0.36227
0.609	1.16891	0.742267	0.608513	1.2297	0.366284
0.61	1.16756	0.739718	0.605031	1.22688	0.370298
0.611	1.16624	0.737192	0.601595	1.22408	0.374295
0.612	1.1649	0.734666	0.598159	1.22129	0.378291
0.613	1.16358	0.732164	0.594771	1.21851	0.382267
0.614	1.16225	0.729662	0.591384	1.21573	0.386244
0.615	1.16093	0.727185	0.588045	1.21298	0.390198
0.616	1.15961	0.724708	0.584707	1.21023	0.394153
0.617	1.1583	0.722257	0.581418	1.20749	0.398085
0.618	1.15699	0.719805	0.578129	1.20476	0.402016
0.619	1.15569	0.71738	0.57489	1.20205	0.405923
0.62	1.15438	0.714954	0.571651	1.19934	0.40983
0.621	1.1531	0.712555	0.568461	1.19666	0.413712
0.622	1.1518	0.710156	0.565272	1.19397	0.417593
0.623	1.15052	0.707784	0.562132	1.19131	0.421449
0.624	1.14923	0.705412	0.558992	1.18865	0.425305
0.625	1.14795	0.703068	0.555902	1.18601	0.429134
0.626	1.14667	0.700723	0.552811	1.18337	0.432963
0.627	1.14541	0.698405	0.54977	1.18076	0.436764
0.628	1.14414	0.696087	0.546729	1.17815	0.440566
0.629	1.14289	0.693797	0.543738	1.17556	0.444339
0.63	1.14162	0.691507	0.540746	1.17297	0.448112
0.631	1.14038	0.689244	0.537805	1.17041	0.451854
0.632	1.13913	0.686984	0.534863	1.16785	0.455596
0.633	1.13789	0.68473	0.531946	1.1653	0.459341
0.634	1.13663	0.682476	0.529028	1.16274	0.463086
0.635	1.13541	0.680275	0.526192	1.16024	0.466757
0.636	1.13419	0.678075	0.523356	1.15774	0.470429
0.637	1.13302	0.675976	0.520661	1.15535	0.473948
0.638	1.13184	0.673877	0.517966	1.15295	0.477466
0.639	1.13075	0.671927	0.515472	1.15073	0.480749
0.64	1.12965	0.669976	0.512979	1.1485	0.484031
0.641	1.12887	0.668598	0.511219	1.14692	0.486363
0.642	1.12806	0.66714	0.509367	1.14526	0.488817
0.643	1.12762	0.666372	0.508388	1.14438	0.490119
0.644	1.12719	0.665603	0.507409	1.14349	0.491422
0.645	1.12708	0.665414	0.507168	1.14328	0.491744
0.646	1.12697	0.665224	0.506926	1.14306	0.492066
0.647	1.12713	0.665505	0.507284	1.14338	0.491589
0.648	1.12729	0.665785	0.507641	1.1437	0.491113
0.649	1.12765	0.666427	0.508457	1.14444	0.490026
0.65	1.12802	0.667068	0.509274	1.14518	0.48894
0.651	1.12803	0.667102	0.509317	1.14522	0.488883
0.652	1.1282	0.667402	0.509698	1.14556	0.488377
0.653	1.12827	0.667526	0.509856	1.1457	0.488166
0.654	1.12834	0.667651	0.510015	1.14584	0.487956
0.655	1.12835	0.667667	0.510034	1.14586	0.48793
0.656	1.12836	0.667682	0.510054	1.14588	0.487904
0.657	1.12834	0.667655	0.51002	1.14584	0.48795
0.658	1.12833	0.667628	0.509985	1.14581	0.487995
0.659	1.12833	0.667624	0.509981	1.14581	0.488001
0.66	1.12833	0.667621	0.509976	1.14581	0.488008
0.661	1.12834	0.66765	0.510014	1.14584	0.487957
0.662	1.12834	0.667653	0.510016	1.14584	0.487954
0.663	1.12832	0.667618	0.509972	1.1458	0.488012
0.664	1.1283	0.667583	0.509928	1.14576	0.488071
0.665	1.12828	0.667533	0.509864	1.14571	0.488156
0.666	1.12825	0.667482	0.5098	1.14565	0.488241
0.667	1.12822	0.667437	0.509743	1.1456	0.488317
0.668	1.1282	0.667391	0.509685	1.14555	0.488393
0.669	1.12819	0.667373	0.509662	1.14553	0.488424
0.67	1.12818	0.667355	0.509639	1.1455	0.488456
0.671	1.12824	0.667467	0.50978	1.14563	0.488267
0.672	1.12828	0.667546	0.50988	1.14572	0.488135
0.673	1.12835	0.667669	0.510037	1.14586	0.487927
0.674	1.12842	0.667792	0.510193	1.146	0.487719
0.675	1.1285	0.667926	0.510364	1.14615	0.487492
0.676	1.12857	0.66806	0.510535	1.14631	0.487266
0.677	1.12864	0.668172	0.510678	1.14644	0.487076
0.678	1.1287	0.668284	0.510821	1.14657	0.486886
0.679	1.12873	0.668342	0.510895	1.14663	0.486788
0.68	1.12877	0.668404	0.510975	1.1467	0.486683
0.681	1.12878	0.668422	0.510997	1.14672	0.486653
0.682	1.12879	0.668439	0.511019	1.14674	0.486624
0.683	1.12878	0.668422	0.510997	1.14672	0.486653
0.684	1.12877	0.668405	0.510975	1.1467	0.486683
0.685	1.12875	0.668368	0.510928	1.14666	0.486744
0.686	1.12873	0.668332	0.510882	1.14662	0.486806
0.687	1.1287	0.668293	0.510831	1.14657	0.486873
0.688	1.12868	0.668253	0.510781	1.14653	0.48694
0.689	1.12867	0.668226	0.510746	1.1465	0.486985
0.69	1.12865	0.668203	0.510716	1.14647	0.487025
0.691	1.12866	0.668209	0.510724	1.14648	0.487015
0.692	1.12866	0.668214	0.510731	1.14648	0.487005
0.693	1.12868	0.668253	0.510781	1.14653	0.48694
0.694	1.1287	0.668291	0.51083	1.14657	0.486874
0.695	1.12874	0.668349	0.510905	1.14664	0.486776
0.696	1.12877	0.668407	0.510979	1.14671	0.486677
0.697	1.12881	0.668471	0.51106	1.14678	0.486569
0.698	1.12884	0.668535	0.511142	1.14685	0.486462
0.699	1.12887	0.668591	0.511213	1.14692	0.486367
0.7	1.1289	0.668648	0.511284	1.14698	0.486273
0.701	1.12891	0.668661	0.5113	1.14699	0.486251
0.702	1.12892	0.668684	0.511329	1.14702	0.486213
0.703	1.12892	0.668678	0.511321	1.14701	0.486223
0.704	1.12892	0.668672	0.511314	1.14701	0.486234
0.705	1.1289	0.668644	0.511278	1.14697	0.486281
0.706	1.12888	0.668616	0.511243	1.14694	0.486328
0.707	1.12886	0.668573	0.511189	1.1469	0.486399
0.708	1.12884	0.66853	0.511134	1.14685	0.486471
0.709	1.12881	0.668479	0.51107	1.14679	0.486556
0.71	1.12878	0.668429	0.511006	1.14673	0.486641
0.711	1.12877	0.668403	0.510974	1.1467	0.486684
0.712	1.12875	0.66837	0.510932	1.14667	0.486739
0.713	1.12875	0.668368	0.510929	1.14666	0.486744
0.714	1.12875	0.668365	0.510925	1.14666	0.486749
0.715	1.12876	0.668389	0.510954	1.14669	0.48671
0.716	1.12877	0.668412	0.510984	1.14671	0.486671
0.717	1.1288	0.668459	0.511043	1.14676	0.486593
0.718	1.12882	0.668505	0.511101	1.14681	0.486515
0.719	1.12886	0.668571	0.511185	1.14689	0.486404
0.72	1.1289	0.668637	0.511268	1.14696	0.486293
0.721	1.12891	0.668661	0.511299	1.14699	0.486253
0.722	1.12893	0.668699	0.51135	1.14704	0.486186
0.723	1.12894	0.668711	0.511366	1.14705	0.486165
0.724	1.12895	0.668723	0.511382	1.14707	0.486144
0.725	1.12894	0.66871	0.511366	1.14706	0.486165
0.726	1.12893	0.668697	0.51135	1.14704	0.486186
0.727	1.12891	0.668662	0.511305	1.147	0.486246
0.728	1.12889	0.668627	0.51126	1.14696	0.486305
0.729	1.12886	0.668571	0.511188	1.1469	0.4864
0.73	1.12883	0.668516	0.511117	1.14683	0.486495
0.731	1.12881	0.668482	0.511072	1.14679	0.486553
0.732	1.12878	0.668437	0.511014	1.14674	0.48663
0.733	1.12877	0.668418	0.51099	1.14671	0.486663
0.734	1.12876	0.668399	0.510965	1.14669	0.486695
0.735	1.12877	0.66841	0.51098	1.1467	0.486676
0.736	1.12877	0.668421	0.510994	1.14672	0.486657
0.737	1.1288	0.668467	0.511052	1.14677	0.48658
0.738	1.12883	0.668512	0.511111	1.14682	0.486503
0.739	1.12887	0.668595	0.511218	1.14692	0.48636
0.74	1.12892	0.668679	0.511326	1.14702	0.486218
0.741	1.12895	0.66872	0.511379	1.14707	0.486147
0.742	1.12898	0.66878	0.511456	1.14714	0.486045
0.743	1.12899	0.668804	0.511487	1.14717	0.486004
0.744	1.12901	0.668829	0.511517	1.14719	0.485964
0.745	1.129	0.668821	0.511506	1.14718	0.485979
0.746	1.129	0.668812	0.511494	1.14717	0.485995
0.747	1.12897	0.668773	0.511443	1.14712	0.486062
0.748	1.12895	0.668734	0.511392	1.14707	0.48613
0.749	1.12891	0.668666	0.511305	1.147	0.486245
0.75	1.12888	0.66862	0.511246	1.14694	0.486323
0.751	1.12886	0.668576	0.511191	1.14689	0.486396
0.752	1.12884	0.668532	0.511136	1.14685	0.486469
0.753	1.12883	0.668509	0.511107	1.14682	0.486508
0.754	1.12881	0.668485	0.511078	1.1468	0.486546
0.755	1.12881	0.668482	0.511075	1.1468	0.486549
0.756	1.12881	0.66848	0.511073	1.1468	0.486552
0.757	1.12882	0.6685	0.511099	1.14682	0.486518
0.758	1.12884	0.66852	0.511125	1.14684	0.486483
0.759	1.12886	0.668564	0.51118	1.14689	0.48641
0.76	1.12888	0.668608	0.511235	1.14694	0.486337
0.761	1.1289	0.668645	0.511282	1.14698	0.486276
0.762	1.12893	0.668691	0.511338	1.14703	0.486202
0.763	1.12894	0.668722	0.511376	1.14706	0.48615
0.764	1.12896	0.668753	0.511415	1.14709	0.486099
0.765	1.12897	0.668763	0.511428	1.14711	0.486082
0.766	1.12897	0.668773	0.511441	1.14712	0.486065
0.767	1.12896	0.668755	0.511419	1.1471	0.486094
0.768	1.12895	0.668737	0.511398	1.14708	0.486122
0.769	1.12893	0.668685	0.511333	1.14703	0.486207
0.77	1.1289	0.668633	0.511269	1.14697	0.486293
0.771	1.12888	0.668602	0.51123	1.14694	0.486345
0.772	1.12886	0.668558	0.511174	1.14689	0.486418
0.773	1.12884	0.668529	0.511137	1.14685	0.486468
0.774	1.12882	0.668501	0.511099	1.14682	0.486518
0.775	1.12882	0.668493	0.511087	1.1468	0.486534
0.776	1.12881	0.668485	0.511075	1.14679	0.48655
0.777	1.12882	0.668501	0.511094	1.14681	0.486524
0.778	1.12883	0.668518	0.511114	1.14682	0.486497
0.779	1.12885	0.668565	0.511174	1.14688	0.486419
0.78	1.12888	0.668612	0.511233	1.14693	0.48634
0.781	1.12891	0.668665	0.511302	1.14699	0.486248
0.782	1.12895	0.668724	0.511382	1.14707	0.486143
0.783	1.12898	0.668778	0.511453	1.14714	0.486049
0.784	1.12901	0.668831	0.511524	1.1472	0.485955
0.785	1.12903	0.668861	0.511564	1.14724	0.485903
0.786	1.12905	0.668891	0.511603	1.14728	0.48585
0.787	1.12904	0.668879	0.511587	1.14726	0.485871
0.788	1.12904	0.668867	0.511571	1.14725	0.485893
0.789	1.12899	0.668795	0.511476	1.14716	0.486018
0.79	1.12895	0.668724	0.511382	1.14707	0.486143
0.791	1.12891	0.668668	0.511306	1.147	0.486243
0.792	1.12886	0.668598	0.51121	1.1469	0.486371
0.793	1.12883	0.668543	0.511136	1.14683	0.486469
0.794	1.12879	0.668487	0.511062	1.14676	0.486567
0.795	1.12878	0.668456	0.511022	1.14672	0.48662
0.796	1.12876	0.668424	0.510983	1.14669	0.486672
0.797	1.12877	0.668423	0.510989	1.1467	0.486664
0.798	1.12877	0.668423	0.510995	1.14672	0.486655
0.799	1.12881	0.668463	0.51106	1.14679	0.48657
0.8	1.1288	0.668527	0.511101	1.14678	0.486516
0.801	1.12887	0.668519	0.511154	1.14691	0.486445
0.802	1.12893	0.668512	0.511208	1.14704	0.486373
0.803	1.12895	0.668557	0.511258	1.14708	0.486307
0.804	1.12897	0.668603	0.511308	1.14711	0.486241
0.805	1.12895	0.668673	0.511348	1.14708	0.486188
0.806	1.12894	0.668744	0.511388	1.14705	0.486135
0.807	1.12891	0.668811	0.511412	1.14699	0.486103
0.808	1.12888	0.668879	0.511437	1.14693	0.486071
0.809	1.12885	0.668916	0.511439	1.14687	0.486068
0.81	1.129	0.66873	0.511435	1.14718	0.486073
0.811	1.1289	0.66878	0.511383	1.14697	0.486142
0.812	1.1288	0.668831	0.51133	1.14677	0.486212
0.813	1.12887	0.66866	0.511261	1.14691	0.486303
0.814	1.12894	0.668489	0.511193	1.14705	0.486393
0.815	1.12846	0.668978	0.511132	1.14608	0.486474
0.816	1.12798	0.669467	0.511071	1.1451	0.486555
0.817	1.12624	0.671497	0.511041	1.14158	0.486594
0.818	1.12451	0.673528	0.511011	1.13806	0.486634
0.819	1.12083	0.677982	0.511035	1.13069	0.486602
0.82	1.11574	0.684189	0.511041	1.1204	0.486594
0.821	1.10936	0.692117	0.511061	1.10782	0.486568
0.822	1.10308	0.700046	0.511081	1.09524	0.486542
0.823	1.0908	0.715972	0.511136	1.07117	0.486471
0.824	1.08144	0.72847	0.511176	1.05303	0.486419
0.825	1.07233	0.740968	0.511216	1.03489	0.486368
0.826	1.05257	0.769352	0.511417	0.998058	0.48613
0.827	1.0395	0.788911	0.511475	0.973114	0.486051
0.828	1.01598	0.826016	0.511576	0.930127	0.485912
0.829	0.998261	0.855601	0.511576	0.898512	0.485912
0.83	0.981437	0.885185	0.511576	0.866897	0.485912
0.831	0.954679	0.93539	0.511516	0.821657	0.486012
0.832	0.935611	0.973708	0.511412	0.787831	0.486108
0.833	0.905905	1.0383	0.511258	0.741481	0.486287
0.834	0.878844	1.10289	0.511103	0.69513	0.486466
0.835	0.845905	1.19015	0.510971	0.647493	0.486598
0.836	0.816397	1.27741	0.510838	0.599853	0.486731
0.837	0.784379	1.38371	0.510798	0.557017	0.48675
0.838	0.755851	1.49002	0.510759	0.51418	0.486769
0.839	0.726834	1.61176	0.510884	0.478178	0.486653
0.84	0.700933	1.7335	0.511009	0.442176	0.486538
0.841	0.679155	1.84773	0.511361	0.416947	0.486261
0.842	0.657854	1.97024	0.511598	0.389494	0.486062
0.843	0.644478	2.05309	0.511653	0.374424	0.486027
0.844	0.631888	2.13594	0.511707	0.359354	0.485992
0.845	0.624375	2.18722	0.511605	0.351055	0.486067
0.846	0.617122	2.23849	0.511503	0.342756	0.486143
0.847	0.61319	2.26626	0.51127	0.338454	0.486306
0.848	0.609328	2.29403	0.511037	0.334153	0.486469
0.849	0.607494	2.30638	0.510699	0.332154	0.486708
0.85	0.605673	2.31873	0.510362	0.330156	0.486947
0.851	0.604511	2.33019	0.510918	0.328896	0.486553
0.852	0.603386	2.33991	0.511142	0.327667	0.486396
0.853	0.602795	2.34553	0.511367	0.327028	0.486239
0.854	0.602207	2.35116	0.511593	0.326388	0.486081
0.855	0.601941	2.35369	0.511691	0.3261	0.486012
0.856	0.601675	2.35622	0.511789	0.325811	0.485943
0.857	0.601524	2.35668	0.511632	0.325648	0.486052
0.858	0.601373	2.35715	0.511476	0.325484	0.486161
0.859	0.601131	2.35655	0.510936	0.325222	0.486539
0.86	0.600889	2.35596	0.510397	0.32496	0.486916
0.861	0.600873	2.35719	0.510635	0.324943	0.486745
0.862	0.600827	2.35752	0.510629	0.324893	0.486747
0.863	0.60093	2.35794	0.510895	0.325005	0.486558
0.864	0.601033	2.35836	0.511161	0.325117	0.486369
0.865	0.601188	2.35844	0.511443	0.325284	0.48617
0.866	0.601342	2.35853	0.511724	0.325451	0.485971
0.867	0.601449	2.35788	0.511765	0.325567	0.485941
0.868	0.601557	2.35723	0.511807	0.325684	0.485912
0.869	0.601519	2.35542	0.511352	0.325643	0.486232
0.87	0.601503	2.35375	0.510962	0.325626	0.486506
0.871	0.601489	2.35298	0.51077	0.32561	0.486642
0.872	0.601475	2.35221	0.510579	0.325595	0.486779
0.873	0.601509	2.35254	0.510708	0.325632	0.486688
0.874	0.601544	2.35286	0.510837	0.32567	0.486598
0.875	0.601595	2.35367	0.511099	0.325725	0.486413
0.876	0.601646	2.35448	0.511361	0.32578	0.486229
0.877	0.601681	2.35516	0.511568	0.325817	0.486084
0.878	0.601715	2.35584	0.511776	0.325855	0.485939
0.879	0.601701	2.35579	0.51174	0.32584	0.485966
0.88	0.601688	2.35573	0.511705	0.325825	0.485993
0.881	0.601594	2.3545	0.511277	0.325723	0.486315
0.882	0.601532	2.35341	0.510936	0.325657	0.486589
0.883	0.601538	2.35282	0.510817	0.325663	0.486664
0.884	0.601543	2.35223	0.510699	0.325669	0.486738
0.885	0.601601	2.35221	0.510793	0.325732	0.486646
0.886	0.601659	2.35219	0.510888	0.325795	0.486553
0.887	0.601756	2.35281	0.511187	0.3259	0.486327
0.888	0.601853	2.35343	0.511486	0.326005	0.486101
0.889	0.601975	2.35475	0.51198	0.326136	0.485775
0.89	0.601929	2.35434	0.511812	0.326086	0.485842
0.891	0.601814	2.35341	0.511415	0.325962	0.485842
0.892	0.6017	2.35248	0.511019	0.325838	0.485842
0.893	0.601045	2.34602	0.508505	0.325128	0.484619
0.894	0.600619	2.34192	0.506899	0.324667	0.483921
0.895	0.600191	2.33783	0.505293	0.324206	0.483222
0.896	0.597685	2.30581	0.494217	0.321488	0.475106
0.897	0.596296	2.2893	0.488403	0.320002	0.471111
0.898	0.589059	2.20837	0.459771	0.31216	0.448355
0.899	0.583948	2.15505	0.440918	0.306693	0.43364
0.9	0.578529	2.10174	0.422065	0.301226	0.418924
0.901	0.549669	1.85061	0.335482	0.269649	0.337337
0.902	0.528553	1.70938	0.286528	0.249791	0.292902
0.903	0.464692	1.30511	0.169095	0.193606	0.138062
0.904	0.451757	1.21839	0.149193	0.182489	0.0988134
0.905	0.436364	1.13166	0.12929	0.171372	0.0595652
0.906	0.412704	1.02508	0.104758	0.153282	0.0113238
0.907	0.411439	1.01777	0.103374	0.152347	0.00804579
0.908	0.409325	1.00547	0.101078	0.150792	0.00261039
0.909	0.409121	1.0048	0.10091	0.150642	0.00220856
0.91	0.408918	1.00412	0.100742	0.150492	0.0018067
0.911	0.408729	1.00333	0.10057	0.150353	0.0013902
0.912	0.40829	1.00028	0.100049	0.150031	0.000119929
0.913	0.408165	0.999406	0.0998996	0.149938	-0.000245949
0.914	0.408039	0.998528	0.0997504	0.149846	-0.000611828
0.915	0.408093	0.99889	0.0998129	0.149886	-0.000458586
0.916	0.408147	0.999251	0.0998755	0.149926	-0.000305352
0.917	0.408241	0.999919	0.0999883	0.149995	-2.90099e-05
0.918	0.408335	1.00059	0.100101	0.150064	0.000247333
0.919	0.40833	1.00063	0.100103	0.15006	0.000252071
0.92	0.408325	1.00067	0.100105	0.150056	0.000256808
0.921	0.408193	0.999592	0.0999322	0.149959	-0.000166138
0.922	0.408218	0.99978	0.0999634	0.149978	-8.96313e-05
0.923	0.408234	0.999893	0.0999822	0.149989	-4.37279e-05
0.924	0.408249	1.00001	0.100001	0.15	2.17815e-06
0.925	0.408254	1.00004	0.100007	0.150004	1.77782e-05
0.926	0.408259	1.00008	0.100014	0.150008	3.33783e-05
0.927	0.408255	1.00005	0.100008	0.150005	1.89435e-05
0.928	0.40825	1.00001	0.100002	0.150001	4.50877e-06
0.929	0.408235	0.999903	0.0999838	0.14999	-3.97188e-05
0.93	0.408253	1.00003	0.100005	0.150003	1.26822e-05
0.931	0.408252	1.00003	0.100005	0.150003	1.13615e-05
0.932	0.408252	1.00002	0.100004	0.150002	1.00408e-05
0.933	0.40825	1.00002	0.100003	0.150002	6.13993e-06
0.934	0.408249	1.00001	0.100001	0.150001	2.23925e-06
0.935	0.408248	0.999998	0.0999996	0.15	-9.25935e-07
0.936	0.408247	0.99999	0.0999983	0.149999	-4.09112e-06
0.937	0.408247	0.999992	0.0999987	0.149999	-3.20465e-06
0.938	0.408248	0.999994	0.0999991	0.149999	-2.31814e-06
0.939	0.40825	1.00001	0.100002	0.150001	5.93566e-06
0.94	0.408248	0.999997	0.0999995	0.15	-1.19955e-06
0.941	0.408248	0.999997	0.0999995	0.15	-1.28997e-06
0.942	0.408248	0.999997	0.0999994	0.15	-1.38038e-06
0.943	0.408248	0.999998	0.0999996	0.15	-8.79992e-07
0.944	0.408248	0.999999	0.0999998	0.15	-3.79629e-07
0.945	0.408248	1	0.1	0.15	1.16069e-07
0.946	0.408248	1	0.1	0.15	6.11767e-07
0.947	0.408248	1	0.1	0.15	5.07313e-07
0.948	0.408248	1	0.1	0.15	4.02866e-07
0.949	0.408248	0.999998	0.0999996	0.15	-8.97209e-07
0.95	0.408248	0.999995	0.0999991	0.149999	-2.19728e-06
0.951	0.408248	1	0.1	0.15	1.33187e-07
0.952	0.408248	1	0.1	0.15	2.16661e-07
0.953	0.408248	1	0.1	0.15	1.51948e-07
0.954	0.408248	1	0.1	0.15	8.72339e-08
0.955	0.408248	1	0.1	0.15	-4.15939e-09
0.956	0.408248	1	0.1	0.15	-9.55526e-08
0.957	0.408248	1	0.1	0.15	-9.21191e-08
0.958	0.408248	1	0.1	0.15	-8.86857e-08
0.959	0.408248	1	0.1	0.15	1.31081e-07
0.96	0.408248	1	0.1	0.15	3.50847e-07
0.961	0.408248	1	0.1	0.15	7.0355e-09
0.962	0.408248	1	0.1	0.15	-3.13728e-08
0.963	0.408248	1	0.1	0.15	-2.7303e-08
0.964	0.408248	1	0.1	0.15	-2.32331e-08
0.965	0.408248	1	0.1	0.15	-5.02757e-09
0.966	0.408248	1	0.1	0.15	1.31791e-08
0.967	0.408248	1	0.1	0.15	1.71784e-08
0.968	0.408248	1	0.1	0.15	2.11776e-08
0.969	0.408248	1	0.1	0.15	-1.73718e-08
0.97	0.408248	1	0.1	0.15	-5.59235e-08
0.971	0.408248	1	0.1	0.15	-7.11907e-09
0.972	0.408248	1	0.1	0.15	3.7195e-09
0.973	0.408248	1	0.1	0.15	4.46649e-09
0.974	0.408248	1	0.1	0.15	5.21347e-09
0.975	0.408248	1	0.1	0.15	1.85998e-09
0.976	0.408248	1	0.1	0.15	-1.49331e-09
0.977	0.408248	1	0.1	0.15	-2.95584e-09
0.978	0.408248	1	0.1	0.15	-4.41838e-09
0.979	0.408248	1	0.1	0.15	2.00096e-09
0.98	0.408248	1	0.1	0.15	8.42069e-09
0.981	0.408248	1	0.1	0.15	1.9946e-09
0.982	0.408248	1	0.1	0.15	-3.21884e-10
0.983	0.408248	1	0.1	0.15	-6.54063e-10
0.984	0.408248	1	0.1	0.15	-9.86262e-10
0.985	0.408248	1	0.1	0.15	-4.33085e-10
0.986	0.408248	1	0.1	0.15	1.20093e-10
0.987	0.408248	1	0.1	0.15	4.59709e-10
0.988	0.408248	1	0.1	0.15	7.99326e-10
0.989	0.408248	1	0.1	0.15	-1.73574e-10
0.99	0.408248	1	0.1	0.15	-1.14642e-09
0.991	0.408248	1	0.1	0.15	-4.08137e-10
0.992	0.408248	1	0.1	0.15	-9.95692e-12
0.993	0.408248	1	0.1	0.15	7.70136e-11
0.994	0.408248	1	0.1	0.15	1.63989e-10
0.995	0.408248	1	0.1	0.15	9.27922e-11
0.996	0.408248	1	0.1	0.15	2.15952e-11
0.997	0.408248	1	0.1	0.15	-5.47336e-11
0.998	0.408248	1	0.1	0.15	-1.31067e-10
0.999	0.408248	1	0.1	0.15	-5.94955e-11
1	0.408248	1	0.1	0.15	1.20758e-11
