"arc_length","Cspd","Density","eint","pres","velx"
0,0.333333,1,0.1,0.0666667,3.41764e-15
0.009,0.333333,1,0.1,0.0666667,5.36344e-15
0.018,0.333333,1,0.1,0.0666667,6.88605e-15
0.027,0.333333,1,0.1,0.0666667,8.24066e-15
0.036,0.333333,1,0.1,0.0666667,9.49542e-15
0.045,0.333333,1,0.1,0.0666667,1.06593e-14
0.054,0.333333,1,0.1,0.0666667,1.18728e-14
0.063,0.333333,1,0.1,0.0666667,1.32614e-14
0.072,0.333333,1,0.1,0.0666667,1.43093e-14
0.081,0.333333,1,0.1,0.0666667,1.53427e-14
0.09,0.333333,1,0.1,0.0666667,1.62252e-14
0.099,0.333333,1,0.1,0.0666667,1.67536e-14
0.108,0.333333,1,0.1,0.0666667,1.74028e-14
0.117,0.333333,1,0.1,0.0666667,1.84506e-14
0.126,0.333333,1,0.1,0.0666667,1.93219e-14
0.135,0.333333,1,0.1,0.0666667,2.01525e-14
0.144,0.333333,1,0.1,0.0666667,2.07205e-14
0.153,0.333333,1,0.1,0.0666667,2.14513e-14
0.162,0.333333,1,0.1,0.0666667,2.21449e-14
0.171,0.333333,1,0.1,0.0666667,2.23569e-14
0.18,0.333333,1,0.1,0.0666667,2.30096e-14
0.189,0.333333,1,0.1,0.0666667,2.3482e-14
0.198,0.333333,1,0.1,0.0666667,2.35244e-14
0.207,0.333333,1,0.1,0.0666667,2.38578e-14
0.216,0.333333,1,0.1,0.0666667,2.41939e-14
0.225,0.333333,1,0.1,0.0666667,2.48817e-14
0.234,0.333333,1,0.1,0.0666667,2.49985e-14
0.243,0.333333,1,0.1,0.0666667,2.58426e-14
0.252,0.333333,1,0.1,0.0666667,2.63195e-14
0.261,0.333333,1,0.1,0.0666667,2.61786e-14
0.27,0.333333,1,0.1,0.0666667,2.71386e-14
0.279,0.333333,1,0.1,0.0666667,2.73968e-14
0.288,0.333333,1,0.1,0.0666667,2.72669e-14
0.297,0.333333,1,0.1,0.0666667,2.75709e-14
0.306,0.333333,1,0.1,0.0666667,2.81032e-14
0.315,0.333333,1,0.1,0.0666667,2.82046e-14
0.324,0.333333,1,0.1,0.0666667,2.84191e-14
0.333,0.333333,1,0.1,0.0666667,2.84844e-14
0.342,0.333333,1,0.1,0.0666667,2.90682e-14
0.351,0.333333,1,0.1,0.0666667,2.94106e-14
0.36,0.333333,1,0.1,0.0666667,2.98366e-14
0.369,0.333333,1,0.1,0.0666667,2.99114e-14
0.378,0.333333,1,0.1,0.0666667,2.98086e-14
0.387,0.333333,1,0.1,0.0666667,2.96779e-14
0.396,0.333333,1,0.1,0.0666667,3.00849e-14
0.405,0.333333,1,0.1,0.0666667,3.08367e-14
0.414,0.333333,1,0.1,0.0666667,3.10464e-14
0.423,0.333333,1,0.1,0.0666667,3.10617e-14
0.432,0.333333,1,0.1,0.0666667,3.10952e-14
0.441,0.333333,1,0.1,0.0666667,3.12225e-14
0.45,0.333333,1,0.1,0.0666667,3.20668e-14
0.459,0.333333,1,0.1,0.0666667,3.16491e-14
0.468,0.333333,1,0.1,0.0666667,3.08709e-14
0.477,0.333333,1,0.1,0.0666667,3.0519e-14
0.486,0.333333,1,0.1,0.0666667,3.08024e-14
0.495,0.333333,1,0.1,0.0666667,3.14912e-14
0.504,0.333333,1,0.1,0.0666667,3.08653e-14
0.513,0.333333,1,0.1,0.0666667,3.0604e-14
0.522,0.333333,1,0.1,0.0666667,3.10773e-14
0.531,0.333333,1,0.1,0.0666667,3.07877e-14
0.54,0.333333,1,0.1,0.0666667,3.09132e-14
0.549,0.333333,1,0.1,0.0666667,3.09428e-14
0.558,0.333333,1,0.1,0.0666667,3.06119e-14
0.567,0.333333,1,0.1,0.0666667,3.06322e-14
0.576,0.333333,1,0.1,0.0666667,3.06014e-14
0.585,0.333333,1,0.1,0.0666667,3.08897e-14
0.594,0.333333,1,0.1,0.0666667,3.10372e-14
0.603,0.333333,1,0.1,0.0666667,3.14681e-14
0.612,0.333333,1,0.1,0.0666667,3.19617e-14
0.621,0.333333,1,0.1,0.0666667,3.19616e-14
0.63,0.333333,1,0.1,0.0666667,3.18132e-14
0.639,0.333333,1,0.1,0.0666667,3.20046e-14
0.648,0.333333,1,0.1,0.0666667,3.44067e-14
0.657,0.333333,1,0.1,0.0666667,3.12893e-14
0.666,0.333333,1,0.1,0.0666667,2.62152e-14
0.675,0.333333,1,0.1,0.0666667,4.36676e-14
0.684,0.333333,1,0.1,0.0666667,5.02714e-14
0.693,0.333333,1,0.1,0.0666667,-3.58608e-14
0.702,0.333333,1,0.1,0.0666667,4.77408e-14
0.711,0.333333,1,0.1,0.0666667,3.52057e-13
0.72,0.333333,1,0.1,0.0666667,-7.74794e-13
0.729,0.333333,1,0.1,0.0666667,-6.70389e-13
0.738,0.333333,1,0.1,0.0666667,3.34408e-12
0.747,0.333333,1,0.1,0.0666667,-3.12876e-12
0.756,0.333333,1,0.1,0.0666667,-8.38767e-12
0.765,0.333333,1,0.1,0.0666667,2.63211e-11
0.774,0.333333,1,0.1,0.0666667,-1.83334e-11
0.783,0.333333,1,0.1,0.0666667,-7.52e-11
0.792,0.333333,1,0.1,0.0666667,2.7516e-10
0.801,0.333333,1,0.1,0.0666667,-2.33769e-10
0.81,0.333333,1,0.1,0.0666667,-5.34484e-10
0.819,0.333333,1,0.1,0.0666667,2.15736e-09
0.828,0.333333,1,0.1,0.0666667,-3.87014e-09
0.837,0.333333,1,0.1,0.0666667,1.71153e-09
0.846,0.333333,1,0.1,0.0666667,9.18593e-09
0.855,0.333333,1,0.1,0.0666667,-2.96037e-08
0.864,0.333333,1,0.1,0.0666666,5.47373e-08
0.873,0.333333,1,0.1,0.0666667,-4.61733e-08
0.882,0.333333,1,0.1,0.0666667,-4.39956e-08
0.891,0.333333,0.999999,0.0999999,0.0666666,2.99197e-07
0.9,0.333334,1,0.1,0.066667,-1.00265e-06
0.909,0.333333,0.999995,0.0999997,0.0666661,1.63697e-06
0.918,0.333334,1.00001,0.100001,0.0666676,-2.86988e-06
0.927,0.333332,0.999988,0.0999992,0.0666654,3.87207e-06
0.936,0.333335,1.00002,0.100001,0.0666685,-5.5296e-06
0.945,0.333331,0.999982,0.0999988,0.0666647,5.87242e-06
0.954,0.333337,1.00003,0.100002,0.0666698,-9.54436e-06
0.963,0.333328,0.999954,0.099997,0.0666616,1.5185e-05
0.972,0.33335,1.00015,0.10001,0.0666836,-5.09051e-05
0.981,0.333304,0.999736,0.0999824,0.0666374,8.78535e-05
0.99,0.333454,1.00108,0.100072,0.0667871,-0.000360898
0.999,0.333262,0.999362,0.0999575,0.0665958,0.000212719
1.008,0.332897,0.996078,0.0997383,0.0662314,0.00130919
1.017,0.332531,0.9928,0.0995194,0.0658686,0.00240571
1.026,0.332165,0.989519,0.0993001,0.0655062,0.00350587
1.035,0.331796,0.986232,0.09908,0.0651439,0.00461063
1.044,0.331427,0.982943,0.0988596,0.0647822,0.00571837
1.053,0.331057,0.979654,0.098639,0.0644214,0.00682839
1.062,0.330687,0.976368,0.0984183,0.0640616,0.00794018
1.071,0.330316,0.973085,0.0981975,0.063703,0.00905338
1.08,0.329944,0.969806,0.0979768,0.0633456,0.0101677
1.089,0.329572,0.966531,0.0977561,0.0629896,0.011283
1.098,0.3292,0.963262,0.0975355,0.0626348,0.0123992
1.107,0.328828,0.959998,0.0973151,0.0622815,0.013516
1.116,0.328456,0.956739,0.0970947,0.0619295,0.0146335
1.125,0.328083,0.953486,0.0968745,0.061579,0.0157515
1.134,0.32771,0.950239,0.0966545,0.0612299,0.0168699
1.143,0.327337,0.946999,0.0964346,0.0608823,0.0179888
1.152,0.326964,0.943764,0.0962149,0.0605361,0.019108
1.161,0.326591,0.940536,0.0959954,0.0601914,0.0202276
1.17,0.326218,0.937315,0.0957761,0.0598482,0.0213475
1.179,0.325844,0.9341,0.0955569,0.0595065,0.0224677
1.188,0.325471,0.930892,0.095338,0.0591662,0.0235881
1.197,0.325097,0.92769,0.0951193,0.0588275,0.0247088
1.206,0.324723,0.924495,0.0949008,0.0584902,0.0258296
1.215,0.32435,0.921307,0.0946825,0.0581544,0.0269507
1.224,0.323976,0.918126,0.0944644,0.0578202,0.028072
1.233,0.323602,0.914952,0.0942465,0.0574874,0.0291934
1.242,0.323228,0.911784,0.0940289,0.057156,0.030315
1.251,0.322854,0.908624,0.0938115,0.0568262,0.0314367
1.26,0.32248,0.90547,0.0935943,0.0564979,0.0325586
1.269,0.322106,0.902323,0.0933773,0.056171,0.0336806
1.278,0.321732,0.899183,0.0931606,0.0558456,0.0348027
1.287,0.321358,0.896051,0.0929441,0.0555217,0.035925
1.296,0.320984,0.892925,0.0927278,0.0551993,0.0370473
1.305,0.32061,0.889806,0.0925118,0.0548783,0.0381697
1.314,0.320236,0.886694,0.0922959,0.0545588,0.0392923
1.323,0.319862,0.883589,0.0920804,0.0542408,0.0404149
1.332,0.319487,0.880492,0.091865,0.0539243,0.0415376
1.341,0.319113,0.877401,0.0916499,0.0536092,0.0426604
1.35,0.318739,0.874317,0.0914351,0.0532955,0.0437832
1.359,0.318365,0.871241,0.0912204,0.0529833,0.0449061
1.368,0.31799,0.868171,0.091006,0.0526725,0.0460291
1.377,0.317616,0.865109,0.0907919,0.0523632,0.0471522
1.386,0.317242,0.862053,0.090578,0.0520554,0.0482753
1.395,0.316867,0.859005,0.0903643,0.0517489,0.0493985
1.404,0.316493,0.855963,0.0901509,0.0514439,0.0505217
1.413,0.316118,0.852929,0.0899377,0.0511403,0.051645
1.422,0.315744,0.849902,0.0897248,0.0508382,0.0527683
1.431,0.315369,0.846882,0.0895121,0.0505374,0.0538916
1.44,0.314995,0.843868,0.0892997,0.0502381,0.055015
1.449,0.31462,0.840862,0.0890875,0.0499402,0.0561385
1.458,0.314246,0.837863,0.0888755,0.0496437,0.057262
1.467,0.313872,0.834871,0.0886638,0.0493486,0.0583855
1.476,0.313497,0.831886,0.0884523,0.0490548,0.0595091
1.485,0.313122,0.828908,0.0882411,0.0487625,0.0606327
1.494,0.312748,0.825937,0.0880301,0.0484716,0.0617563
1.503,0.312373,0.822973,0.0878194,0.048182,0.0628799
1.512,0.311999,0.820016,0.0876089,0.0478938,0.0640036
1.521,0.311624,0.817067,0.0873987,0.047607,0.0651273
1.53,0.31125,0.814124,0.0871887,0.0473216,0.066251
1.539,0.310875,0.811188,0.086979,0.0470375,0.0673748
1.548,0.3105,0.808259,0.0867695,0.0467548,0.0684986
1.557,0.310126,0.805337,0.0865603,0.0464735,0.0696224
1.566,0.309751,0.802422,0.0863513,0.0461935,0.0707462
1.575,0.309377,0.799515,0.0861425,0.0459148,0.07187
1.584,0.309002,0.796614,0.085934,0.0456375,0.0729939
1.593,0.308627,0.79372,0.0857258,0.0453615,0.0741178
1.602,0.308253,0.790833,0.0855178,0.0450869,0.0752417
1.611,0.307878,0.787953,0.0853101,0.0448136,0.0763656
1.62,0.307503,0.78508,0.0851026,0.0445415,0.0774895
1.629,0.307129,0.782214,0.0848953,0.0442709,0.0786135
1.638,0.306754,0.779355,0.0846883,0.0440015,0.0797374
1.647,0.30638,0.776503,0.0844816,0.0437335,0.0808614
1.656,0.306005,0.773658,0.0842751,0.0434667,0.0819854
1.665,0.30563,0.770819,0.0840688,0.0432013,0.0831094
1.674,0.305256,0.767988,0.0838628,0.0429371,0.0842334
1.683,0.304881,0.765164,0.0836571,0.0426742,0.0853574
1.692,0.304506,0.762346,0.0834516,0.0424127,0.0864815
1.701,0.304131,0.759535,0.0832464,0.0421524,0.0876055
1.71,0.303757,0.756732,0.0830414,0.0418934,0.0887296
1.719,0.303382,0.753935,0.0828366,0.0416356,0.0898536
1.728,0.303007,0.751145,0.0826322,0.0413791,0.0909777
1.737,0.302633,0.748362,0.0824279,0.0411239,0.0921018
1.746,0.302258,0.745585,0.0822239,0.04087,0.0932259
1.755,0.301883,0.742816,0.0820202,0.0406173,0.09435
1.764,0.301509,0.740053,0.0818167,0.0403658,0.0954742
1.773,0.301134,0.737297,0.0816135,0.0401156,0.0965983
1.782,0.300759,0.734549,0.0814105,0.0398666,0.0977224
1.791,0.300384,0.731806,0.0812078,0.0396189,0.0988466
1.8,0.30001,0.729071,0.0810053,0.0393724,0.0999707
1.809,0.299635,0.726343,0.080803,0.0391271,0.101095
1.818,0.29926,0.723621,0.0806011,0.0388831,0.102219
1.827,0.298886,0.720906,0.0803993,0.0386402,0.103343
1.836,0.298511,0.718198,0.0801978,0.0383986,0.104467
1.845,0.298136,0.715496,0.0799966,0.0381582,0.105592
1.854,0.297761,0.712802,0.0797956,0.037919,0.106716
1.863,0.297387,0.710114,0.0795949,0.037681,0.10784
1.872,0.297012,0.707433,0.0793944,0.0374442,0.108964
1.881,0.296637,0.704758,0.0791942,0.0372085,0.110089
1.89,0.296262,0.702091,0.0789942,0.0369741,0.111213
1.899,0.295888,0.69943,0.0787945,0.0367408,0.112337
1.908,0.295513,0.696775,0.078595,0.0365087,0.113462
1.917,0.295138,0.694128,0.0783958,0.0362778,0.114586
1.926,0.294763,0.691487,0.0781968,0.0360481,0.11571
1.935,0.294388,0.688853,0.0779981,0.0358195,0.116835
1.944,0.294014,0.686225,0.0777997,0.035592,0.117959
1.953,0.293639,0.683604,0.0776014,0.0353658,0.119083
1.962,0.293264,0.68099,0.0774035,0.0351406,0.120208
1.971,0.292889,0.678382,0.0772057,0.0349167,0.121332
1.98,0.292515,0.675781,0.0770083,0.0346938,0.122456
1.989,0.29214,0.673187,0.076811,0.0344721,0.123581
1.998,0.291765,0.670599,0.0766141,0.0342515,0.124705
2.007,0.29139,0.668018,0.0764173,0.0340321,0.12583
2.016,0.291015,0.665443,0.0762209,0.0338138,0.126954
2.025,0.29064,0.662875,0.0760246,0.0335966,0.128079
2.034,0.290266,0.660313,0.0758287,0.0333805,0.129203
2.043,0.289891,0.657759,0.0756329,0.0331655,0.130328
2.052,0.289516,0.65521,0.0754375,0.0329516,0.131453
2.061,0.289141,0.652668,0.0752422,0.0327388,0.132577
2.07,0.288766,0.650133,0.0750473,0.0325271,0.133702
2.079,0.288391,0.647604,0.0748525,0.0323166,0.134826
2.088,0.288016,0.645082,0.074658,0.032107,0.135951
2.097,0.287641,0.642566,0.0744638,0.0318986,0.137076
2.106,0.287267,0.640057,0.0742698,0.0316913,0.138201
2.115,0.286892,0.637554,0.0740761,0.031485,0.139325
2.124,0.286517,0.635058,0.0738826,0.0312798,0.14045
2.133,0.286142,0.632568,0.0736894,0.0310757,0.141575
2.142,0.285767,0.630085,0.0734964,0.0308726,0.1427
2.151,0.285392,0.627608,0.0733037,0.0306706,0.143824
2.16,0.285017,0.625138,0.0731112,0.0304697,0.144949
2.169,0.284642,0.622674,0.0729189,0.0302698,0.146074
2.178,0.284267,0.620216,0.0727269,0.0300709,0.147199
2.187,0.283892,0.617765,0.0725352,0.0298731,0.148324
2.196,0.283517,0.61532,0.0723437,0.0296764,0.149449
2.205,0.283142,0.612882,0.0721525,0.0294806,0.150574
2.214,0.282767,0.61045,0.0719615,0.0292859,0.151699
2.223,0.282392,0.608025,0.0717707,0.0290923,0.152824
2.232,0.282017,0.605606,0.0715803,0.0288996,0.153949
2.241,0.281642,0.603193,0.07139,0.028708,0.155074
2.25,0.281267,0.600787,0.0712,0.0285173,0.156199
2.259,0.280892,0.598387,0.0710103,0.0283277,0.157324
2.268,0.280517,0.595993,0.0708208,0.0281391,0.158449
2.277,0.280142,0.593606,0.0706316,0.0279515,0.159574
2.286,0.279767,0.591225,0.0704426,0.0277649,0.160699
2.295,0.279392,0.588851,0.0702538,0.0275793,0.161824
2.304,0.279017,0.586482,0.0700654,0.0273947,0.16295
2.313,0.278642,0.584121,0.0698771,0.0272111,0.164075
2.322,0.278267,0.581765,0.0696891,0.0270285,0.1652
2.331,0.277892,0.579416,0.0695014,0.0268468,0.166325
2.34,0.277517,0.577073,0.0693139,0.0266661,0.16745
2.349,0.277142,0.574737,0.0691267,0.0264865,0.168575
2.358,0.276767,0.572407,0.0689398,0.0263077,0.1697
2.367,0.276392,0.570083,0.068753,0.02613,0.170825
2.376,0.276016,0.567765,0.0685666,0.0259531,0.171951
2.385,0.275641,0.565454,0.0683804,0.0257773,0.173076
2.394,0.275266,0.563149,0.0681944,0.0256024,0.174201
2.403,0.274891,0.56085,0.0680087,0.0254285,0.175326
2.412,0.274516,0.558558,0.0678233,0.0252555,0.176451
2.421,0.274141,0.556272,0.0676381,0.0250835,0.177576
2.43,0.273766,0.553992,0.0674532,0.0249124,0.178701
2.439,0.273391,0.551719,0.0672685,0.0247422,0.179826
2.448,0.273016,0.549451,0.0670841,0.024573,0.180951
2.457,0.272641,0.54719,0.0668999,0.0244047,0.182076
2.466,0.272266,0.544936,0.066716,0.0242373,0.183201
2.475,0.271891,0.542687,0.0665324,0.0240708,0.184326
2.484,0.271516,0.540445,0.066349,0.0239053,0.185451
2.493,0.271141,0.538209,0.0661658,0.0237407,0.186576
2.502,0.270766,0.535979,0.065983,0.023577,0.187701
2.511,0.270391,0.533755,0.0658003,0.0234142,0.188826
2.52,0.270016,0.531538,0.065618,0.0232523,0.189951
2.529,0.269641,0.529327,0.0654359,0.0230913,0.191076
2.538,0.269267,0.527122,0.065254,0.0229312,0.1922
2.547,0.268892,0.524923,0.0650724,0.022772,0.193325
2.556,0.268517,0.52273,0.0648911,0.0226137,0.19445
2.565,0.268142,0.520544,0.06471,0.0224563,0.195575
2.574,0.267767,0.518364,0.0645292,0.0222997,0.196699
2.583,0.267392,0.51619,0.0643487,0.0221441,0.197824
2.592,0.267017,0.514022,0.0641684,0.0219893,0.198948
2.601,0.266642,0.51186,0.0639883,0.0218354,0.200073
2.61,0.266268,0.509704,0.0638086,0.0216823,0.201197
2.619,0.265893,0.507555,0.063629,0.0215302,0.202322
2.628,0.265518,0.505412,0.0634498,0.0213788,0.203446
2.637,0.265143,0.503274,0.0632708,0.0212284,0.204571
2.646,0.264768,0.501143,0.063092,0.0210788,0.205695
2.655,0.264394,0.499018,0.0629136,0.02093,0.206819
2.664,0.264019,0.496899,0.0627353,0.0207821,0.207944
2.673,0.263644,0.494786,0.0625574,0.020635,0.209068
2.682,0.263269,0.49268,0.0623797,0.0204888,0.210192
2.691,0.262895,0.490579,0.0622022,0.0203434,0.211316
2.7,0.26252,0.488484,0.062025,0.0201988,0.21244
2.709,0.262145,0.486395,0.0618481,0.0200551,0.213564
2.718,0.261771,0.484313,0.0616714,0.0199122,0.214688
2.727,0.261396,0.482236,0.061495,0.0197701,0.215812
2.736,0.261021,0.480166,0.0613189,0.0196288,0.216936
2.745,0.260647,0.478101,0.061143,0.0194883,0.21806
2.754,0.260272,0.476042,0.0609673,0.0193487,0.219184
2.763,0.259897,0.47399,0.0607919,0.0192098,0.220308
2.772,0.259523,0.471943,0.0606168,0.0190718,0.221432
2.781,0.259148,0.469902,0.0604419,0.0189345,0.222556
2.79,0.258773,0.467867,0.0602673,0.0187981,0.22368
2.799,0.258399,0.465838,0.060093,0.0186624,0.224804
2.808,0.258024,0.463815,0.0599188,0.0185275,0.225927
2.817,0.25765,0.461798,0.059745,0.0183934,0.227051
2.826,0.257275,0.459787,0.0595714,0.0182601,0.228175
2.835,0.2569,0.457781,0.059398,0.0181275,0.229299
2.844,0.256526,0.455781,0.0592249,0.0179957,0.230423
2.853,0.256151,0.453787,0.059052,0.0178647,0.231547
2.862,0.255776,0.451798,0.0588794,0.0177344,0.232671
2.871,0.255402,0.449815,0.058707,0.0176049,0.233795
2.88,0.255027,0.447838,0.0585348,0.0174761,0.23492
2.889,0.254652,0.445866,0.0583629,0.017348,0.236044
2.898,0.254277,0.4439,0.0581911,0.0172207,0.237169
2.907,0.253902,0.441939,0.0580196,0.0170941,0.238294
2.916,0.253527,0.439984,0.0578484,0.0169682,0.239419
2.925,0.253152,0.438033,0.0576773,0.0168431,0.240544
2.934,0.252777,0.436088,0.0575064,0.0167186,0.24167
2.943,0.252401,0.434148,0.0573357,0.0165948,0.242797
2.952,0.252026,0.432212,0.0571652,0.0164717,0.243923
2.961,0.25165,0.430282,0.0569948,0.0163492,0.245051
2.97,0.251274,0.428355,0.0568245,0.0162274,0.246179
2.979,0.250897,0.426432,0.0566544,0.0161062,0.247309
2.988,0.25052,0.424513,0.0564842,0.0159855,0.24844
2.997,0.250142,0.422593,0.0563138,0.0158652,0.249575
3.006,0.249765,0.420684,0.0561441,0.015746,0.250706
3.015,0.249389,0.41879,0.0559755,0.015628,0.251833
3.024,0.249014,0.416902,0.0558071,0.0155107,0.252959
3.033,0.248638,0.415019,0.0556389,0.0153941,0.254085
3.042,0.248263,0.413142,0.055471,0.0152783,0.255211
3.051,0.247887,0.41127,0.0553034,0.0151631,0.256338
3.06,0.247512,0.409405,0.055136,0.0150486,0.257464
3.069,0.247137,0.407544,0.0549689,0.0149348,0.25859
3.078,0.246761,0.40569,0.054802,0.0148217,0.259716
3.087,0.246386,0.403841,0.0546354,0.0147094,0.260843
3.096,0.24601,0.401998,0.054469,0.0145976,0.261969
3.105,0.245635,0.400161,0.0543029,0.0144866,0.263095
3.114,0.24526,0.398329,0.0541371,0.0143762,0.264221
3.123,0.244884,0.396503,0.0539715,0.0142666,0.265347
3.132,0.244509,0.394682,0.0538061,0.0141576,0.266473
3.141,0.244134,0.392868,0.0536411,0.0140492,0.267599
3.15,0.243758,0.391058,0.0534762,0.0139415,0.268725
3.159,0.243383,0.389255,0.0533117,0.0138345,0.269851
3.168,0.243007,0.387456,0.0531474,0.0137282,0.270978
3.177,0.242632,0.385664,0.0529833,0.0136225,0.272104
3.186,0.242257,0.383877,0.0528195,0.0135175,0.273229
3.195,0.241882,0.382095,0.052656,0.0134131,0.274355
3.204,0.241506,0.380319,0.0524927,0.0133093,0.275481
3.213,0.241131,0.378549,0.0523297,0.0132062,0.276607
3.222,0.240756,0.376784,0.0521669,0.0131038,0.277733
3.231,0.24038,0.375025,0.0520044,0.013002,0.278859
3.24,0.240005,0.373271,0.0518422,0.0129008,0.279985
3.249,0.23963,0.371523,0.0516802,0.0128003,0.281111
3.258,0.239254,0.36978,0.0515184,0.0127003,0.282237
3.267,0.238879,0.368043,0.0513569,0.0126011,0.283362
3.276,0.238504,0.366311,0.0511957,0.0125024,0.284488
3.285,0.238129,0.364585,0.0510348,0.0124043,0.285614
3.294,0.237753,0.362864,0.050874,0.0123069,0.28674
3.303,0.237378,0.361149,0.0507136,0.0122101,0.287865
3.312,0.237003,0.359439,0.0505534,0.0121139,0.288991
3.321,0.236628,0.357735,0.0503934,0.0120183,0.290117
3.33,0.236253,0.356036,0.0502338,0.0119233,0.291242
3.339,0.235877,0.354342,0.0500743,0.011829,0.292368
3.348,0.235502,0.352654,0.0499152,0.0117352,0.293493
3.357,0.235127,0.350971,0.0497563,0.011642,0.294619
3.366,0.234752,0.349294,0.0495976,0.0115494,0.295744
3.375,0.234377,0.347622,0.0494392,0.0114574,0.29687
3.384,0.234002,0.345955,0.0492811,0.011366,0.297995
3.393,0.233626,0.344294,0.0491232,0.0112752,0.299121
3.402,0.233251,0.342638,0.0489655,0.011185,0.300246
3.411,0.232876,0.340988,0.0488082,0.0110953,0.301371
3.42,0.232501,0.339343,0.0486511,0.0110063,0.302497
3.429,0.232126,0.337703,0.0484942,0.0109178,0.303622
3.438,0.231751,0.336069,0.0483376,0.0108298,0.304747
3.447,0.231376,0.334439,0.0481813,0.0107425,0.305873
3.456,0.231001,0.332816,0.0480252,0.0106557,0.306998
3.465,0.230626,0.331197,0.0478694,0.0105695,0.308123
3.474,0.230251,0.329584,0.0477138,0.0104838,0.309248
3.483,0.229876,0.327976,0.0475585,0.0103987,0.310373
3.492,0.2295,0.326373,0.0474034,0.0103141,0.311499
3.501,0.229125,0.324776,0.0472486,0.0102302,0.312624
3.51,0.22875,0.323184,0.0470941,0.0101467,0.313749
3.519,0.228375,0.321597,0.0469398,0.0100638,0.314874
3.528,0.228,0.320015,0.0467858,0.00998144,0.315999
3.537,0.227625,0.318439,0.046632,0.00989963,0.317124
3.546,0.22725,0.316868,0.0464785,0.00981835,0.318249
3.555,0.226875,0.315302,0.0463252,0.00973761,0.319374
3.564,0.2265,0.313741,0.0461722,0.00965741,0.320499
3.573,0.226126,0.312185,0.0460195,0.00957773,0.321624
3.582,0.225751,0.310635,0.045867,0.00949858,0.322748
3.591,0.225376,0.30909,0.0457147,0.00941996,0.323873
3.6,0.225001,0.307549,0.0455628,0.00934186,0.324998
3.609,0.224626,0.306014,0.045411,0.00926429,0.326123
3.618,0.224251,0.304485,0.0452595,0.00918722,0.327248
3.627,0.223876,0.30296,0.0451083,0.00911067,0.328373
3.636,0.223501,0.30144,0.0449574,0.00903463,0.329498
3.645,0.223126,0.299926,0.0448067,0.00895911,0.330622
3.654,0.222751,0.298416,0.0446562,0.00888409,0.331747
3.663,0.222376,0.296912,0.044506,0.00880957,0.332872
3.672,0.222001,0.295412,0.044356,0.00873555,0.333997
3.681,0.221626,0.293918,0.0442063,0.00866204,0.335122
3.69,0.221251,0.292429,0.0440569,0.00858902,0.336246
3.699,0.220876,0.290945,0.0439077,0.00851649,0.337371
3.708,0.220501,0.289466,0.0437588,0.00844445,0.338496
3.717,0.220126,0.287992,0.0436101,0.00837291,0.339621
3.726,0.219751,0.286523,0.0434616,0.00830184,0.340745
3.735,0.219377,0.285059,0.0433135,0.00823126,0.34187
3.744,0.219002,0.2836,0.0431656,0.00816116,0.342995
3.753,0.218627,0.282146,0.0430179,0.00809154,0.34412
3.762,0.218252,0.280697,0.0428704,0.00802239,0.345245
3.771,0.217877,0.279252,0.0427233,0.00795373,0.346369
3.78,0.217502,0.277813,0.0425764,0.00788552,0.347494
3.789,0.217127,0.276379,0.0424297,0.00781779,0.348619
3.798,0.216752,0.27495,0.0422833,0.00775052,0.349744
3.807,0.216377,0.273525,0.0421372,0.00768372,0.350869
3.816,0.216002,0.272106,0.0419913,0.00761737,0.351994
3.825,0.215627,0.270691,0.0418456,0.00755149,0.353118
3.834,0.215252,0.269282,0.0417002,0.00748606,0.354243
3.843,0.214877,0.267877,0.041555,0.00742109,0.355368
3.852,0.214502,0.266477,0.0414102,0.00735657,0.356493
3.861,0.214127,0.265082,0.0412655,0.0072925,0.357618
3.87,0.213752,0.263692,0.0411211,0.00722887,0.358743
3.879,0.213378,0.262307,0.040977,0.0071657,0.359867
3.888,0.213003,0.260926,0.0408331,0.00710296,0.360992
3.897,0.212628,0.259551,0.0406895,0.00704066,0.362117
3.906,0.212253,0.258181,0.0405461,0.0069788,0.363242
3.915,0.211878,0.256815,0.040403,0.00691738,0.364367
3.924,0.211503,0.255453,0.0402601,0.00685639,0.365492
3.933,0.211128,0.254097,0.0401175,0.00679584,0.366616
3.942,0.210753,0.252746,0.0399751,0.00673571,0.367741
3.951,0.210378,0.2514,0.039833,0.00667601,0.368866
3.96,0.210003,0.250058,0.0396912,0.00661673,0.369991
3.969,0.209628,0.248721,0.0395496,0.00655788,0.371115
3.978,0.209253,0.247389,0.0394082,0.00649945,0.37224
3.987,0.208878,0.246062,0.0392671,0.00644143,0.373365
3.996,0.208503,0.244739,0.0391263,0.00638383,0.37449
4.005,0.208129,0.243421,0.0389858,0.00632665,0.375614
4.014,0.207754,0.242108,0.0388455,0.00626988,0.376739
4.023,0.207379,0.2408,0.0387054,0.00621352,0.377864
4.032,0.207004,0.239497,0.0385656,0.00615756,0.378988
4.041,0.206629,0.238198,0.038426,0.00610201,0.380113
4.05,0.206254,0.236904,0.0382868,0.00604686,0.381237
4.059,0.205879,0.235615,0.0381477,0.00599211,0.382362
4.068,0.205505,0.23433,0.0380089,0.00593776,0.383486
4.077,0.20513,0.233051,0.0378704,0.00588381,0.384611
4.086,0.204755,0.231775,0.0377322,0.00583025,0.385735
4.095,0.20438,0.230505,0.0375942,0.00577709,0.386859
4.104,0.204005,0.229239,0.0374564,0.00572431,0.387984
4.113,0.203631,0.227978,0.0373189,0.00567193,0.389108
4.122,0.203256,0.226722,0.0371816,0.00561992,0.390232
4.131,0.202881,0.22547,0.0370447,0.00556831,0.391357
4.14,0.202506,0.224223,0.036908,0.00551707,0.392481
4.149,0.202132,0.22298,0.0367715,0.00546621,0.393605
4.158,0.201757,0.221743,0.0366352,0.00541573,0.394729
4.167,0.201382,0.220509,0.0364993,0.00536563,0.395853
4.176,0.201008,0.21928,0.0363636,0.00531589,0.396978
4.185,0.200633,0.218056,0.0362282,0.00526653,0.398102
4.194,0.200258,0.216837,0.036093,0.00521753,0.399226
4.203,0.199883,0.215623,0.035958,0.00516891,0.40035
4.212,0.199509,0.214412,0.0358233,0.00512064,0.401474
4.221,0.199134,0.213206,0.035689,0.00507274,0.402598
4.23,0.198759,0.212005,0.0355548,0.0050252,0.403722
4.239,0.198385,0.210809,0.0354208,0.00497802,0.404846
4.248,0.19801,0.209617,0.0352872,0.00493119,0.40597
4.257,0.197635,0.208429,0.0351538,0.00488471,0.407094
4.266,0.197261,0.207246,0.0350206,0.00483859,0.408218
4.275,0.196886,0.206067,0.0348878,0.00479281,0.409342
4.284,0.196512,0.204893,0.0347551,0.00474739,0.410466
4.293,0.196137,0.203724,0.0346227,0.0047023,0.41159
4.302,0.195762,0.202559,0.0344905,0.00465757,0.412713
4.311,0.195388,0.201398,0.0343587,0.00461317,0.413837
4.32,0.195013,0.200241,0.0342271,0.00456911,0.414961
4.329,0.194638,0.199089,0.0340957,0.00452539,0.416085
4.338,0.194264,0.197942,0.0339645,0.004482,0.417209
4.347,0.193889,0.196799,0.0338336,0.00443895,0.418333
4.356,0.193514,0.195661,0.033703,0.00439623,0.419457
4.365,0.19314,0.194526,0.0335727,0.00435384,0.420581
4.374,0.192765,0.193396,0.0334426,0.00431177,0.421705
4.383,0.19239,0.192271,0.0333127,0.00427003,0.422829
4.392,0.192016,0.19115,0.033183,0.00422861,0.423953
4.401,0.191641,0.190033,0.0330536,0.00418752,0.425077
4.41,0.191266,0.188921,0.0329245,0.00414674,0.426201
4.419,0.190892,0.187812,0.0327957,0.00410629,0.427325
4.428,0.190517,0.186708,0.0326671,0.00406614,0.428449
4.437,0.190142,0.185609,0.0325387,0.00402631,0.429573
4.446,0.189767,0.184514,0.0324105,0.00398679,0.430698
4.455,0.189393,0.183423,0.0322826,0.00394759,0.431822
4.464,0.189018,0.182336,0.032155,0.00390869,0.432946
4.473,0.188643,0.181254,0.0320277,0.00387009,0.43407
4.482,0.188269,0.180176,0.0319006,0.0038318,0.435195
4.491,0.187894,0.179102,0.0317737,0.00379382,0.436319
4.5,0.187519,0.178033,0.031647,0.00375613,0.437443
4.509,0.187144,0.176968,0.0315206,0.00371875,0.438567
4.518,0.186769,0.175906,0.0313945,0.00368166,0.439692
4.527,0.186395,0.174849,0.0312687,0.00364487,0.440816
4.536,0.18602,0.173796,0.0311431,0.00360837,0.441941
4.545,0.185645,0.172748,0.0310177,0.00357216,0.443065
4.554,0.18527,0.171704,0.0308925,0.00353625,0.44419
4.563,0.184895,0.170664,0.0307676,0.00350062,0.445314
4.572,0.18452,0.169628,0.030643,0.00346528,0.446439
4.581,0.184146,0.168596,0.0305187,0.00343022,0.447563
4.59,0.183771,0.167568,0.0303946,0.00339545,0.448688
4.599,0.183396,0.166545,0.0302707,0.00336096,0.449812
4.608,0.183021,0.165526,0.0301471,0.00332675,0.450937
4.617,0.182646,0.164511,0.0300236,0.00329282,0.452062
4.626,0.182271,0.163501,0.0299005,0.00325916,0.453186
4.635,0.181896,0.162494,0.0297776,0.00322579,0.454311
4.644,0.181522,0.161491,0.0296551,0.00319268,0.455436
4.653,0.181147,0.160492,0.0295327,0.00315985,0.45656
4.662,0.180772,0.159497,0.0294106,0.00312728,0.457685
4.671,0.180397,0.158507,0.0292887,0.00309499,0.45881
4.68,0.180022,0.157521,0.029167,0.00306296,0.459935
4.689,0.179647,0.15654,0.0290456,0.0030312,0.461059
4.698,0.179272,0.155561,0.0289246,0.00299969,0.462184
4.707,0.178897,0.154587,0.0288037,0.00296846,0.463309
4.716,0.178522,0.153617,0.0286832,0.00293748,0.464434
4.725,0.178147,0.152651,0.0285628,0.00290676,0.465559
4.734,0.177772,0.151689,0.0284427,0.0028763,0.466683
4.743,0.177397,0.150732,0.0283228,0.00284609,0.467808
4.752,0.177022,0.149778,0.0282031,0.00281614,0.468933
4.761,0.176647,0.148829,0.0280838,0.00278645,0.470058
4.77,0.176272,0.147882,0.0279647,0.002757,0.471183
4.779,0.175898,0.14694,0.027846,0.0027278,0.472308
4.788,0.175523,0.146002,0.0277274,0.00269885,0.473433
4.797,0.175148,0.145069,0.0276091,0.00267014,0.474558
4.806,0.174773,0.14414,0.0274909,0.00264168,0.475682
4.815,0.174397,0.143214,0.027373,0.00261347,0.476807
4.824,0.174022,0.142293,0.0272554,0.00258549,0.477932
4.833,0.173647,0.141375,0.0271381,0.00255776,0.479057
4.842,0.173273,0.14046,0.0270211,0.00253026,0.480182
4.851,0.172898,0.13955,0.0269044,0.002503,0.481307
4.86,0.172523,0.138644,0.0267878,0.00247598,0.482432
4.869,0.172148,0.137742,0.0266714,0.00244919,0.483557
4.878,0.171773,0.136844,0.0265553,0.00242263,0.484682
4.887,0.171398,0.135951,0.0264394,0.0023963,0.485807
4.896,0.171023,0.13506,0.0263238,0.0023702,0.486931
4.905,0.170648,0.134174,0.0262086,0.00234434,0.488056
4.914,0.170273,0.133291,0.0260936,0.00231869,0.489181
4.923,0.169898,0.132412,0.0259789,0.00229327,0.490306
4.932,0.169523,0.131537,0.0258643,0.00226808,0.491431
4.941,0.169148,0.130666,0.02575,0.0022431,0.492556
4.95,0.168773,0.129799,0.0256359,0.00221835,0.493681
4.959,0.168398,0.128936,0.025522,0.00219382,0.494806
4.968,0.168023,0.128077,0.0254085,0.0021695,0.495931
4.977,0.167648,0.127222,0.0252952,0.0021454,0.497056
4.986,0.167273,0.12637,0.0251822,0.00212151,0.498181
4.995,0.166898,0.125521,0.0250695,0.00209784,0.499306
5.004,0.166523,0.124677,0.0249571,0.00207438,0.500431
5.013,0.166149,0.123836,0.0248448,0.00205113,0.501556
5.022,0.165773,0.123,0.0247327,0.00202808,0.502681
5.031,0.165398,0.122167,0.0246209,0.00200525,0.503806
5.04,0.165023,0.121339,0.0245093,0.00198262,0.504931
5.049,0.164648,0.120514,0.024398,0.00196019,0.506056
5.058,0.164273,0.119692,0.024287,0.00193797,0.507181
5.067,0.163898,0.118874,0.0241763,0.00191595,0.508306
5.076,0.163523,0.118059,0.0240658,0.00189413,0.509431
5.085,0.163148,0.117248,0.0239557,0.00187251,0.510556
5.094,0.162773,0.116441,0.0238457,0.00185108,0.511681
5.103,0.162398,0.115638,0.0237359,0.00182986,0.512806
5.112,0.162023,0.114839,0.0236263,0.00180882,0.513932
5.121,0.161648,0.114044,0.023517,0.00178798,0.515057
5.13,0.161272,0.113253,0.0234079,0.00176733,0.516182
5.139,0.160897,0.112464,0.0232991,0.00174688,0.517307
5.148,0.160522,0.11168,0.0231906,0.00172661,0.518433
5.157,0.160147,0.110898,0.0230824,0.00170653,0.519558
5.166,0.159772,0.11012,0.0229745,0.00168664,0.520683
5.175,0.159398,0.109346,0.0228669,0.00166693,0.521809
5.184,0.159023,0.108576,0.0227594,0.00164741,0.522934
5.193,0.158647,0.107809,0.0226521,0.00162807,0.524059
5.202,0.158272,0.107047,0.022545,0.00160891,0.525185
5.211,0.157896,0.106288,0.0224382,0.00158993,0.52631
5.22,0.157521,0.105532,0.0223316,0.00157113,0.527436
5.229,0.157146,0.10478,0.0222253,0.00155251,0.528561
5.238,0.156771,0.104031,0.0221193,0.00153407,0.529687
5.247,0.156396,0.103286,0.0220136,0.0015158,0.530813
5.256,0.156021,0.102544,0.0219082,0.0014977,0.531938
5.265,0.155646,0.101805,0.0218031,0.00147978,0.533064
5.274,0.155271,0.10107,0.0216981,0.00146202,0.53419
5.283,0.154896,0.100339,0.0215934,0.00144444,0.535315
5.292,0.15452,0.099612,0.0214888,0.00142703,0.536441
5.301,0.154145,0.0988884,0.0213845,0.00140979,0.537567
5.31,0.153769,0.0981684,0.0212804,0.00139271,0.538693
5.319,0.153393,0.0974518,0.0211765,0.00137579,0.539819
5.328,0.153018,0.0967384,0.021073,0.00135904,0.540945
5.337,0.152642,0.0960282,0.0209697,0.00134246,0.542071
5.346,0.152267,0.0953212,0.0208668,0.00132603,0.543197
5.355,0.151892,0.0946175,0.0207642,0.00130977,0.544323
5.364,0.151517,0.0939172,0.0206618,0.00129366,0.545449
5.373,0.151142,0.0932205,0.0205596,0.00127772,0.546575
5.382,0.150767,0.0925274,0.0204577,0.00126193,0.547701
5.391,0.150392,0.091838,0.0203559,0.0012463,0.548828
5.4,0.150016,0.0911523,0.0202543,0.00123082,0.549954
5.409,0.14964,0.0904701,0.0201529,0.00121549,0.55108
5.418,0.149264,0.0897914,0.0200518,0.00120032,0.552207
5.427,0.148888,0.0891159,0.019951,0.0011853,0.553333
5.436,0.148513,0.0884436,0.0198504,0.00117043,0.55446
5.445,0.148137,0.0877743,0.0197501,0.0011557,0.555586
5.454,0.147762,0.0871082,0.0196502,0.00114113,0.556713
5.463,0.147387,0.0864453,0.0195506,0.0011267,0.557839
5.472,0.147012,0.0857856,0.0194512,0.00111242,0.558966
5.481,0.146637,0.0851293,0.0193521,0.00109829,0.560093
5.49,0.146261,0.0844765,0.0192531,0.00108429,0.561219
5.499,0.145886,0.0838274,0.0191544,0.00107044,0.562346
5.508,0.14551,0.0831818,0.0190559,0.00105673,0.563473
5.517,0.145134,0.0825398,0.0189575,0.00104317,0.5646
5.526,0.144758,0.0819012,0.0188594,0.00102974,0.565726
5.535,0.144382,0.081266,0.0187615,0.00101645,0.566853
5.544,0.144006,0.0806339,0.0186639,0.0010033,0.56798
5.553,0.14363,0.0800049,0.0185666,0.000990283,0.569107
5.562,0.143254,0.079379,0.0184697,0.000977402,0.570233
5.571,0.142879,0.0787561,0.018373,0.000964658,0.57136
5.58,0.142504,0.0781363,0.0182766,0.000952046,0.572487
5.589,0.142129,0.0775196,0.0181806,0.000939568,0.573613
5.598,0.141754,0.0769061,0.0180848,0.000927222,0.57474
5.607,0.141379,0.0762961,0.0179892,0.000915006,0.575866
5.616,0.141004,0.0756895,0.0178939,0.00090292,0.576993
5.625,0.140629,0.0750864,0.0177988,0.000890963,0.578119
5.634,0.140253,0.0744868,0.0177038,0.000879133,0.579245
5.643,0.139877,0.0738907,0.0176091,0.000867431,0.580371
5.652,0.139501,0.073298,0.0175145,0.000855853,0.581498
5.661,0.139125,0.0727086,0.0174203,0.000844403,0.582624
5.67,0.138749,0.0721223,0.0173263,0.000833073,0.58375
5.679,0.138374,0.0715391,0.0172325,0.000821868,0.584875
5.688,0.137998,0.0709589,0.0171391,0.000810782,0.586001
5.697,0.137623,0.0703816,0.0170461,0.000799821,0.587127
5.706,0.137248,0.0698072,0.0169533,0.000788975,0.588253
5.715,0.136873,0.0692358,0.0168608,0.000778248,0.589378
5.724,0.136498,0.0686672,0.0167686,0.000767638,0.590504
5.733,0.136124,0.0681018,0.0166768,0.000757145,0.59163
5.742,0.135749,0.0675394,0.0165851,0.000746763,0.592756
5.751,0.135374,0.0669802,0.0164936,0.000736497,0.593882
5.76,0.134999,0.0664241,0.0164023,0.00072634,0.595008
5.769,0.134624,0.0658713,0.0163112,0.000716294,0.596135
5.778,0.134248,0.0653217,0.0162202,0.000706355,0.597262
5.787,0.133872,0.0647751,0.0161295,0.000696526,0.598389
5.796,0.133495,0.0642316,0.0160389,0.000686802,0.599517
5.805,0.133118,0.0636909,0.0159485,0.000677182,0.600645
5.814,0.132741,0.063153,0.0158582,0.000667664,0.601774
5.823,0.132364,0.0626179,0.0157683,0.00065825,0.602903
5.832,0.131987,0.0620852,0.0156785,0.000648937,0.604033
5.841,0.13161,0.0615552,0.015589,0.000639724,0.605164
5.85,0.131233,0.0610275,0.0154998,0.00063061,0.606295
5.859,0.130856,0.0605023,0.0154109,0.000621597,0.607427
5.868,0.130479,0.0599797,0.0153222,0.000612681,0.60856
5.877,0.130102,0.0594596,0.0152338,0.000603863,0.609693
5.886,0.129724,0.0589421,0.0151456,0.000595141,0.610827
5.895,0.129347,0.0584274,0.0150576,0.000586517,0.611962
5.904,0.128969,0.0579155,0.0149698,0.000577989,0.613097
5.913,0.128592,0.0574065,0.0148822,0.000569557,0.614233
5.922,0.128213,0.0569005,0.0147948,0.000561222,0.615368
5.931,0.127835,0.0563977,0.0147076,0.000552983,0.616505
5.94,0.127456,0.0558983,0.0146206,0.000544845,0.61764
5.949,0.127078,0.0554031,0.0145339,0.000536817,0.618774
5.958,0.126702,0.0549139,0.014448,0.000528931,0.6199
5.967,0.126334,0.0544382,0.0143642,0.000521306,0.621003
5.976,0.125993,0.0540016,0.0142869,0.000514344,0.62202
5.985,0.125721,0.0536534,0.0142251,0.000508817,0.622836
5.994,0.125289,0.053106,0.0141277,0.000500178,0.624126
6.003,0.12445,0.0520474,0.013939,0.00048366,0.626642
6.012,0.125806,0.0537639,0.0142445,0.000510561,0.622578
6.021,0.125064,0.0528231,0.0140769,0.000495732,0.624798
6.03,0.124992,0.0527383,0.0140608,0.000494361,0.625004
6.039,0.126368,0.0544908,0.014372,0.000522095,0.620888
6.048,0.126036,0.0540598,0.0142965,0.000515243,0.621888
6.057,0.12597,0.0539729,0.0142816,0.000513878,0.622089
6.066,0.125975,0.0539776,0.0142828,0.000513968,0.622075
6.075,0.125984,0.053986,0.0142847,0.000514117,0.622053
6.084,0.125997,0.0540003,0.0142877,0.000514361,0.622017
6.093,0.125999,0.0540006,0.0142882,0.000514382,0.622014
6.102,0.126003,0.054003,0.014289,0.000514432,0.622007
6.111,0.12601,0.0540117,0.0142907,0.000514578,0.621986
6.12,0.126018,0.0540212,0.0142925,0.000514731,0.621963
6.129,0.126023,0.0540285,0.0142937,0.000514846,0.621946
6.138,0.126024,0.0540313,0.0142939,0.000514879,0.621941
6.147,0.126027,0.0540367,0.0142945,0.000514951,0.621931
6.156,0.126035,0.0540508,0.0142964,0.000515156,0.6219
6.165,0.126044,0.0540646,0.0142983,0.000515356,0.621871
6.174,0.126045,0.0540698,0.0142985,0.000515413,0.621863
6.183,0.126047,0.0540756,0.014299,0.000515482,0.621853
6.192,0.126047,0.0540798,0.0142991,0.00051553,0.621846
6.201,0.126047,0.0540815,0.014299,0.000515542,0.621844
6.21,0.126048,0.0540843,0.0142994,0.00051558,0.621838
6.219,0.126049,0.0540846,0.0142994,0.000515585,0.621838
6.228,0.12605,0.0540844,0.0142997,0.000515594,0.621837
6.237,0.126052,0.0540843,0.0143002,0.00051561,0.621834
6.246,0.126056,0.054085,0.014301,0.000515648,0.621829
6.255,0.126057,0.0540812,0.0143012,0.000515619,0.621833
6.264,0.126057,0.0540769,0.0143014,0.000515584,0.621838
6.273,0.126061,0.0540759,0.0143022,0.000515602,0.621836
6.282,0.126064,0.0540745,0.0143029,0.000515614,0.621834
6.291,0.126063,0.0540698,0.0143028,0.000515565,0.621841
6.3,0.126063,0.0540661,0.0143026,0.000515525,0.621847
6.309,0.126066,0.0540686,0.0143033,0.000515572,0.62184
6.318,0.126065,0.0540679,0.0143031,0.000515558,0.621842
6.327,0.126063,0.0540687,0.0143028,0.000515555,0.621843
6.336,0.126061,0.0540699,0.0143022,0.000515546,0.621844
6.345,0.126057,0.0540714,0.0143013,0.000515528,0.621847
6.354,0.126055,0.0540772,0.014301,0.000515571,0.621841
6.363,0.12605,0.0540788,0.0142997,0.000515538,0.621845
6.372,0.126048,0.0540857,0.0142992,0.00051559,0.621838
6.381,0.126043,0.054088,0.0142982,0.000515572,0.62184
6.39,0.126036,0.054085,0.0142965,0.000515483,0.621853
6.399,0.126038,0.0540924,0.0142971,0.000515576,0.62184
6.408,0.12604,0.0540946,0.0142974,0.000515608,0.621835
6.417,0.12604,0.0540914,0.0142975,0.00051558,0.621839
6.426,0.126044,0.054088,0.0142983,0.000515576,0.621839
6.435,0.126048,0.0540821,0.0142994,0.000515561,0.621842
6.444,0.126056,0.0540755,0.014301,0.000515557,0.621842
6.453,0.126066,0.05407,0.0143033,0.000515586,0.621838
6.462,0.126076,0.0540642,0.0143056,0.000515615,0.621833
6.471,0.126084,0.054056,0.0143076,0.000515606,0.621834
6.48,0.126091,0.054048,0.014309,0.000515583,0.621838
6.489,0.126096,0.0540433,0.0143101,0.000515577,0.621839
6.498,0.126096,0.0540402,0.0143102,0.00051555,0.621842
6.507,0.126095,0.0540457,0.01431,0.000515595,0.621836
6.516,0.126086,0.0540529,0.0143079,0.000515587,0.621837
6.525,0.126071,0.0540679,0.0143046,0.000515613,0.621833
6.534,0.126047,0.0540829,0.014299,0.000515556,0.621841
6.543,0.126021,0.0541073,0.0142931,0.000515573,0.621839
6.552,0.125992,0.0541349,0.0142867,0.000515604,0.621834
6.561,0.125965,0.0541599,0.0142805,0.00051562,0.621832
6.57,0.125945,0.0541785,0.0142759,0.000515633,0.62183
6.579,0.125936,0.0541809,0.0142738,0.000515577,0.621839
6.588,0.12595,0.0541739,0.0142771,0.000515631,0.621831
6.597,0.125982,0.054138,0.0142842,0.000515546,0.621843
6.606,0.126041,0.0540892,0.0142976,0.000515564,0.621841
6.615,0.126122,0.0540256,0.014316,0.000515622,0.621833
6.624,0.12621,0.053945,0.0143361,0.000515575,0.62184
6.633,0.126313,0.0538669,0.0143594,0.000515665,0.621827
6.642,0.126396,0.0537848,0.0143785,0.000515562,0.621842
6.651,0.12648,0.0537106,0.0143976,0.000515535,0.621846
6.66,0.12654,0.0536673,0.0144112,0.000515606,0.621836
6.669,0.126584,0.0536272,0.0144213,0.000515581,0.62184
6.678,0.12678,0.0534625,0.0144658,0.000515586,0.621839
6.687,0.126526,0.0536819,0.0144079,0.000515627,0.621833
6.696,0.126306,0.0538688,0.014358,0.000515631,0.621833
6.705,0.126173,0.0539702,0.0143276,0.000515508,0.621851
6.714,0.125755,0.05434,0.0142328,0.000515607,0.621837
6.723,0.127903,0.0525334,0.0147246,0.000515487,0.621855
6.732,0.197301,0.0229291,0.0353944,0.000515292,0.621906
6.741,0.575091,0.0026047,0.297657,0.00051687,0.620846
6.75,0.549703,0.00283803,0.271956,0.000514545,0.622501
6.759,0.512171,0.00327817,0.236096,0.000515894,0.621422
6.768,0.493823,0.00351953,0.219475,0.000514966,0.622378
6.777,0.481745,0.00370506,0.208872,0.000515909,0.621645
6.786,0.471129,0.0038734,0.199767,0.000515851,0.621735
6.795,0.461601,0.0040337,0.191769,0.000515684,0.621783
6.804,0.454073,0.00416414,0.185564,0.000515144,0.622123
6.813,0.448822,0.004268,0.181297,0.000515849,0.621701
6.822,0.451905,0.0042059,0.183796,0.000515352,0.621862
6.831,0.462399,0.00401877,0.192433,0.000515551,0.621884
6.84,0.466229,0.0039523,0.195633,0.000515466,0.621854
6.849,0.464621,0.0039835,0.194285,0.000515956,0.621503
6.858,0.464547,0.0039772,0.194223,0.000514977,0.622259
6.867,0.465175,0.00397648,0.194749,0.000516278,0.62152
6.876,0.465038,0.00397104,0.194634,0.000515267,0.622126
6.885,0.465156,0.0039753,0.194733,0.000516081,0.621575
6.894,0.46491,0.0039695,0.194527,0.000514783,0.622196
6.903,0.465183,0.00397323,0.194756,0.000515874,0.621793
6.912,0.465304,0.00397365,0.194857,0.000516197,0.621506
6.921,0.465054,0.00396867,0.194648,0.000514995,0.622174
6.93,0.465184,0.0039752,0.194757,0.000516132,0.621382
6.939,0.464802,0.00396941,0.194437,0.000514533,0.622508
6.948,0.464993,0.00398837,0.194596,0.000517416,0.620901
6.957,0.464053,0.00398025,0.193811,0.000514277,0.622469
6.966,0.464255,0.00399223,0.19398,0.000516275,0.621434
6.975,0.4639,0.00398875,0.193683,0.000515034,0.622191
6.984,0.463964,0.00399326,0.193736,0.00051576,0.621754
6.993,0.463933,0.00399266,0.19371,0.000515614,0.621785
7.002,0.463884,0.003993,0.193669,0.000515548,0.621882
7.011,0.463861,0.0039941,0.19365,0.000515638,0.62185
7.02,0.463838,0.00399618,0.193631,0.000515855,0.621686
7.029,0.463687,0.00399281,0.193505,0.000515086,0.62203
7.038,0.46389,0.00399783,0.193674,0.000516184,0.621583
7.047,0.463576,0.00399509,0.193413,0.000515133,0.621929
7.056,0.463593,0.00400148,0.193427,0.000515997,0.621644
7.065,0.46351,0.00399553,0.193357,0.000515044,0.622062
7.074,0.463656,0.00399563,0.193479,0.00051538,0.62211
7.083,0.463881,0.00400464,0.193667,0.000517043,0.621053
7.092,0.463243,0.00399199,0.193134,0.000513994,0.622692
7.101,0.463688,0.00400511,0.193506,0.000516674,0.621238
7.11,0.463395,0.00399189,0.193261,0.000514318,0.622699
7.119,0.46374,0.00399923,0.193549,0.000516033,0.621573
7.128,0.463607,0.00400011,0.193438,0.000515849,0.621602
7.137,0.463499,0.00399796,0.193349,0.000515334,0.62191
7.146,0.463539,0.00399939,0.193381,0.000515605,0.621899
7.155,0.463499,0.00400088,0.193348,0.000515709,0.621775
7.164,0.463469,0.00399855,0.193323,0.000515342,0.621954
7.173,0.463568,0.00400113,0.193406,0.000515894,0.621729
7.182,0.463457,0.00399653,0.193314,0.000515056,0.622129
7.191,0.463739,0.00400336,0.193548,0.000516563,0.621306
7.2,0.463179,0.00399546,0.193082,0.0005143,0.622514
7.209,0.463534,0.00400389,0.193377,0.000516174,0.621514
7.218,0.463492,0.00399725,0.193342,0.000515225,0.62186
7.227,0.463533,0.00399959,0.193377,0.000515618,0.621848
7.236,0.463404,0.00400227,0.193269,0.000515675,0.621766
7.245,0.46331,0.00399669,0.193191,0.000514749,0.622381
7.254,0.463916,0.00400907,0.193697,0.000517695,0.620701
7.263,0.463115,0.00399109,0.193028,0.000513596,0.622891
7.272,0.463639,0.00400783,0.193465,0.000516918,0.621094
7.281,0.463206,0.00399627,0.193104,0.000514465,0.622554
7.29,0.463552,0.00400214,0.193393,0.00051599,0.62158
7.299,0.463591,0.00400206,0.193425,0.000516067,0.621502
7.308,0.463339,0.0039974,0.193214,0.000514904,0.622156
7.317,0.463553,0.00400252,0.193393,0.00051604,0.621674
7.326,0.463304,0.00399635,0.193185,0.00051469,0.622367
7.335,0.463742,0.00400816,0.193551,0.000517189,0.620902
7.344,0.46324,0.00399344,0.193132,0.000514175,0.622646
7.353,0.463599,0.0040042,0.193432,0.00051636,0.621519
7.362,0.463363,0.00399903,0.193235,0.000515168,0.622076
7.371,0.463471,0.00399982,0.193325,0.00051551,0.621773
7.38,0.463553,0.00400175,0.193393,0.000515941,0.621675
7.389,0.46343,0.0039987,0.193291,0.000515274,0.622018
7.398,0.463493,0.00400086,0.193343,0.000515692,0.621761
7.407,0.463518,0.00400284,0.193364,0.000516004,0.621627
7.416,0.463258,0.00399728,0.193147,0.000514709,0.62234
7.425,0.463552,0.00400545,0.193393,0.000516417,0.621335
7.434,0.463368,0.00399664,0.193239,0.000514872,0.622196
7.443,0.463579,0.0040028,0.193415,0.000516133,0.621583
7.452,0.463374,0.00399908,0.193244,0.000515198,0.621921
7.461,0.463477,0.00399853,0.19333,0.000515358,0.621946
7.47,0.463645,0.00400481,0.19347,0.000516541,0.621288
7.479,0.4633,0.00399709,0.193182,0.000514779,0.622369
7.488,0.463572,0.00400335,0.193409,0.00051619,0.621552
7.497,0.463245,0.00399803,0.193137,0.000514777,0.622238
7.506,0.463562,0.00400247,0.193401,0.000516053,0.621577
7.515,0.463552,0.00400102,0.193392,0.000515844,0.621669
7.524,0.463355,0.0039989,0.193228,0.000515134,0.622091
7.533,0.463509,0.00400049,0.193357,0.000515682,0.621788
7.542,0.46353,0.00400075,0.193374,0.000515761,0.621752
7.551,0.463431,0.00399871,0.193291,0.000515277,0.62201
7.56,0.463418,0.0040026,0.193281,0.00051575,0.621717
7.569,0.463433,0.00400124,0.193293,0.000515607,0.621857
7.578,0.463604,0.00399995,0.193436,0.000515823,0.621726
7.587,0.463354,0.00399723,0.193227,0.000514916,0.622178
7.596,0.463596,0.00400375,0.193429,0.000516294,0.621396
7.605,0.463423,0.00399948,0.193285,0.00051536,0.621814
7.614,0.463428,0.00400074,0.193289,0.000515532,0.621986
7.623,0.463473,0.00400248,0.193327,0.000515858,0.621828
7.632,0.463424,0.00399626,0.193286,0.000514947,0.622023
7.641,0.463661,0.00400382,0.193484,0.000516449,0.621317
7.65,0.463241,0.00399406,0.193133,0.000514256,0.622663
7.659,0.463721,0.00400568,0.193533,0.000516821,0.621167
7.668,0.46323,0.0039948,0.193124,0.000514327,0.622495
7.677,0.463506,0.00400165,0.193354,0.000515824,0.621675
7.686,0.46359,0.00400325,0.193424,0.000516218,0.621536
7.695,0.463399,0.00399749,0.193265,0.000515051,0.622202
7.704,0.463535,0.00400085,0.193378,0.000515784,0.621716
7.713,0.463561,0.00400108,0.1934,0.000515873,0.621675
7.722,0.463259,0.00399695,0.193148,0.000514669,0.62239
7.731,0.463527,0.00400516,0.193372,0.000516323,0.621478
7.74,0.463517,0.00399839,0.193363,0.000515427,0.621874
7.749,0.463576,0.004001,0.193412,0.000515894,0.621666
7.758,0.463375,0.00399662,0.193244,0.000514883,0.622336
7.767,0.463568,0.00400124,0.193406,0.000515909,0.621568
7.776,0.46349,0.00400062,0.19334,0.000515655,0.621738
7.785,0.463396,0.0039995,0.193262,0.000515301,0.622111
7.794,0.463633,0.00400423,0.19346,0.000516438,0.621398
7.803,0.463326,0.00399594,0.193204,0.000514687,0.622175
7.812,0.463745,0.00400741,0.193554,0.000517099,0.620998
7.821,0.463274,0.00399279,0.19316,0.000514166,0.62284
7.83,0.46359,0.00400191,0.193424,0.000516045,0.621578
7.839,0.463391,0.00399789,0.193258,0.000515082,0.622012
7.848,0.463449,0.00400167,0.193306,0.000515698,0.621744
7.857,0.46358,0.00400086,0.193415,0.000515886,0.621644
7.866,0.463483,0.00399893,0.193335,0.000515422,0.62207
7.875,0.463618,0.00400384,0.193447,0.000516355,0.621523
7.884,0.463483,0.00399854,0.193335,0.000515371,0.62186
7.893,0.46344,0.00399642,0.193299,0.000515002,0.62214
7.902,0.463463,0.00400019,0.193318,0.000515539,0.621878
7.911,0.463534,0.00400156,0.193378,0.000515875,0.621708
7.92,0.463657,0.00400441,0.19348,0.000516517,0.62141
7.929,0.46334,0.00399724,0.193215,0.000514885,0.62229
7.938,0.463491,0.0039989,0.193341,0.000515434,0.621927
7.947,0.46352,0.00400034,0.193366,0.000515687,0.621796
7.956,0.463252,0.00399385,0.193142,0.000514255,0.622595
7.965,0.463824,0.00400606,0.193619,0.0005171,0.621024
7.974,0.463609,0.00400169,0.19344,0.000516058,0.621578
7.983,0.463924,0.0040151,0.193703,0.000518491,0.619749
7.992,0.431385,0.00332759,0.167665,0.000374181,0.537825
8.001,0.000646002,0.000999661,4.4646e-07,2.97383e-10,3.71696e-05
8.01,0.000333664,0.000997086,1.00198e-07,6.66044e-11,-4.06045e-07
8.019,0.000333312,0.00100019,9.9987e-08,6.66706e-11,2.62274e-08
8.028,0.000333333,0.001,9.99999e-08,6.66666e-11,9.12854e-12
8.037,0.000333333,0.001,9.99999e-08,6.66666e-11,7.12182e-17
8.046,0.000333333,0.001,9.99999e-08,6.66666e-11,-1.78866e-19
8.055,0.000333333,0.001,9.99999e-08,6.66666e-11,-1.66919e-20
8.064,0.000333333,0.001,9.99999e-08,6.66666e-11,7.54516e-20
8.073,0.000333333,0.001,9.99999e-08,6.66666e-11,1.17453e-19
8.082,0.000333333,0.001,9.99999e-08,6.66666e-11,1.61134e-19
8.091,0.000333333,0.001,9.99999e-08,6.66666e-11,5.29302e-20
8.1,0.000333333,0.001,9.99999e-08,6.66666e-11,2.46295e-19
8.109,0.000333333,0.001,9.99999e-08,6.66666e-11,6.86325e-20
8.118,0.000333333,0.001,9.99999e-08,6.66666e-11,-1.09118e-19
8.127,0.000333333,0.001,9.99999e-08,6.66666e-11,-1.00383e-19
8.136,0.000333333,0.001,9.99999e-08,6.66666e-11,-8.95713e-20
8.145,0.000333333,0.001,9.99999e-08,6.66666e-11,-1.58086e-20
8.154,0.000333333,0.001,9.99999e-08,6.66666e-11,7.5396e-20
8.163,0.000333333,0.001,9.99999e-08,6.66666e-11,1.17434e-19
8.172,0.000333333,0.001,9.99999e-08,6.66666e-11,1.61135e-19
8.181,0.000333333,0.001,9.99999e-08,6.66666e-11,5.29269e-20
8.19,0.000333333,0.001,9.99999e-08,6.66666e-11,2.46278e-19
8.199,0.000333333,0.001,9.99999e-08,6.66666e-11,6.88603e-20
8.208,0.000333333,0.001,9.99999e-08,6.66666e-11,-1.0956e-19
8.217,0.000333333,0.001,9.99999e-08,6.66666e-11,-1.05886e-19
8.226,0.000333333,0.001,9.99999e-08,6.66666e-11,-6.92521e-20
8.235,0.000333333,0.001,9.99999e-08,6.66666e-11,-7.75558e-21
8.244,0.000333333,0.001,9.99999e-08,6.66666e-11,7.09491e-20
8.253,0.000333333,0.001,9.99999e-08,6.66666e-11,1.16509e-19
8.262,0.000333333,0.001,9.99999e-08,6.66666e-11,1.61502e-19
8.271,0.000333333,0.001,9.99999e-08,6.66666e-11,6.29501e-20
8.28,0.000333333,0.001,9.99999e-08,6.66666e-11,-3.55481e-20
8.289,0.000333333,0.001,9.99999e-08,6.66666e-11,7.9674e-20
8.298,0.000333333,0.001,9.99999e-08,6.66666e-11,-9.84014e-20
8.307,0.000333333,0.001,9.99999e-08,6.66666e-11,-9.90091e-20
8.316,0.000333333,0.001,9.99999e-08,6.66666e-11,-6.7922e-20
8.325,0.000333333,0.001,9.99999e-08,6.66666e-11,-7.78356e-21
8.334,0.000333333,0.001,9.99999e-08,6.66666e-11,7.09617e-20
8.343,0.000333333,0.001,9.99999e-08,6.66666e-11,1.16511e-19
8.352,0.000333333,0.001,9.99999e-08,6.66666e-11,1.62904e-19
8.361,0.000333333,0.001,9.99999e-08,6.66666e-11,5.65422e-20
8.37,0.000333333,0.001,9.99999e-08,6.66666e-11,2.41442e-19
8.379,0.000333333,0.001,9.99999e-08,6.66666e-11,1.10822e-19
8.388,0.000333333,0.001,9.99999e-08,6.66666e-11,-1.02114e-19
8.397,0.000333333,0.001,9.99999e-08,6.66666e-11,-1.03536e-19
8.406,0.000333333,0.001,9.99999e-08,6.66666e-11,-9.0452e-20
8.415,0.000333333,0.001,9.99999e-08,6.66666e-11,-9.20775e-21
8.424,0.000333333,0.001,9.99999e-08,6.66666e-11,7.25385e-20
8.433,0.000333333,0.001,9.99999e-08,6.66666e-11,1.16495e-19
8.442,0.000333333,0.001,9.99999e-08,6.66666e-11,1.62912e-19
8.451,0.000333333,0.001,9.99999e-08,6.66666e-11,5.65959e-20
8.46,0.000333333,0.001,9.99999e-08,6.66666e-11,2.41445e-19
8.469,0.000333333,0.001,9.99999e-08,6.66666e-11,1.10814e-19
8.478,0.000333333,0.001,9.99999e-08,6.66666e-11,-1.02117e-19
8.487,0.000333333,0.001,9.99999e-08,6.66666e-11,-1.03456e-19
8.496,0.000333333,0.001,9.99999e-08,6.66666e-11,-9.10599e-20
8.505,0.000333333,0.001,9.99999e-08,6.66666e-11,-8.03176e-21
8.514,0.000333333,0.001,9.99999e-08,6.66666e-11,7.27957e-20
8.523,0.000333333,0.001,9.99999e-08,6.66666e-11,1.16574e-19
8.532,0.000333333,0.001,9.99999e-08,6.66666e-11,1.73791e-19
8.541,0.000333333,0.001,9.99999e-08,6.66666e-11,9.69187e-20
8.55,0.000333333,0.001,9.99999e-08,6.66666e-11,-5.50019e-20
8.559,0.000333333,0.001,9.99999e-08,6.66666e-11,7.9779e-20
8.568,0.000333333,0.001,9.99999e-08,6.66666e-11,-9.759e-20
8.577,0.000333333,0.001,9.99999e-08,6.66666e-11,-9.25197e-20
8.586,0.000333333,0.001,9.99999e-08,6.66666e-11,-8.71707e-20
8.595,0.000333333,0.001,9.99999e-08,6.66666e-11,-7.73231e-21
8.604,0.000333333,0.001,9.99999e-08,6.66666e-11,7.17635e-20
8.613,0.000333333,0.001,9.99999e-08,6.66666e-11,1.16644e-19
8.622,0.000333333,0.001,9.99999e-08,6.66666e-11,1.73793e-19
8.631,0.000333333,0.001,9.99999e-08,6.66666e-11,9.67772e-20
8.64,0.000333333,0.001,9.99999e-08,6.66666e-11,1.52035e-19
8.649,0.000333333,0.001,9.99999e-08,6.66666e-11,6.61425e-20
8.658,0.000333333,0.001,9.99999e-08,6.66666e-11,-1.0833e-19
8.667,0.000333333,0.001,9.99999e-08,6.66666e-11,-1.0018e-19
8.676,0.000333333,0.001,9.99999e-08,6.66666e-11,-9.10999e-20
8.685,0.000333333,0.001,9.99999e-08,6.66666e-11,-7.79278e-21
8.694,0.000333333,0.001,9.99999e-08,6.66666e-11,7.26636e-20
8.703,0.000333333,0.001,9.99999e-08,6.66666e-11,1.18824e-19
8.712,0.000333333,0.001,9.99999e-08,6.66666e-11,1.59058e-19
8.721,0.000333333,0.001,9.99999e-08,6.66666e-11,6.38361e-20
8.73,0.000333333,0.001,9.99999e-08,6.66666e-11,2.57154e-19
8.739,0.000333333,0.001,9.99999e-08,6.66666e-11,6.89977e-20
8.748,0.000333333,0.001,9.99999e-08,6.66666e-11,-1.09172e-19
8.757,0.000333333,0.001,9.99999e-08,6.66666e-11,-1.00102e-19
8.766,0.000333333,0.001,9.99999e-08,6.66666e-11,-9.10441e-20
8.775,0.000333333,0.001,9.99999e-08,6.66666e-11,-7.93638e-21
8.784,0.000333333,0.001,9.99999e-08,6.66666e-11,7.2689e-20
8.793,0.000333333,0.001,9.99999e-08,6.66666e-11,1.19654e-19
8.802,0.000333333,0.001,9.99999e-08,6.66666e-11,1.59129e-19
8.811,0.000333333,0.001,9.99999e-08,6.66666e-11,6.4039e-20
8.82,0.000333333,0.001,9.99999e-08,6.66666e-11,-3.48523e-20
8.829,0.000333333,0.001,9.99999e-08,6.66666e-11,7.96425e-20
8.838,0.000333333,0.001,9.99999e-08,6.66666e-11,-9.79043e-20
8.847,0.000333333,0.001,9.99999e-08,6.66666e-11,-9.232e-20
8.856,0.000333333,0.001,9.99999e-08,6.66666e-11,-1.0331e-19
8.865,0.000333333,0.001,9.99999e-08,6.66666e-11,3.78391e-21
8.874,0.000333333,0.001,9.99999e-08,6.66666e-11,7.29981e-20
8.883,0.000333333,0.001,9.99999e-08,6.66666e-11,1.15993e-19
8.892,0.000333333,0.001,9.99999e-08,6.66666e-11,1.61458e-19
8.901,0.000333333,0.001,9.99999e-08,6.66666e-11,6.29175e-20
8.91,0.000333333,0.001,9.99999e-08,6.66666e-11,-3.71246e-20
8.919,0.000333333,0.001,9.99999e-08,6.66666e-11,7.90007e-20
8.928,0.000333333,0.001,9.99999e-08,6.66666e-11,-1.07919e-19
8.937,0.000333333,0.001,9.99999e-08,6.66666e-11,-1.00065e-19
8.946,0.000333333,0.001,9.99999e-08,6.66666e-11,-1.05151e-19
8.955,0.000333333,0.001,9.99999e-08,6.66666e-11,2.49171e-21
8.964,0.000333333,0.001,9.99999e-08,6.66666e-11,7.46925e-20
8.973,0.000333333,0.001,9.99999e-08,6.66666e-11,1.17919e-19
8.982,0.000333333,0.001,9.99999e-08,6.66666e-11,1.58978e-19
8.991,0.000333333,0.001,9.99999e-08,6.66666e-11,5.78835e-20
9,0.000333333,0.001,9.99999e-08,6.66666e-11,5.00123e-19
