"arc_length","Density","EnergyStagnationDensity","MomentumX"
0,1,0.1,3.41764e-15
0.009,1,0.1,5.36344e-15
0.018,1,0.1,6.88605e-15
0.027,1,0.1,8.24066e-15
0.036,1,0.1,9.49542e-15
0.045,1,0.1,1.06593e-14
0.054,1,0.1,1.18728e-14
0.063,1,0.1,1.32614e-14
0.072,1,0.1,1.43093e-14
0.081,1,0.1,1.53427e-14
0.09,1,0.1,1.62252e-14
0.099,1,0.1,1.67536e-14
0.108,1,0.1,1.74028e-14
0.117,1,0.1,1.84506e-14
0.126,1,0.1,1.93219e-14
0.135,1,0.1,2.01525e-14
0.144,1,0.1,2.07205e-14
0.153,1,0.1,2.14513e-14
0.162,1,0.1,2.21449e-14
0.171,1,0.1,2.23569e-14
0.18,1,0.1,2.30096e-14
0.189,1,0.1,2.3482e-14
0.198,1,0.1,2.35244e-14
0.207,1,0.1,2.38578e-14
0.216,1,0.1,2.41939e-14
0.225,1,0.1,2.48817e-14
0.234,1,0.1,2.49985e-14
0.243,1,0.1,2.58426e-14
0.252,1,0.1,2.63195e-14
0.261,1,0.1,2.61786e-14
0.27,1,0.1,2.71386e-14
0.279,1,0.1,2.73968e-14
0.288,1,0.1,2.72669e-14
0.297,1,0.1,2.75709e-14
0.306,1,0.1,2.81032e-14
0.315,1,0.1,2.82046e-14
0.324,1,0.1,2.84191e-14
0.333,1,0.1,2.84844e-14
0.342,1,0.1,2.90682e-14
0.351,1,0.1,2.94106e-14
0.36,1,0.1,2.98366e-14
0.369,1,0.1,2.99114e-14
0.378,1,0.1,2.98086e-14
0.387,1,0.1,2.96779e-14
0.396,1,0.1,3.00849e-14
0.405,1,0.1,3.08367e-14
0.414,1,0.1,3.10464e-14
0.423,1,0.1,3.10617e-14
0.432,1,0.1,3.10952e-14
0.441,1,0.1,3.12225e-14
0.45,1,0.1,3.20668e-14
0.459,1,0.1,3.16491e-14
0.468,1,0.1,3.08709e-14
0.477,1,0.1,3.0519e-14
0.486,1,0.1,3.08024e-14
0.495,1,0.1,3.14912e-14
0.504,1,0.1,3.08653e-14
0.513,1,0.1,3.0604e-14
0.522,1,0.1,3.10773e-14
0.531,1,0.1,3.07877e-14
0.54,1,0.1,3.09132e-14
0.549,1,0.1,3.09428e-14
0.558,1,0.1,3.06119e-14
0.567,1,0.1,3.06322e-14
0.576,1,0.1,3.06014e-14
0.585,1,0.1,3.08897e-14
0.594,1,0.1,3.10372e-14
0.603,1,0.1,3.14681e-14
0.612,1,0.1,3.19617e-14
0.621,1,0.1,3.19616e-14
0.63,1,0.1,3.18132e-14
0.639,1,0.1,3.20046e-14
0.648,1,0.1,3.44067e-14
0.657,1,0.1,3.12893e-14
0.666,1,0.1,2.62152e-14
0.675,1,0.1,4.36676e-14
0.684,1,0.1,5.02714e-14
0.693,1,0.1,-3.58608e-14
0.702,1,0.1,4.77408e-14
0.711,1,0.1,3.52057e-13
0.72,1,0.1,-7.74794e-13
0.729,1,0.1,-6.70389e-13
0.738,1,0.1,3.34408e-12
0.747,1,0.1,-3.12876e-12
0.756,1,0.1,-8.38767e-12
0.765,1,0.1,2.63211e-11
0.774,1,0.1,-1.83334e-11
0.783,1,0.1,-7.52e-11
0.792,1,0.1,2.7516e-10
0.801,1,0.1,-2.33769e-10
0.81,1,0.1,-5.34484e-10
0.819,1,0.1,2.15736e-09
0.828,1,0.1,-3.87014e-09
0.837,1,0.1,1.71153e-09
0.846,1,0.1,9.18593e-09
0.855,1,0.1,-2.96037e-08
0.864,1,0.1,5.47373e-08
0.873,1,0.1,-4.61734e-08
0.882,1,0.1,-4.39956e-08
0.891,0.999999,0.0999999,2.99197e-07
0.9,1,0.100001,-1.00265e-06
0.909,0.999995,0.0999992,1.63696e-06
0.918,1.00001,0.100001,-2.8699e-06
0.927,0.999988,0.0999981,3.87203e-06
0.936,1.00002,0.100003,-5.52969e-06
0.945,0.999982,0.0999971,5.87223e-06
0.954,1.00003,0.100005,-9.54463e-06
0.963,0.999954,0.0999924,1.51834e-05
0.972,1.00015,0.100025,-5.09129e-05
0.981,0.999736,0.0999561,8.7827e-05
0.99,1.00108,0.100181,-0.000361289
0.999,0.999362,0.0998937,0.000212542
1.008,0.996078,0.099348,0.00130406
1.017,0.9928,0.0988058,0.00238835
1.026,0.989519,0.0982654,0.00346912
1.035,0.986232,0.0977263,0.00454711
1.044,0.982943,0.0971894,0.00562083
1.053,0.979654,0.096655,0.00668942
1.062,0.976368,0.0961232,0.00775254
1.071,0.973085,0.0955944,0.00880966
1.08,0.969806,0.0950686,0.00986073
1.089,0.966531,0.0945459,0.0109054
1.098,0.963262,0.0940263,0.0119437
1.107,0.959998,0.0935099,0.0129753
1.116,0.956739,0.0929967,0.0140004
1.125,0.953486,0.0924868,0.0150187
1.134,0.950239,0.0919801,0.0160304
1.143,0.946999,0.0914767,0.0170353
1.152,0.943764,0.0909765,0.0180335
1.161,0.940536,0.0904796,0.0190248
1.17,0.937315,0.0899859,0.0200093
1.179,0.9341,0.0894955,0.020987
1.188,0.930892,0.0890083,0.021958
1.197,0.92769,0.0885244,0.0229221
1.206,0.924495,0.0880437,0.0238794
1.215,0.921307,0.0875663,0.0248299
1.224,0.918126,0.087092,0.0257736
1.233,0.914952,0.0866209,0.0267105
1.242,0.911784,0.086153,0.0276407
1.251,0.908624,0.0856883,0.0285641
1.26,0.90547,0.0852267,0.0294808
1.269,0.902323,0.0847683,0.0303908
1.278,0.899183,0.084313,0.031294
1.287,0.896051,0.0838608,0.0321905
1.296,0.892925,0.0834117,0.0330805
1.305,0.889806,0.0829657,0.0339636
1.314,0.886694,0.0825227,0.0348402
1.323,0.883589,0.0820829,0.0357101
1.332,0.880492,0.081646,0.0365735
1.341,0.877401,0.0812121,0.0374302
1.35,0.874317,0.0807813,0.0382804
1.359,0.871241,0.0803534,0.039124
1.368,0.868171,0.0799285,0.0399612
1.377,0.865109,0.0795066,0.0407917
1.386,0.862053,0.0790875,0.0416159
1.395,0.859005,0.0786715,0.0424335
1.404,0.855963,0.0782583,0.0432447
1.413,0.852929,0.077848,0.0440494
1.422,0.849902,0.0774405,0.0448478
1.431,0.846882,0.077036,0.0456398
1.44,0.843868,0.0766342,0.0464255
1.449,0.840862,0.0762353,0.0472047
1.458,0.837863,0.0758391,0.0479777
1.467,0.834871,0.0754458,0.0487443
1.476,0.831886,0.0750552,0.0495048
1.485,0.828908,0.0746674,0.0502589
1.494,0.825937,0.0742824,0.0510068
1.503,0.822973,0.0739,0.0517485
1.512,0.820016,0.0735203,0.052484
1.521,0.817067,0.0731434,0.0532133
1.53,0.814124,0.0727691,0.0539365
1.539,0.811188,0.0723974,0.0546536
1.548,0.808259,0.0720284,0.0553646
1.557,0.805337,0.0716621,0.0560695
1.566,0.802422,0.0712983,0.0567683
1.575,0.799515,0.0709371,0.0574611
1.584,0.796614,0.0705784,0.0581479
1.593,0.79372,0.0702224,0.0588287
1.602,0.790833,0.0698689,0.0595036
1.611,0.787953,0.0695179,0.0601725
1.62,0.78508,0.0691694,0.0608355
1.629,0.782214,0.0688234,0.0614925
1.638,0.779355,0.0684799,0.0621438
1.647,0.776503,0.0681388,0.0627891
1.656,0.773658,0.0678002,0.0634286
1.665,0.770819,0.067464,0.0640623
1.674,0.767988,0.0671302,0.0646902
1.683,0.765164,0.0667988,0.0653123
1.692,0.762346,0.0664698,0.0659288
1.701,0.759535,0.0661432,0.0665394
1.71,0.756732,0.0658189,0.0671445
1.719,0.753935,0.0654969,0.0677437
1.728,0.751145,0.0651773,0.0683374
1.737,0.748362,0.06486,0.0689254
1.746,0.745585,0.0645449,0.0695079
1.755,0.742816,0.0642321,0.0700847
1.764,0.740053,0.0639216,0.070656
1.773,0.737297,0.0636134,0.0712216
1.782,0.734549,0.0633073,0.0717819
1.791,0.731806,0.0630035,0.0723365
1.8,0.729071,0.0627018,0.0728858
1.809,0.726343,0.0624024,0.0734295
1.818,0.723621,0.0621051,0.0739679
1.827,0.720906,0.0618099,0.0745008
1.836,0.718198,0.0615169,0.0750283
1.845,0.715496,0.0612261,0.0755505
1.854,0.712802,0.0609373,0.0760673
1.863,0.710114,0.0606506,0.0765788
1.872,0.707433,0.060366,0.077085
1.881,0.704758,0.0600835,0.0775859
1.89,0.702091,0.059803,0.0780816
1.899,0.69943,0.0595245,0.078572
1.908,0.696775,0.0592481,0.0790572
1.917,0.694128,0.0589736,0.0795372
1.926,0.691487,0.0587012,0.0800121
1.935,0.688853,0.0584307,0.0804817
1.944,0.686225,0.0581622,0.0809463
1.953,0.683604,0.0578957,0.0814058
1.962,0.68099,0.0576311,0.0818602
1.971,0.678382,0.0573684,0.0823095
1.98,0.675781,0.0571076,0.0827538
1.989,0.673187,0.0568487,0.083193
1.998,0.670599,0.0565917,0.0836273
2.007,0.668018,0.0563366,0.0840565
2.016,0.665443,0.0560833,0.0844809
2.025,0.662875,0.0558318,0.0849003
2.034,0.660313,0.0555822,0.0853148
2.043,0.657759,0.0553344,0.0857243
2.052,0.65521,0.0550883,0.0861291
2.061,0.652668,0.0548441,0.0865289
2.07,0.650133,0.0546017,0.086924
2.079,0.647604,0.054361,0.0873141
2.088,0.645082,0.054122,0.0876996
2.097,0.642566,0.0538848,0.0880803
2.106,0.640057,0.0536493,0.0884562
2.115,0.637554,0.0534155,0.0888274
2.124,0.635058,0.0531834,0.0891939
2.133,0.632568,0.052953,0.0895557
2.142,0.630085,0.0527242,0.0899129
2.151,0.627608,0.0524972,0.0902653
2.16,0.625138,0.0522717,0.0906132
2.169,0.622674,0.0520479,0.0909565
2.178,0.620216,0.0518257,0.0912952
2.187,0.617765,0.0516051,0.0916293
2.196,0.61532,0.0513861,0.0919589
2.205,0.612882,0.0511687,0.092284
2.214,0.61045,0.0509529,0.0926046
2.223,0.608025,0.0507386,0.0929206
2.232,0.605606,0.0505259,0.0932323
2.241,0.603193,0.0503147,0.0935394
2.25,0.600787,0.050105,0.0938422
2.259,0.598387,0.0498969,0.0941406
2.268,0.595993,0.0496902,0.0944346
2.277,0.593606,0.0494851,0.0947241
2.286,0.591225,0.0492814,0.0950094
2.295,0.588851,0.0490792,0.0952904
2.304,0.586482,0.0488784,0.095567
2.313,0.584121,0.0486791,0.0958394
2.322,0.581765,0.0484812,0.0961075
2.331,0.579416,0.0482847,0.0963713
2.34,0.577073,0.0480896,0.0966309
2.349,0.574737,0.047896,0.0968863
2.358,0.572407,0.0477037,0.0971376
2.367,0.570083,0.0475128,0.0973846
2.376,0.567765,0.0473233,0.0976276
2.385,0.565454,0.0471351,0.0978663
2.394,0.563149,0.0469483,0.098101
2.403,0.56085,0.0467628,0.0983316
2.412,0.558558,0.0465786,0.0985581
2.421,0.556272,0.0463957,0.0987806
2.43,0.553992,0.0462142,0.098999
2.439,0.551719,0.0460339,0.0992135
2.448,0.549451,0.0458549,0.0994239
2.457,0.54719,0.0456772,0.0996304
2.466,0.544936,0.0455007,0.0998329
2.475,0.542687,0.0453255,0.100031
2.484,0.540445,0.0451515,0.100226
2.493,0.538209,0.0449787,0.100417
2.502,0.535979,0.0448072,0.100604
2.511,0.533755,0.0446369,0.100787
2.52,0.531538,0.0444677,0.100966
2.529,0.529327,0.0442998,0.101141
2.538,0.527122,0.044133,0.101313
2.547,0.524923,0.0439674,0.101481
2.556,0.52273,0.043803,0.101645
2.565,0.520544,0.0436397,0.101805
2.574,0.518364,0.0434775,0.101962
2.583,0.51619,0.0433165,0.102115
2.592,0.514022,0.0431566,0.102264
2.601,0.51186,0.0429977,0.102409
2.61,0.509704,0.04284,0.102551
2.619,0.507555,0.0426834,0.102689
2.628,0.505412,0.0425278,0.102824
2.637,0.503274,0.0423734,0.102955
2.646,0.501143,0.0422199,0.103083
2.655,0.499018,0.0420676,0.103207
2.664,0.496899,0.0419162,0.103327
2.673,0.494786,0.0417659,0.103444
2.682,0.49268,0.0416166,0.103557
2.691,0.490579,0.0414684,0.103667
2.7,0.488484,0.0413211,0.103774
2.709,0.486395,0.0411748,0.103877
2.718,0.484313,0.0410295,0.103976
2.727,0.482236,0.0408852,0.104073
2.736,0.480166,0.0407418,0.104165
2.745,0.478101,0.0405994,0.104255
2.754,0.476042,0.040458,0.104341
2.763,0.47399,0.0403175,0.104424
2.772,0.471943,0.0401779,0.104503
2.781,0.469902,0.0400392,0.104579
2.79,0.467867,0.0399014,0.104652
2.799,0.465838,0.0397646,0.104722
2.808,0.463815,0.0396286,0.104789
2.817,0.461798,0.0394935,0.104852
2.826,0.459787,0.0393593,0.104912
2.835,0.457781,0.0392259,0.104969
2.844,0.455781,0.0390934,0.105022
2.853,0.453787,0.0389617,0.105073
2.862,0.451798,0.0388308,0.10512
2.871,0.449815,0.0387008,0.105165
2.88,0.447838,0.0385716,0.105206
2.889,0.445866,0.0384432,0.105244
2.898,0.4439,0.0383155,0.105279
2.907,0.441939,0.0381887,0.105311
2.916,0.439984,0.0380626,0.10534
2.925,0.438033,0.0379372,0.105366
2.934,0.436088,0.0378126,0.10539
2.943,0.434148,0.0376887,0.10541
2.952,0.432212,0.0375655,0.105427
2.961,0.430282,0.037443,0.105441
2.97,0.428355,0.0373212,0.105452
2.979,0.426432,0.0371999,0.105461
2.988,0.424513,0.0370793,0.105466
2.997,0.422593,0.036959,0.105469
3.006,0.420684,0.0368397,0.105468
3.015,0.41879,0.0367217,0.105465
3.024,0.416902,0.0366044,0.105459
3.033,0.415019,0.0364878,0.10545
3.042,0.413142,0.0363719,0.105438
3.051,0.41127,0.0362567,0.105424
3.06,0.409405,0.0361422,0.105407
3.069,0.407544,0.0360283,0.105387
3.078,0.40569,0.035915,0.105364
3.087,0.403841,0.0358025,0.105339
3.096,0.401998,0.0356905,0.105311
3.105,0.400161,0.0355793,0.10528
3.114,0.398329,0.0354686,0.105247
3.123,0.396503,0.0353586,0.105211
3.132,0.394682,0.0352491,0.105172
3.141,0.392868,0.0351403,0.105131
3.15,0.391058,0.0350321,0.105087
3.159,0.389255,0.0349245,0.105041
3.168,0.387456,0.0348175,0.104992
3.177,0.385664,0.0347111,0.10494
3.186,0.383877,0.0346052,0.104886
3.195,0.382095,0.0345,0.10483
3.204,0.380319,0.0343952,0.104771
3.213,0.378549,0.0342911,0.104709
3.222,0.376784,0.0341875,0.104646
3.231,0.375025,0.0340844,0.104579
3.24,0.373271,0.0339819,0.10451
3.249,0.371523,0.0338799,0.104439
3.258,0.36978,0.0337784,0.104366
3.267,0.368043,0.0336775,0.10429
3.276,0.366311,0.033577,0.104211
3.285,0.364585,0.0334771,0.104131
3.294,0.362864,0.0333777,0.104048
3.303,0.361149,0.0332787,0.103962
3.312,0.359439,0.0331803,0.103875
3.321,0.357735,0.0330823,0.103785
3.33,0.356036,0.0329848,0.103693
3.339,0.354342,0.0328878,0.103598
3.348,0.352654,0.0327913,0.103502
3.357,0.350971,0.0326952,0.103403
3.366,0.349294,0.0325996,0.103302
3.375,0.347622,0.0325044,0.103198
3.384,0.345955,0.0324097,0.103093
3.393,0.344294,0.0323154,0.102985
3.402,0.342638,0.0322215,0.102876
3.411,0.340988,0.0321281,0.102764
3.42,0.339343,0.032035,0.10265
3.429,0.337703,0.0319425,0.102534
3.438,0.336069,0.0318503,0.102416
3.447,0.334439,0.0317585,0.102296
3.456,0.332816,0.0316671,0.102174
3.465,0.331197,0.0315761,0.102049
3.474,0.329584,0.0314855,0.101923
3.483,0.327976,0.0313953,0.101795
3.492,0.326373,0.0313054,0.101665
3.501,0.324776,0.031216,0.101533
3.51,0.323184,0.0311269,0.101398
3.519,0.321597,0.0310381,0.101262
3.528,0.320015,0.0309498,0.101124
3.537,0.318439,0.0308617,0.100984
3.546,0.316868,0.0307741,0.100843
3.555,0.315302,0.0306867,0.100699
3.564,0.313741,0.0305997,0.100554
3.573,0.312185,0.0305131,0.100406
3.582,0.310635,0.0304267,0.100257
3.591,0.30909,0.0303408,0.100106
3.6,0.307549,0.0302551,0.099953
3.609,0.306014,0.0301697,0.0997983
3.618,0.304485,0.0300846,0.0996419
3.627,0.30296,0.0299999,0.0994837
3.636,0.30144,0.0299154,0.0993238
3.645,0.299926,0.0298313,0.0991621
3.654,0.298416,0.0297474,0.0989988
3.663,0.296912,0.0296638,0.0988336
3.672,0.295412,0.0295805,0.0986668
3.681,0.293918,0.0294975,0.0984984
3.69,0.292429,0.0294148,0.0983283
3.699,0.290945,0.0293323,0.0981565
3.708,0.289466,0.0292501,0.097983
3.717,0.287992,0.0291682,0.097808
3.726,0.286523,0.0290865,0.0976314
3.735,0.285059,0.0290051,0.0974531
3.744,0.2836,0.0289239,0.0972733
3.753,0.282146,0.0288429,0.097092
3.762,0.280697,0.0287623,0.096909
3.771,0.279252,0.0286818,0.0967245
3.78,0.277813,0.0286016,0.0965385
3.789,0.276379,0.0285216,0.096351
3.798,0.27495,0.0284418,0.096162
3.807,0.273525,0.0283623,0.0959715
3.816,0.272106,0.0282829,0.0957795
3.825,0.270691,0.0282038,0.0955861
3.834,0.269282,0.028125,0.0953913
3.843,0.267877,0.0280463,0.0951949
3.852,0.266477,0.0279678,0.0949972
3.861,0.265082,0.0278895,0.0947981
3.87,0.263692,0.0278114,0.0945976
3.879,0.262307,0.0277335,0.0943957
3.888,0.260926,0.0276558,0.0941924
3.897,0.259551,0.0275783,0.0939879
3.906,0.258181,0.027501,0.093782
3.915,0.256815,0.0274238,0.0935747
3.924,0.255453,0.0273469,0.0933661
3.933,0.254097,0.0272701,0.0931563
3.942,0.252746,0.0271935,0.0929452
3.951,0.2514,0.027117,0.0927328
3.96,0.250058,0.0270407,0.0925191
3.969,0.248721,0.0269646,0.0923042
3.978,0.247389,0.0268886,0.0920882
3.987,0.246062,0.0268128,0.0918709
3.996,0.244739,0.0267372,0.0916523
4.005,0.243421,0.0266617,0.0914325
4.014,0.242108,0.0265863,0.0912117
4.023,0.2408,0.0265111,0.0909897
4.032,0.239497,0.026436,0.0907665
4.041,0.238198,0.0263611,0.0905421
4.05,0.236904,0.0262863,0.0903166
4.059,0.235615,0.0262117,0.0900901
4.068,0.23433,0.0261372,0.0898625
4.077,0.233051,0.0260628,0.0896337
4.086,0.231775,0.0259885,0.0894038
4.095,0.230505,0.0259143,0.0891729
4.104,0.229239,0.0258403,0.0889411
4.113,0.227978,0.0257664,0.0887082
4.122,0.226722,0.0256926,0.0884742
4.131,0.22547,0.0256189,0.0882391
4.14,0.224223,0.0255454,0.0880031
4.149,0.22298,0.0254719,0.0877662
4.158,0.221743,0.0253986,0.0875283
4.167,0.220509,0.0253253,0.0872894
4.176,0.21928,0.0252522,0.0870494
4.185,0.218056,0.0251791,0.0868086
4.194,0.216837,0.0251062,0.086567
4.203,0.215623,0.0250334,0.0863245
4.212,0.214412,0.0249606,0.0860809
4.221,0.213206,0.0248879,0.0858364
4.23,0.212005,0.0248153,0.0855911
4.239,0.210809,0.0247428,0.085345
4.248,0.209617,0.0246704,0.0850981
4.257,0.208429,0.0245981,0.0848502
4.266,0.207246,0.0245258,0.0846014
4.275,0.206067,0.0244536,0.0843518
4.284,0.204893,0.0243815,0.0841016
4.293,0.203724,0.0243095,0.0838505
4.302,0.202559,0.0242375,0.0835987
4.311,0.201398,0.0241656,0.0833459
4.32,0.200241,0.0240937,0.0830923
4.329,0.199089,0.0240219,0.0828381
4.338,0.197942,0.0239503,0.0825833
4.347,0.196799,0.0238786,0.0823277
4.356,0.195661,0.023807,0.0820712
4.365,0.194526,0.0237355,0.081814
4.374,0.193396,0.023664,0.0815561
4.383,0.192271,0.0235925,0.0812976
4.392,0.19115,0.0235212,0.0810385
4.401,0.190033,0.0234499,0.0807787
4.41,0.188921,0.0233786,0.0805182
4.419,0.187812,0.0233073,0.0802569
4.428,0.186708,0.0232361,0.079995
4.437,0.185609,0.023165,0.0797327
4.446,0.184514,0.0230939,0.0794697
4.455,0.183423,0.0230229,0.0792062
4.464,0.182336,0.0229518,0.0789418
4.473,0.181254,0.0228808,0.0786769
4.482,0.180176,0.0228098,0.0784114
4.491,0.179102,0.0227389,0.0781455
4.5,0.178033,0.0226681,0.0778792
4.509,0.176968,0.0225972,0.0776122
4.518,0.175906,0.0225264,0.0773446
4.527,0.174849,0.0224555,0.0770763
4.536,0.173796,0.0223848,0.0768076
4.545,0.172748,0.022314,0.0765385
4.554,0.171704,0.0222433,0.0762691
4.563,0.170664,0.0221727,0.0759991
4.572,0.169628,0.022102,0.0757286
4.581,0.168596,0.0220313,0.0754575
4.59,0.167568,0.0219607,0.0751859
4.599,0.166545,0.0218901,0.074914
4.608,0.165526,0.0218195,0.0746418
4.617,0.164511,0.021749,0.0743693
4.626,0.163501,0.0216784,0.0740962
4.635,0.162494,0.0216079,0.0738227
4.644,0.161491,0.0215373,0.0735486
4.653,0.160492,0.0214668,0.0732742
4.662,0.159497,0.0213963,0.0729996
4.671,0.158507,0.0213259,0.0727247
4.68,0.157521,0.0212555,0.0724496
4.689,0.15654,0.021185,0.072174
4.698,0.155561,0.0211146,0.071898
4.707,0.154587,0.0210441,0.0716215
4.716,0.153617,0.0209737,0.0713448
4.725,0.152651,0.0209033,0.0710679
4.734,0.151689,0.0208329,0.0707908
4.743,0.150732,0.0207626,0.0705136
4.752,0.149778,0.0206922,0.070236
4.761,0.148829,0.0206218,0.069958
4.77,0.147882,0.0205514,0.0696797
4.779,0.14694,0.020481,0.0694011
4.788,0.146002,0.0204107,0.0691223
4.797,0.145069,0.0203403,0.0688435
4.806,0.14414,0.02027,0.0685647
4.815,0.143214,0.0201997,0.0682856
4.824,0.142293,0.0201294,0.0680062
4.833,0.141375,0.0200591,0.0677265
4.842,0.14046,0.0199887,0.0674465
4.851,0.13955,0.0199183,0.0671664
4.86,0.138644,0.019848,0.0668863
4.869,0.137742,0.0197777,0.0666061
4.878,0.136844,0.0197074,0.066326
4.887,0.135951,0.0196372,0.0660457
4.896,0.13506,0.0195669,0.0657651
4.905,0.134174,0.0194965,0.0654843
4.914,0.133291,0.0194262,0.0652034
4.923,0.132412,0.0193558,0.0649223
4.932,0.131537,0.0192855,0.0646413
4.941,0.130666,0.0192152,0.0643603
4.95,0.129799,0.0191449,0.0640794
4.959,0.128936,0.0190747,0.0637985
4.968,0.128077,0.0190044,0.0635175
4.977,0.127222,0.0189341,0.0632363
4.986,0.12637,0.0188637,0.0629549
4.995,0.125521,0.0187934,0.0626734
5.004,0.124677,0.018723,0.062392
5.013,0.123836,0.0186527,0.0621107
5.022,0.123,0.0185824,0.0618296
5.031,0.122167,0.0185121,0.0615486
5.04,0.121339,0.0184419,0.0612676
5.049,0.120514,0.0183716,0.0609866
5.058,0.119692,0.0183013,0.0607054
5.067,0.118874,0.0182309,0.0604242
5.076,0.118059,0.0181605,0.060143
5.085,0.117248,0.0180902,0.0598618
5.094,0.116441,0.0180198,0.0595809
5.103,0.115638,0.0179495,0.0593001
5.112,0.114839,0.0178793,0.0590196
5.121,0.114044,0.017809,0.0587393
5.13,0.113253,0.0177387,0.058459
5.139,0.112464,0.0176684,0.0581786
5.148,0.11168,0.0175981,0.0578983
5.157,0.110898,0.0175277,0.0576179
5.166,0.11012,0.0174573,0.0573377
5.175,0.109346,0.017387,0.0570576
5.184,0.108576,0.0173166,0.0567779
5.193,0.107809,0.0172464,0.0564984
5.202,0.107047,0.0171761,0.0562192
5.211,0.106288,0.0171059,0.0559403
5.22,0.105532,0.0170356,0.0556615
5.229,0.10478,0.0169654,0.0553827
5.238,0.104031,0.016895,0.055104
5.247,0.103286,0.0168247,0.0548254
5.256,0.102544,0.0167543,0.0545469
5.265,0.101805,0.016684,0.0542686
5.274,0.10107,0.0166137,0.0539907
5.283,0.100339,0.0165434,0.0537131
5.292,0.099612,0.0164732,0.053436
5.301,0.0988884,0.016403,0.0531592
5.31,0.0981684,0.0163328,0.0528826
5.319,0.0974518,0.0162626,0.0526063
5.328,0.0967384,0.0161924,0.0523301
5.337,0.0960282,0.0161222,0.0520541
5.346,0.0953212,0.0160519,0.0517782
5.355,0.0946175,0.0159816,0.0515025
5.364,0.0939172,0.0159114,0.0512271
5.373,0.0932205,0.0158411,0.050952
5.382,0.0925274,0.0157709,0.0506774
5.391,0.091838,0.0157008,0.0504033
5.4,0.0911523,0.0156307,0.0501296
5.409,0.0904701,0.0155607,0.0498563
5.418,0.0897914,0.0154906,0.0495834
5.427,0.0891159,0.0154206,0.0493108
5.436,0.0884436,0.0153505,0.0490384
5.445,0.0877743,0.0152805,0.0487662
5.454,0.0871082,0.0152104,0.0484943
5.463,0.0864453,0.0151403,0.0482226
5.472,0.0857856,0.0150702,0.0479512
5.481,0.0851293,0.0150001,0.0476803
5.49,0.0844765,0.0149301,0.0474099
5.499,0.0838274,0.0148602,0.04714
5.508,0.0831818,0.0147903,0.0468707
5.517,0.0825398,0.0147205,0.0466019
5.526,0.0819012,0.0146507,0.0463337
5.535,0.081266,0.014581,0.0460658
5.544,0.0806339,0.0145112,0.0457984
5.553,0.0800049,0.0144415,0.0455313
5.562,0.079379,0.0143718,0.0452645
5.571,0.0787561,0.014302,0.0449981
5.58,0.0781363,0.0142323,0.044732
5.589,0.0775196,0.0141626,0.0444662
5.598,0.0769061,0.0140929,0.044201
5.607,0.0762961,0.0140232,0.0439363
5.616,0.0756895,0.0139537,0.0436723
5.625,0.0750864,0.0138842,0.0434089
5.634,0.0744868,0.0138148,0.0431461
5.643,0.0738907,0.0137455,0.042884
5.652,0.073298,0.0136762,0.0426226
5.661,0.0727086,0.0136071,0.0423617
5.67,0.0721223,0.0135379,0.0421014
5.679,0.0715391,0.0134688,0.0418415
5.688,0.0709589,0.0133997,0.041582
5.697,0.0703816,0.0133306,0.0413229
5.706,0.0698072,0.0132616,0.0410643
5.715,0.0692358,0.0131925,0.0408061
5.724,0.0686672,0.0131234,0.0405483
5.733,0.0681018,0.0130544,0.0402911
5.742,0.0675394,0.0129854,0.0400344
5.751,0.0669802,0.0129166,0.0397783
5.76,0.0664241,0.0128477,0.0395229
5.769,0.0658713,0.012779,0.0392682
5.778,0.0653217,0.0127104,0.0390141
5.787,0.0647751,0.0126418,0.0387607
5.796,0.0642316,0.0125733,0.0385079
5.805,0.0636909,0.0125048,0.0382556
5.814,0.063153,0.0124364,0.0380039
5.823,0.0626179,0.0123679,0.0377525
5.832,0.0620852,0.0122995,0.0375016
5.841,0.0615552,0.0122311,0.037251
5.85,0.0610275,0.0121626,0.0370007
5.859,0.0605023,0.0120941,0.0367508
5.868,0.0599797,0.0120256,0.0365012
5.877,0.0594596,0.0119571,0.0362521
5.886,0.0589421,0.0118887,0.0360035
5.895,0.0584274,0.0118202,0.0357553
5.904,0.0579155,0.0117518,0.0355078
5.913,0.0574065,0.0116835,0.0352609
5.922,0.0569005,0.0116153,0.0350148
5.931,0.0563977,0.0115472,0.0347694
5.94,0.0558983,0.0114793,0.034525
5.949,0.0554031,0.0114116,0.0342819
5.958,0.0549139,0.0113444,0.0340411
5.967,0.0544382,0.0112788,0.0338062
5.976,0.0540016,0.0112184,0.0335901
5.985,0.0536534,0.01117,0.0334173
5.994,0.053106,0.0110935,0.0331448
6.003,0.0520474,0.0109445,0.0326151
6.012,0.0537639,0.0111854,0.0334722
6.021,0.0528231,0.0110539,0.0330036
6.03,0.0527383,0.0110421,0.0329616
6.039,0.0544908,0.0112863,0.0338327
6.048,0.0540598,0.0112265,0.0336191
6.057,0.0539729,0.0112144,0.0335759
6.066,0.0539776,0.011215,0.0335782
6.075,0.053986,0.0112161,0.0335822
6.084,0.0540003,0.0112181,0.0335891
6.093,0.0540006,0.011218,0.0335892
6.102,0.054003,0.0112183,0.0335902
6.111,0.0540117,0.0112195,0.0335945
6.12,0.0540212,0.0112208,0.0335992
6.129,0.0540285,0.0112218,0.0336028
6.138,0.0540313,0.0112223,0.0336043
6.147,0.0540367,0.0112231,0.0336071
6.156,0.0540508,0.0112251,0.0336142
6.165,0.0540646,0.0112271,0.0336213
6.174,0.0540698,0.0112279,0.033624
6.183,0.0540756,0.0112288,0.033627
6.192,0.0540798,0.0112294,0.0336293
6.201,0.0540815,0.0112297,0.0336302
6.21,0.0540843,0.0112301,0.0336317
6.219,0.0540846,0.0112301,0.0336318
6.228,0.0540844,0.0112301,0.0336317
6.237,0.0540843,0.01123,0.0336314
6.246,0.054085,0.01123,0.0336316
6.255,0.0540812,0.0112294,0.0336295
6.264,0.0540769,0.0112287,0.0336271
6.273,0.0540759,0.0112284,0.0336263
6.282,0.0540745,0.0112281,0.0336254
6.291,0.0540698,0.0112274,0.0336228
6.3,0.0540661,0.0112268,0.0336209
6.309,0.0540686,0.0112271,0.033622
6.318,0.0540679,0.011227,0.0336217
6.327,0.0540687,0.0112272,0.0336222
6.336,0.0540699,0.0112275,0.033623
6.345,0.0540714,0.0112278,0.0336241
6.354,0.0540772,0.0112288,0.0336274
6.363,0.0540788,0.0112292,0.0336286
6.372,0.0540857,0.0112304,0.0336325
6.381,0.054088,0.0112309,0.0336341
6.39,0.054085,0.0112306,0.0336329
6.399,0.0540924,0.0112317,0.0336368
6.408,0.0540946,0.011232,0.0336379
6.417,0.0540914,0.0112315,0.0336361
6.426,0.054088,0.0112308,0.033634
6.435,0.0540821,0.0112298,0.0336305
6.444,0.0540755,0.0112285,0.0336264
6.453,0.05407,0.0112273,0.0336228
6.462,0.0540642,0.0112261,0.0336189
6.471,0.054056,0.0112245,0.0336139
6.48,0.054048,0.0112231,0.0336091
6.489,0.0540433,0.0112222,0.0336062
6.498,0.0540402,0.0112217,0.0336045
6.507,0.0540457,0.0112226,0.0336076
6.516,0.0540529,0.011224,0.0336121
6.525,0.0540679,0.0112268,0.0336212
6.534,0.0540829,0.0112299,0.033631
6.543,0.0541073,0.0112346,0.0336461
6.552,0.0541349,0.0112398,0.0336629
6.561,0.0541599,0.0112446,0.0336784
6.57,0.0541785,0.0112481,0.0336898
6.579,0.0541809,0.0112488,0.0336918
6.588,0.0541739,0.0112472,0.033687
6.597,0.054138,0.0112406,0.0336654
6.606,0.0540892,0.0112311,0.0336349
6.615,0.0540256,0.0112186,0.0335949
6.624,0.053945,0.0112032,0.0335451
6.633,0.0538669,0.0111878,0.0334959
6.642,0.0537848,0.0111723,0.0334457
6.651,0.0537106,0.011158,0.0333997
6.66,0.0536673,0.0111494,0.0333723
6.669,0.0536272,0.0111418,0.0333475
6.678,0.0534625,0.0111099,0.0332451
6.687,0.0536819,0.0111522,0.0333812
6.696,0.0538688,0.0111883,0.0334974
6.705,0.0539702,0.0112084,0.0335615
6.714,0.05434,0.0112795,0.0337906
6.723,0.0525334,0.0109307,0.0326682
6.732,0.0229291,0.00520696,0.0142596
6.741,0.0026047,0.00127729,0.00161712
6.75,0.00283803,0.0013217,0.00176668
6.759,0.00327817,0.00140679,0.00203712
6.768,0.00351953,0.0014541,0.00219048
6.777,0.00370506,0.00148976,0.00230323
6.786,0.0038734,0.00152242,0.00240823
6.795,0.0040337,0.00155327,0.00250809
6.804,0.00416414,0.00157855,0.00259061
6.813,0.004268,0.00159859,0.00265342
6.822,0.0042059,0.00158626,0.00261549
6.831,0.00401877,0.00155044,0.00249921
6.84,0.0039523,0.00153738,0.00245775
6.849,0.0039835,0.00154328,0.00247576
6.858,0.0039772,0.00154246,0.00247485
6.867,0.00397648,0.00154245,0.00247146
6.876,0.00397104,0.00154138,0.00247049
6.885,0.0039753,0.00154206,0.00247094
6.894,0.0039695,0.00154053,0.00246981
6.903,0.00397323,0.00154189,0.00247053
6.912,0.00397365,0.00154175,0.00246965
6.921,0.00396867,0.00154063,0.0024692
6.93,0.0039752,0.00154164,0.00247012
6.939,0.00396941,0.00154091,0.00247099
6.948,0.00398837,0.00154492,0.00247639
6.957,0.00398025,0.00154252,0.00247758
6.966,0.00399223,0.00154527,0.00248091
6.975,0.00398875,0.00154462,0.00248176
6.984,0.00399326,0.00154549,0.00248283
6.993,0.00399266,0.00154523,0.00248258
7.002,0.003993,0.00154544,0.00248318
7.011,0.0039941,0.00154571,0.00248373
7.02,0.00399618,0.00154603,0.00248437
7.029,0.00399281,0.00154508,0.00248365
7.038,0.00399783,0.00154659,0.00248498
7.047,0.00399509,0.00154534,0.00248466
7.056,0.00400148,0.00154716,0.0024875
7.065,0.00399553,0.00154562,0.00248547
7.074,0.00399563,0.00154627,0.00248572
7.083,0.00400464,0.00154787,0.00248709
7.092,0.00399199,0.00154493,0.00248578
7.101,0.00400511,0.00154787,0.00248813
7.11,0.00399189,0.00154541,0.00248575
7.119,0.00399923,0.00154661,0.00248582
7.128,0.00400011,0.00154657,0.00248648
7.137,0.00399796,0.00154615,0.00248637
7.146,0.00399939,0.00154681,0.00248722
7.155,0.00400088,0.00154694,0.00248765
7.164,0.00399855,0.00154639,0.00248691
7.173,0.00400113,0.00154715,0.00248762
7.182,0.00399653,0.001546,0.00248636
7.191,0.00400336,0.00154754,0.00248731
7.2,0.00399546,0.00154562,0.00248723
7.209,0.00400389,0.00154757,0.00248847
7.218,0.00399725,0.00154572,0.00248573
7.227,0.00399959,0.00154674,0.00248714
7.236,0.00400227,0.00154714,0.00248847
7.245,0.00399669,0.0015462,0.00248746
7.254,0.00400907,0.00154883,0.00248843
7.263,0.00399109,0.00154465,0.00248602
7.272,0.00400783,0.0015484,0.00248924
7.281,0.00399627,0.00154612,0.0024879
7.29,0.00400214,0.00154712,0.00248765
7.299,0.00400206,0.00154703,0.00248729
7.308,0.0039974,0.00154601,0.00248701
7.317,0.00400252,0.00154751,0.00248827
7.326,0.00399635,0.00154601,0.00248719
7.335,0.00400816,0.0015484,0.00248868
7.344,0.00399344,0.00154537,0.0024865
7.353,0.0040042,0.00154792,0.00248869
7.362,0.00399903,0.00154652,0.0024877
7.371,0.00399982,0.00154643,0.00248698
7.38,0.00400175,0.00154721,0.00248779
7.389,0.0039987,0.00154647,0.00248726
7.398,0.00400086,0.00154688,0.00248758
7.407,0.00400284,0.00154739,0.00248827
7.416,0.00399728,0.00154615,0.00248767
7.425,0.00400545,0.00154779,0.00248873
7.434,0.00399664,0.00154591,0.00248669
7.443,0.0040028,0.00154747,0.00248807
7.452,0.00399908,0.00154619,0.00248711
7.461,0.00399853,0.00154639,0.00248687
7.47,0.00400481,0.00154774,0.00248814
7.479,0.00399709,0.00154629,0.00248767
7.488,0.00400335,0.00154759,0.00248829
7.497,0.00399803,0.00154614,0.00248772
7.506,0.00400247,0.00154727,0.00248784
7.515,0.00400102,0.00154691,0.00248731
7.524,0.0039989,0.00154648,0.00248768
7.533,0.00400049,0.00154686,0.00248746
7.542,0.00400075,0.00154694,0.00248747
7.551,0.00399871,0.00154646,0.00248724
7.56,0.0040026,0.00154719,0.00248848
7.569,0.00400124,0.00154706,0.0024882
7.578,0.00399995,0.00154681,0.00248687
7.587,0.00399723,0.00154605,0.00248699
7.596,0.00400375,0.00154743,0.00248791
7.605,0.00399948,0.00154624,0.00248693
7.614,0.00400074,0.00154717,0.0024884
7.623,0.00400248,0.00154761,0.00248885
7.632,0.00399626,0.00154552,0.00248576
7.641,0.00400382,0.00154748,0.00248764
7.65,0.00399406,0.00154565,0.00248695
7.659,0.00400568,0.00154802,0.00248819
7.668,0.0039948,0.00154548,0.00248674
7.677,0.00400165,0.00154701,0.00248772
7.686,0.00400325,0.00154757,0.00248817
7.695,0.00399749,0.00154636,0.00248725
7.704,0.00400085,0.0015469,0.00248739
7.713,0.00400108,0.00154698,0.00248737
7.722,0.00399695,0.00154615,0.00248766
7.731,0.00400516,0.00154795,0.00248912
7.74,0.00399839,0.00154628,0.00248649
7.749,0.004001,0.00154697,0.00248728
7.758,0.00399662,0.00154627,0.00248724
7.767,0.00400124,0.0015468,0.00248704
7.776,0.00400062,0.00154672,0.00248734
7.785,0.0039995,0.0015469,0.00248813
7.794,0.00400423,0.00154775,0.00248822
7.803,0.00399594,0.00154545,0.00248617
7.812,0.00400741,0.00154835,0.00248859
7.821,0.00399279,0.00154571,0.00248687
7.83,0.00400191,0.00154716,0.0024875
7.839,0.00399789,0.00154601,0.00248673
7.848,0.00400167,0.001547,0.00248802
7.857,0.00400086,0.00154688,0.00248711
7.866,0.00399893,0.00154687,0.00248761
7.875,0.00400384,0.00154786,0.00248848
7.884,0.00399854,0.00154619,0.00248653
7.893,0.00399642,0.00154592,0.00248633
7.902,0.00400019,0.00154681,0.00248763
7.911,0.00400156,0.00154715,0.0024878
7.92,0.00400441,0.00154793,0.00248838
7.929,0.00399724,0.00154628,0.00248744
7.938,0.0039989,0.00154652,0.00248702
7.947,0.00400034,0.00154686,0.00248739
7.956,0.00399385,0.00154544,0.00248655
7.965,0.00400606,0.00154816,0.00248786
7.974,0.00400169,0.00154713,0.00248737
7.983,0.0040151,0.00154882,0.00248836
7.992,0.00332759,0.00105104,0.00180065
8.001,0.000999661,4.47363e-10,3.71323e-08
8.01,0.000997086,9.99066e-11,-4.04862e-10
8.019,0.00100019,1.00006e-10,2.62727e-11
8.028,0.001,9.99999e-11,9.12854e-15
8.037,0.001,9.99999e-11,7.12182e-20
8.046,0.001,9.99999e-11,-1.78866e-22
8.055,0.001,9.99999e-11,-1.66919e-23
8.064,0.001,9.99999e-11,7.54516e-23
8.073,0.001,9.99999e-11,1.17453e-22
8.082,0.001,9.99999e-11,1.61134e-22
8.091,0.001,9.99999e-11,5.29302e-23
8.1,0.001,9.99999e-11,2.46295e-22
8.109,0.001,9.99999e-11,6.86325e-23
8.118,0.001,9.99999e-11,-1.09118e-22
8.127,0.001,9.99999e-11,-1.00383e-22
8.136,0.001,9.99999e-11,-8.95713e-23
8.145,0.001,9.99999e-11,-1.58086e-23
8.154,0.001,9.99999e-11,7.5396e-23
8.163,0.001,9.99999e-11,1.17434e-22
8.172,0.001,9.99999e-11,1.61135e-22
8.181,0.001,9.99999e-11,5.29269e-23
8.19,0.001,9.99999e-11,2.46278e-22
8.199,0.001,9.99999e-11,6.88603e-23
8.208,0.001,9.99999e-11,-1.0956e-22
8.217,0.001,9.99999e-11,-1.05886e-22
8.226,0.001,9.99999e-11,-6.92521e-23
8.235,0.001,9.99999e-11,-7.75559e-24
8.244,0.001,9.99999e-11,7.09491e-23
8.253,0.001,9.99999e-11,1.16509e-22
8.262,0.001,9.99999e-11,1.61502e-22
8.271,0.001,9.99999e-11,6.29501e-23
8.28,0.001,9.99999e-11,-3.55481e-23
8.289,0.001,9.99999e-11,7.9674e-23
8.298,0.001,9.99999e-11,-9.84014e-23
8.307,0.001,9.99999e-11,-9.90091e-23
8.316,0.001,9.99999e-11,-6.7922e-23
8.325,0.001,9.99999e-11,-7.78356e-24
8.334,0.001,9.99999e-11,7.09617e-23
8.343,0.001,9.99999e-11,1.16511e-22
8.352,0.001,9.99999e-11,1.62904e-22
8.361,0.001,9.99999e-11,5.65422e-23
8.37,0.001,9.99999e-11,2.41442e-22
8.379,0.001,9.99999e-11,1.10822e-22
8.388,0.001,9.99999e-11,-1.02114e-22
8.397,0.001,9.99999e-11,-1.03536e-22
8.406,0.001,9.99999e-11,-9.0452e-23
8.415,0.001,9.99999e-11,-9.20775e-24
8.424,0.001,9.99999e-11,7.25385e-23
8.433,0.001,9.99999e-11,1.16495e-22
8.442,0.001,9.99999e-11,1.62912e-22
8.451,0.001,9.99999e-11,5.65959e-23
8.46,0.001,9.99999e-11,2.41445e-22
8.469,0.001,9.99999e-11,1.10814e-22
8.478,0.001,9.99999e-11,-1.02117e-22
8.487,0.001,9.99999e-11,-1.03456e-22
8.496,0.001,9.99999e-11,-9.10599e-23
8.505,0.001,9.99999e-11,-8.03176e-24
8.514,0.001,9.99999e-11,7.27957e-23
8.523,0.001,9.99999e-11,1.16574e-22
8.532,0.001,9.99999e-11,1.73791e-22
8.541,0.001,9.99999e-11,9.69187e-23
8.55,0.001,9.99999e-11,-5.50019e-23
8.559,0.001,9.99999e-11,7.9779e-23
8.568,0.001,9.99999e-11,-9.759e-23
8.577,0.001,9.99999e-11,-9.25197e-23
8.586,0.001,9.99999e-11,-8.71707e-23
8.595,0.001,9.99999e-11,-7.73231e-24
8.604,0.001,9.99999e-11,7.17635e-23
8.613,0.001,9.99999e-11,1.16644e-22
8.622,0.001,9.99999e-11,1.73793e-22
8.631,0.001,9.99999e-11,9.67772e-23
8.64,0.001,9.99999e-11,1.52035e-22
8.649,0.001,9.99999e-11,6.61425e-23
8.658,0.001,9.99999e-11,-1.0833e-22
8.667,0.001,9.99999e-11,-1.0018e-22
8.676,0.001,9.99999e-11,-9.10999e-23
8.685,0.001,9.99999e-11,-7.79278e-24
8.694,0.001,9.99999e-11,7.26636e-23
8.703,0.001,9.99999e-11,1.18824e-22
8.712,0.001,9.99999e-11,1.59058e-22
8.721,0.001,9.99999e-11,6.38361e-23
8.73,0.001,9.99999e-11,2.57154e-22
8.739,0.001,9.99999e-11,6.89977e-23
8.748,0.001,9.99999e-11,-1.09172e-22
8.757,0.001,9.99999e-11,-1.00102e-22
8.766,0.001,9.99999e-11,-9.10442e-23
8.775,0.001,9.99999e-11,-7.93638e-24
8.784,0.001,9.99999e-11,7.2689e-23
8.793,0.001,9.99999e-11,1.19654e-22
8.802,0.001,9.99999e-11,1.5913e-22
8.811,0.001,9.99999e-11,6.4039e-23
8.82,0.001,9.99999e-11,-3.48523e-23
8.829,0.001,9.99999e-11,7.96425e-23
8.838,0.001,9.99999e-11,-9.79043e-23
8.847,0.001,9.99999e-11,-9.232e-23
8.856,0.001,9.99999e-11,-1.0331e-22
8.865,0.001,9.99999e-11,3.78391e-24
8.874,0.001,9.99999e-11,7.29981e-23
8.883,0.001,9.99999e-11,1.15994e-22
8.892,0.001,9.99999e-11,1.61458e-22
8.901,0.001,9.99999e-11,6.29175e-23
8.91,0.001,9.99999e-11,-3.71246e-23
8.919,0.001,9.99999e-11,7.90007e-23
8.928,0.001,9.99999e-11,-1.07919e-22
8.937,0.001,9.99999e-11,-1.00065e-22
8.946,0.001,9.99999e-11,-1.05151e-22
8.955,0.001,9.99999e-11,2.49171e-24
8.964,0.001,9.99999e-11,7.46925e-23
8.973,0.001,9.99999e-11,1.17919e-22
8.982,0.001,9.99999e-11,1.58978e-22
8.991,0.001,9.99999e-11,5.78835e-23
9,0.001,9.99999e-11,5.00123e-22
