"arc_length"	"Density","EnergyStagnationDensity","Ma","|m_i|"
0	0.00549077	0.109519	1.84932e-08	3.39365e-10
0.00176777	0.00549244	0.109519	0.000258556	4.74592e-06
0.00353553	0.0054932	0.109519	0.000461563	8.47193e-06
0.0053033	0.00549307	0.10952	0.00060904	1.11783e-05
0.00707107	0.00549203	0.10952	0.000700987	1.28652e-05
0.00883884	0.00549084	0.10952	0.000904314	1.6594e-05
0.0106066	0.00548913	0.10952	0.00107269	1.96804e-05
0.0123744	0.00548692	0.10952	0.0012061	2.21242e-05
0.0141421	0.0054842	0.10952	0.00130456	2.39255e-05
0.0159099	0.00548238	0.109521	0.00148099	2.71557e-05
0.0176777	0.00548041	0.109521	0.00162964	2.98758e-05
0.0194454	0.00547828	0.109521	0.00175049	3.20858e-05
0.0212132	0.00547599	0.109521	0.00184356	3.37856e-05
0.022981	0.00547531	0.109522	0.0020044	3.67306e-05
0.0247487	0.00547472	0.109522	0.00214225	3.92546e-05
0.0265165	0.00547421	0.109523	0.00225712	4.13577e-05
0.0282843	0.00547379	0.109523	0.00234899	4.30399e-05
0.030052	0.0054751	0.109524	0.00250245	4.58576e-05
0.0318198	0.00547659	0.109524	0.00263689	4.83281e-05
0.0335876	0.00547825	0.109524	0.00275232	5.04513e-05
0.0353553	0.00547994	0.109525	0.0028588	5.24109e-05
0.0371231	0.00548295	0.109526	0.00301984	5.53797e-05
0.0388909	0.00548622	0.109526	0.00314798	5.77471e-05
0.0406586	0.00548962	0.109527	0.00325849	5.97924e-05
0.0424264	0.00549315	0.109527	0.00335136	6.15157e-05
0.0441942	0.00549704	0.109528	0.00350183	6.4302e-05
0.0459619	0.00550095	0.109528	0.0036388	6.68412e-05
0.0477297	0.00550489	0.109529	0.00376226	6.91333e-05
0.0494975	0.00550884	0.10953	0.00387221	7.11784e-05
0.0512652	0.00551271	0.10953	0.0040362	7.42205e-05
0.053033	0.00551651	0.109531	0.00419088	7.70921e-05
0.0548008	0.00552026	0.109532	0.00433627	7.97932e-05
0.0565685	0.00552394	0.109533	0.00447236	8.23238e-05
0.0583363	0.00552725	0.109533	0.00465885	8.5784e-05
0.0601041	0.00553046	0.109534	0.00484007	8.91474e-05
0.0618718	0.00553357	0.109535	0.00501603	9.24139e-05
0.0636396	0.00553658	0.109536	0.00518672	9.55837e-05
0.0654074	0.00553911	0.109536	0.00540467	9.96246e-05
0.0671751	0.00554156	0.109537	0.00562095	0.000103635
0.0689429	0.00554392	0.109538	0.00583557	0.000107615
0.0707107	0.00554611	0.109539	0.00603787	0.000111366
0.0724784	0.00554814	0.109539	0.00629409	0.000116115
0.0742462	0.00554994	0.10954	0.00655833	0.00012101
0.076014	0.00555169	0.109541	0.00682409	0.000125933
0.0777817	0.00555338	0.109542	0.00709137	0.000130885
0.0795495	0.00555485	0.109543	0.00739247	0.000136462
0.0813173	0.00555632	0.109544	0.00769688	0.000142101
0.083085	0.00555777	0.109545	0.0080046	0.000147802
0.0848528	0.00555923	0.109545	0.00831563	0.000153564
0.0866206	0.00556033	0.109546	0.00864767	0.000159713
0.0883883	0.00556149	0.109547	0.00898374	0.000165938
0.0901561	0.0055627	0.109548	0.00932384	0.000172239
0.0919239	0.00556396	0.109549	0.00966797	0.000178615
0.0936916	0.00556477	0.109549	0.010019	0.000185115
0.0954594	0.00556571	0.10955	0.0103741	0.000191694
0.0972272	0.00556676	0.109551	0.0107333	0.00019835
0.0989949	0.00556792	0.109552	0.0110966	0.000205085
0.100763	0.00556857	0.109553	0.0114516	0.000211658
0.10253	0.00556938	0.109554	0.0118103	0.000218306
0.104298	0.00557037	0.109554	0.0121729	0.000225028
0.106066	0.00557153	0.109555	0.0125284	0.000231625
0.107834	0.00557195	0.109556	0.0128637	0.000237833
0.109602	0.00557275	0.109556	0.0132121	0.000244292
0.111369	0.00557373	0.109557	0.0135636	0.000250814
0.113137	0.0055749	0.109558	0.0139183	0.000257401
0.114905	0.00557531	0.109559	0.0142207	0.000263003
0.116673	0.00557594	0.109559	0.0145255	0.000268655
0.11844	0.00557679	0.10956	0.0148326	0.000274358
0.120208	0.00557788	0.10956	0.0151422	0.000280111
0.121976	0.00557825	0.109561	0.0153962	0.00028482
0.123744	0.00557884	0.109562	0.0156519	0.000289566
0.125511	0.00557963	0.109562	0.0159093	0.00029435
0.127279	0.00558063	0.109563	0.0161684	0.00029917
0.129047	0.00558077	0.109563	0.0163694	0.000302893
0.130815	0.00558105	0.109564	0.0165715	0.000306641
0.132583	0.00558146	0.109564	0.0167746	0.000310411
0.13435	0.005582	0.109565	0.0169788	0.000314206
0.136118	0.00558131	0.109565	0.0171231	0.000316856
0.137886	0.00558062	0.109566	0.0172679	0.000319516
0.139654	0.00557992	0.109566	0.0174133	0.000322186
0.141421	0.00557775	0.109566	0.0175624	0.000324884
0.143189	0.00557464	0.109567	0.0176568	0.000326538
0.144957	0.00557252	0.109567	0.0177465	0.000328135
0.146725	0.00557024	0.109568	0.0178366	0.000329734
0.148492	0.0055678	0.109568	0.017927	0.000331334
0.15026	0.00556072	0.109568	0.0179722	0.000331958
0.152028	0.00555324	0.109569	0.0180174	0.000332569
0.153796	0.00554537	0.109569	0.0180627	0.000333169
0.155563	0.00553711	0.109569	0.018108	0.000333758
0.157331	0.0055257	0.10957	0.0181247	0.00033372
0.159099	0.00551425	0.10957	0.018142	0.000333693
0.160867	0.00550276	0.10957	0.0181601	0.000333678
0.162635	0.00549122	0.10957	0.0181789	0.000333674
0.164402	0.00547989	0.109571	0.0181868	0.000333474
0.16617	0.0054692	0.109571	0.0181967	0.000333331
0.167938	0.00545915	0.109571	0.0182087	0.000333244
0.169706	0.00544974	0.109572	0.0182226	0.000333213
0.171473	0.0054446	0.109572	0.0182428	0.000333426
0.173241	0.00544074	0.109573	0.0182663	0.000333737
0.175009	0.00543818	0.109573	0.0182931	0.000334148
0.176777	0.0054367	0.109574	0.018326	0.000334704
0.178544	0.00544211	0.109574	0.0183793	0.000335845
0.180312	0.00544911	0.109574	0.0184334	0.000337052
0.18208	0.00545745	0.109575	0.0184902	0.000338351
0.183848	0.00546714	0.109576	0.0185498	0.000339743
0.185616	0.00548285	0.109576	0.0186361	0.000341816
0.187383	0.0054995	0.109577	0.0187232	0.000343937
0.189151	0.00551709	0.109578	0.0188113	0.000346108
0.190919	0.00553562	0.109578	0.0189003	0.000348326
0.192687	0.00555943	0.109579	0.0190164	0.000351225
0.194454	0.00558399	0.10958	0.0191316	0.000354136
0.196222	0.00560929	0.109581	0.0192461	0.00035706
0.19799	0.00563533	0.109581	0.0193597	0.000359997
0.199758	0.00566673	0.109582	0.0195016	0.000363654
0.201525	0.00569886	0.109583	0.019641	0.000367294
0.203293	0.00573173	0.109585	0.019778	0.00037092
0.205061	0.00576533	0.109586	0.0199126	0.00037453
0.206829	0.00580501	0.109587	0.020077	0.000378933
0.208596	0.00584555	0.109588	0.0202373	0.000383297
0.210364	0.00588695	0.109589	0.0203938	0.000387623
0.212132	0.00592966	0.109591	0.0205487	0.000391971
0.2139	0.00597975	0.109592	0.0207385	0.000397278
0.215668	0.00603032	0.109594	0.0209197	0.000402448
0.217435	0.00608192	0.109595	0.0210954	0.000407556
0.219203	0.00613454	0.109597	0.0212654	0.000412602
0.220971	0.006197	0.109599	0.0214798	0.000418903
0.222739	0.00626069	0.1096	0.0216871	0.000425123
0.224506	0.00632563	0.109602	0.0218873	0.000431262
0.226274	0.00639181	0.109604	0.0220805	0.000437319
0.228042	0.00646886	0.109606	0.0223267	0.000444887
0.22981	0.00654731	0.109608	0.0225643	0.000452353
0.231577	0.00662714	0.109611	0.0227935	0.000459716
0.233345	0.00670837	0.109613	0.0230141	0.000466975
0.235113	0.00680117	0.109615	0.0232961	0.000476003
0.236881	0.00689543	0.109618	0.023568	0.000484899
0.238649	0.00699115	0.10962	0.0238297	0.000493663
0.240416	0.00708833	0.109623	0.0240812	0.000502296
0.242184	0.00719743	0.109626	0.0244014	0.000512936
0.243952	0.00730798	0.109629	0.0247094	0.000523402
0.24572	0.00741998	0.109632	0.0250052	0.000533696
0.247487	0.0075321	0.109635	0.0252893	0.000543782
0.249255	0.00765628	0.109639	0.0256537	0.00055622
0.251023	0.00778323	0.109642	0.0260034	0.000568482
0.252791	0.0079116	0.109645	0.0263387	0.000580522
0.254558	0.00804138	0.109649	0.0266596	0.00059234
0.256326	0.00818049	0.109652	0.0270733	0.000606806
0.258094	0.0083209	0.109656	0.0274715	0.00062102
0.259862	0.00846261	0.10966	0.027854	0.000634983
0.26163	0.00860561	0.109664	0.0282209	0.000648694
0.263397	0.00875891	0.109669	0.0286897	0.000665432
0.265165	0.00891346	0.109673	0.0291423	0.000681903
0.266933	0.00906928	0.109678	0.0295786	0.000698108
0.268701	0.00922635	0.109683	0.0299987	0.000714046
0.270468	0.00939494	0.109688	0.0305331	0.000733516
0.272236	0.00956479	0.109693	0.0310511	0.000752719
0.274004	0.00973589	0.109698	0.0315528	0.000771654
0.275772	0.00990824	0.109703	0.032038	0.000790323
0.277539	0.0100934	0.109709	0.0326523	0.000813141
0.279307	0.0102797	0.109715	0.0332503	0.000835698
0.281075	0.0104673	0.10972	0.0338318	0.000857992
0.282843	0.010656	0.109726	0.034397	0.000880024
0.28461	0.0108596	0.109733	0.0351056	0.000906911
0.286378	0.0110663	0.109739	0.0358024	0.000933746
0.288146	0.011274	0.109746	0.0364824	0.000960314
0.289914	0.0114826	0.109753	0.0371458	0.000986615
0.291682	0.0117109	0.10976	0.0379735	0.00101885
0.293449	0.0119403	0.109767	0.038787	0.00105091
0.295217	0.0121706	0.109775	0.0395864	0.00108279
0.296985	0.0124018	0.109782	0.0403716	0.0011145
0.298753	0.0126594	0.10979	0.041332	0.00115315
0.30052	0.012918	0.109798	0.0422799	0.0011917
0.302288	0.0131775	0.109807	0.0432154	0.00123015
0.304056	0.013438	0.109815	0.0441384	0.0012685
0.305824	0.0137322	0.109824	0.0452467	0.00131494
0.307591	0.0140275	0.109833	0.0463442	0.00136139
0.309359	0.0143241	0.109842	0.0474309	0.00140785
0.311127	0.0146218	0.109851	0.0485068	0.00145431
0.312895	0.0149625	0.109862	0.0497787	0.00151028
0.314663	0.015305	0.109872	0.0510417	0.00156642
0.31643	0.0156494	0.109882	0.0522958	0.00162271
0.318198	0.0159958	0.109892	0.053544	0.00167926
0.319966	0.0163969	0.109903	0.0549942	0.00174693
0.321734	0.0168018	0.109915	0.056436	0.00181497
0.323501	0.0172102	0.109927	0.0578716	0.00188342
0.325269	0.0176222	0.109938	0.0593008	0.00195229
0.327037	0.0181041	0.109951	0.0609401	0.0020344
0.328805	0.0185922	0.109964	0.0625769	0.00211731
0.330572	0.0190864	0.109977	0.0642113	0.00220105
0.33234	0.0195867	0.10999	0.0658433	0.0022856
0.334108	0.0201761	0.110005	0.0676873	0.00238582
0.335876	0.0207756	0.110019	0.069534	0.00248745
0.337643	0.0213853	0.110034	0.0713834	0.00259048
0.339411	0.0220051	0.110049	0.0732354	0.00269491
0.341179	0.0227381	0.110066	0.0753052	0.00281828
0.342947	0.0234864	0.110084	0.0773835	0.00294383
0.344715	0.02425	0.110101	0.0794702	0.00307155
0.346482	0.025029	0.110119	0.0815653	0.00320146
0.34825	0.025949	0.110139	0.0838839	0.00335424
0.350018	0.0268899	0.11016	0.0862159	0.00351009
0.351786	0.0278518	0.110181	0.0885615	0.00366899
0.353553	0.0288493	0.110202	0.0909398	0.00383273
0.355321	0.0300021	0.110226	0.0935235	0.00402185
0.357089	0.0311662	0.110251	0.0961021	0.00421294
0.358857	0.0323554	0.110275	0.098695	0.00440775
0.360624	0.0335696	0.1103	0.101302	0.00460628
0.362392	0.0349739	0.110328	0.104114	0.00483486
0.36416	0.0364028	0.110357	0.106934	0.00506721
0.365928	0.0378565	0.110387	0.109762	0.00530332
0.367696	0.0393349	0.110416	0.112597	0.00554318
0.369463	0.0409673	0.11045	0.115536	0.00580768
0.371231	0.0426162	0.110483	0.118466	0.00607471
0.372999	0.0442815	0.110517	0.121388	0.00634428
0.374767	0.0459633	0.110551	0.124302	0.0066164
0.376534	0.0477426	0.110588	0.127215	0.00690435
0.378302	0.0495274	0.110626	0.130105	0.00719311
0.38007	0.0513177	0.110663	0.13297	0.0074827
0.381838	0.0531135	0.110701	0.135813	0.00777311
0.383605	0.054952	0.110742	0.138581	0.00807062
0.385373	0.0567895	0.110784	0.141319	0.00836785
0.387141	0.0586259	0.110825	0.144028	0.00866481
0.388909	0.0604766	0.110868	0.146716	0.00896319
0.390676	0.0623655	0.110916	0.149346	0.00926837
0.392444	0.0642445	0.110964	0.151946	0.00957236
0.394212	0.0661272	0.111012	0.154528	0.0098769
0.39598	0.0680136	0.111062	0.157092	0.010182
0.397748	0.0700559	0.111118	0.159749	0.0105122
0.399515	0.0721303	0.111177	0.162425	0.0108476
0.401283	0.0742367	0.111236	0.16512	0.0111883
0.403051	0.0763752	0.111297	0.167835	0.0115342
0.404819	0.0787355	0.111366	0.170731	0.0119179
0.406586	0.081136	0.111437	0.173656	0.0123085
0.408354	0.0835767	0.111509	0.176609	0.0127061
0.410122	0.0860575	0.111583	0.179592	0.0131106
0.41189	0.088747	0.111664	0.182744	0.0135534
0.413657	0.0914668	0.111747	0.185914	0.0140021
0.415425	0.0942167	0.11183	0.189102	0.0144566
0.417193	0.0969968	0.111915	0.192308	0.0149169
0.418961	0.0999135	0.112005	0.19561	0.0154062
0.420729	0.102841	0.112095	0.198911	0.0158986
0.422496	0.10578	0.112185	0.20221	0.0163939
0.424264	0.108722	0.112275	0.205489	0.01689
0.426032	0.111736	0.112369	0.2088	0.0174057
0.4278	0.114758	0.112463	0.212106	0.0179239
0.429567	0.117781	0.112557	0.215399	0.0184432
0.431335	0.120807	0.112651	0.218677	0.0189636
0.433103	0.123901	0.112746	0.221964	0.0195012
0.434871	0.127007	0.112842	0.225246	0.0200416
0.436638	0.130125	0.112939	0.228525	0.0205847
0.438406	0.133255	0.113037	0.231798	0.0211306
0.440174	0.136506	0.113142	0.235137	0.0217037
0.441942	0.139778	0.113248	0.238481	0.0222812
0.443709	0.14307	0.113357	0.241829	0.0228633
0.445477	0.146384	0.113467	0.245182	0.0234499
0.447245	0.149855	0.113589	0.248634	0.0240711
0.449013	0.153349	0.113712	0.252094	0.0246976
0.450781	0.156868	0.113837	0.25556	0.0253293
0.452548	0.160411	0.113964	0.259034	0.0259663
0.454316	0.16412	0.1141	0.26261	0.0266403
0.456084	0.167848	0.114236	0.266189	0.0273188
0.457852	0.171596	0.114373	0.269772	0.0280018
0.459619	0.175364	0.114509	0.273361	0.0286896
0.461387	0.179272	0.114648	0.277043	0.0294118
0.463155	0.183189	0.114786	0.28072	0.0301369
0.464923	0.187117	0.114923	0.284393	0.030865
0.46669	0.191055	0.115059	0.288064	0.0315961
0.468458	0.195124	0.115204	0.291883	0.0323691
0.470226	0.199203	0.115351	0.29572	0.0331478
0.471994	0.20329	0.115501	0.299574	0.0339325
0.473762	0.207386	0.115654	0.303445	0.034723
0.475529	0.211619	0.11583	0.307503	0.0355644
0.477297	0.215861	0.11601	0.311583	0.0364129
0.479065	0.220112	0.116196	0.315683	0.0372686
0.480833	0.224372	0.116386	0.319804	0.0381313
0.4826	0.228777	0.116603	0.324075	0.039045
0.484368	0.233191	0.116823	0.328354	0.0399646
0.486136	0.237612	0.117049	0.33264	0.04089
0.487904	0.242043	0.117278	0.336933	0.0418213
0.489671	0.246624	0.117525	0.341284	0.0427936
0.491439	0.251212	0.117772	0.345621	0.0437687
0.493207	0.255805	0.118021	0.349944	0.0447465
0.494975	0.260404	0.118272	0.354253	0.045727
0.496743	0.265139	0.118526	0.358603	0.0467435
0.49851	0.269881	0.118776	0.36291	0.047758
0.500278	0.274627	0.119027	0.367212	0.0487758
0.502046	0.279376	0.119277	0.37151	0.049797
0.503814	0.284284	0.119536	0.375924	0.0508676
0.505581	0.289199	0.119796	0.380349	0.0519442
0.507349	0.294122	0.120057	0.384786	0.0530269
0.509117	0.299053	0.120318	0.389234	0.0541158
0.510885	0.304152	0.120585	0.393796	0.0552553
0.512652	0.309263	0.120851	0.398361	0.0564
0.51442	0.314383	0.121117	0.402929	0.05755
0.516188	0.319515	0.121382	0.4075	0.0587051
0.517956	0.324858	0.121656	0.412163	0.0599142
0.519723	0.330226	0.121932	0.416826	0.0611303
0.521491	0.335619	0.122211	0.421491	0.0623535
0.523259	0.341037	0.122491	0.426157	0.0635838
0.525027	0.346768	0.122805	0.430952	0.0648912
0.526795	0.352551	0.123129	0.435768	0.0662141
0.528562	0.358387	0.123463	0.440607	0.0675523
0.53033	0.364269	0.123798	0.445462	0.0689018
0.532098	0.370588	0.124193	0.450654	0.0703838
0.533866	0.376993	0.124613	0.455957	0.0719032
0.535633	0.383463	0.125042	0.461302	0.0734433
0.537401	0.39	0.12548	0.466687	0.0750042
0.539169	0.396976	0.125929	0.472331	0.0766801
0.540937	0.404012	0.126379	0.477999	0.0783721
0.542704	0.41111	0.12683	0.48369	0.0800803
0.544472	0.418268	0.127282	0.489405	0.0818046
0.54624	0.425897	0.127743	0.495352	0.0836475
0.548008	0.433598	0.128206	0.501317	0.0855081
0.549775	0.44137	0.128672	0.507299	0.0873864
0.551543	0.449213	0.12914	0.5133	0.0892823
0.553311	0.457596	0.129633	0.519495	0.0913084
0.555079	0.466062	0.130132	0.525696	0.0933533
0.556847	0.474612	0.130637	0.531903	0.095417
0.558614	0.483246	0.131146	0.538116	0.0974996
0.560382	0.492474	0.13169	0.54447	0.099718
0.56215	0.501786	0.132237	0.550826	0.101955
0.563918	0.511181	0.132788	0.557183	0.10421
0.565685	0.520671	0.133353	0.563633	0.106505
0.567453	0.53071	0.133938	0.57039	0.10896
0.569221	0.540794	0.134512	0.577048	0.111408
0.570989	0.55098	0.1351	0.583782	0.113894
0.572756	0.561267	0.135703	0.590592	0.11642
0.574524	0.572354	0.136412	0.59799	0.11923
0.576292	0.583555	0.137136	0.605428	0.122078
0.57806	0.594871	0.137875	0.612904	0.124964
0.579828	0.606301	0.138629	0.62042	0.127886
0.581595	0.618466	0.139451	0.628175	0.131024
0.583363	0.630726	0.140279	0.635911	0.134183
0.585131	0.643082	0.141113	0.643627	0.137365
0.586899	0.655534	0.141954	0.651324	0.140569
0.588666	0.668628	0.142823	0.65909	0.143935
0.590434	0.6818	0.143694	0.666839	0.147319
0.592202	0.695049	0.144565	0.67457	0.150722
0.59397	0.708377	0.145437	0.682285	0.154143
0.595737	0.722305	0.146328	0.690194	0.157745
0.597505	0.736304	0.147223	0.698144	0.16138
0.599273	0.750373	0.148122	0.706134	0.165046
0.601041	0.764535	0.149052	0.714243	0.168778
0.602809	0.779487	0.150035	0.722538	0.172737
0.604576	0.794557	0.15101	0.730734	0.176699
0.606344	0.809748	0.152009	0.738959	0.18071
0.608112	0.82506	0.153032	0.747215	0.18477
0.60988	0.8416	0.154215	0.755854	0.189228
0.611647	0.858296	0.155419	0.764544	0.193746
0.613415	0.875149	0.156644	0.773285	0.198324
0.615183	0.892158	0.157889	0.782076	0.202962
0.616951	0.910228	0.159231	0.7912	0.207952
0.618718	0.928416	0.160579	0.800356	0.212987
0.620486	0.946723	0.161934	0.809544	0.218068
0.622254	0.965149	0.163295	0.818763	0.223194
0.624022	0.984582	0.16471	0.828173	0.22862
0.62579	1.00416	0.16613	0.837581	0.23409
0.627557	1.02389	0.167557	0.846989	0.239601
0.629325	1.04376	0.16899	0.856395	0.245155
0.631093	1.06499	0.170516	0.865861	0.25106
0.632861	1.08649	0.172069	0.875322	0.257039
0.634628	1.10824	0.17365	0.884777	0.263089
0.636396	1.13021	0.175265	0.894233	0.269214
0.638164	1.15369	0.177011	0.90438	0.275914
0.639932	1.17752	0.178791	0.914639	0.282738
0.641699	1.20163	0.180613	0.925009	0.289685
0.643467	1.22603	0.182478	0.935488	0.296755
0.645235	1.25244	0.184539	0.946388	0.304483
0.647003	1.27916	0.186627	0.957296	0.312307
0.648771	1.30619	0.188745	0.96821	0.320227
0.650538	1.33353	0.190891	0.979132	0.328242
0.652306	1.36269	0.193164	0.990268	0.336815
0.654074	1.39211	0.195453	1.0014	0.345469
0.655842	1.42179	0.197757	1.01254	0.354203
0.657609	1.45173	0.200077	1.02367	0.363019
0.659377	1.48344	0.202518	1.03518	0.372445
0.661145	1.51544	0.204984	1.04673	0.381981
0.662913	1.54776	0.207476	1.05832	0.391627
0.66468	1.58037	0.209993	1.06994	0.401384
0.666448	1.61531	0.212733	1.08208	0.411994
0.668216	1.65079	0.215536	1.09421	0.422774
0.669984	1.68681	0.218401	1.10633	0.433723
0.671751	1.72317	0.221301	1.11811	0.444693
0.673519	1.76318	0.2246	1.13049	0.456945
0.675287	1.8036	0.227932	1.14347	0.469509
0.677055	1.84424	0.231297	1.15652	0.48221
0.678823	1.88509	0.234695	1.16966	0.49505
0.68059	1.92942	0.238353	1.18277	0.508879
0.682358	1.97431	0.242055	1.19587	0.522883
0.684126	2.01974	0.245802	1.20898	0.537063
0.685894	2.06571	0.249594	1.22208	0.551418
0.687661	2.11554	0.253695	1.2355	0.567023
0.689429	2.16601	0.257858	1.249	0.582869
0.691197	2.21711	0.262082	1.26257	0.598954
0.692965	2.26886	0.266367	1.27621	0.61528
0.694732	2.32496	0.271053	1.29055	0.633228
0.6965	2.38192	0.275826	1.30499	0.651494
0.698268	2.43973	0.280686	1.3195	0.67008
0.700036	2.49838	0.285633	1.3341	0.688984
0.701804	2.56263	0.291092	1.34936	0.709895
0.703571	2.628	0.296659	1.36461	0.731176
0.705339	2.6945	0.302334	1.37985	0.752826
0.707107	2.76411	0.308467	1.39363	0.775042
0.708875	2.83981	0.314086	1.41109	0.79924
0.710642	2.9099	0.320574	1.42695	0.823253
0.71241	2.98183	0.326835	1.44275	0.847307
0.714178	3.05559	0.332869	1.45849	0.8714
0.715946	3.14393	0.340536	1.47577	0.900799
0.717713	3.23305	0.34826	1.49302	0.930498
0.719481	3.32296	0.356044	1.51026	0.9605
0.721249	3.41366	0.363886	1.52748	0.990802
0.723017	3.50933	0.371863	1.54461	1.02256
0.724784	3.60537	0.379694	1.56166	1.05424
0.726552	3.70178	0.387377	1.57864	1.08585
0.72832	3.79856	0.394914	1.59554	1.1174
0.730088	3.91642	0.404458	1.61462	1.15642
0.731856	4.04027	0.41489	1.63442	1.19809
0.733623	4.17014	0.42621	1.65494	1.2424
0.735391	4.30601	0.438419	1.67617	1.28935
0.737159	4.49009	0.459279	1.70247	1.35988
0.738927	4.67845	0.482336	1.72982	1.43522
0.740694	4.8711	0.507593	1.75825	1.51539
0.742462	4.93641	0.502241	1.76748	1.52105
0.74423	4.99117	0.50456	1.77697	1.53734
0.745998	4.99117	0.49985	1.77255	1.52811
0.747765	4.99117	0.495144	1.76812	1.51888
0.749533	4.99117	0.490445	1.76367	1.50963
0.751301	4.73601	0.424352	1.73178	1.3545
0.753069	4.06518	0.373465	1.80035	1.23079
0.754836	3.34941	0.252269	1.49643	0.875135
0.756604	2.6336	0.14429	1.16024	0.561219
0.758372	1.91783	0.0495372	0.791832	0.289075
0.76014	1.20242	0.00287971	0.50525	0.0214937
0.761908	1.02081	3.58806e-06	0.0937709	0.000139394
0.763675	1.01405	2.42418e-06	0.0801175	0.000104509
0.765443	1.0073	1.26133e-06	0.0686904	7.63791e-05
0.767211	1.00055	9.93922e-08	0.0594886	5.50012e-05
0.768979	1.00017	2.51138e-08	0.000464478	5.50875e-08
0.770746	1.00004	2.50174e-08	0.000149839	1.77357e-08
0.772514	1.00001	2.50058e-08	0.0001498	1.77267e-08
0.774282	0.999986	2.49942e-08	0.000149761	1.77177e-08
0.77605	0.999959	2.49826e-08	0.000149721	1.77087e-08
0.777817	0.999974	2.49556e-08	0.000155436	1.83749e-08
0.779585	1.00001	2.50002e-08	3.85138e-06	4.55706e-10
0.781353	1	2.50001e-08	1.93698e-06	2.29189e-10
0.783121	1	2.5e-08	6.62359e-07	7.83719e-11
0.784889	1	2.5e-08	2.7382e-08	3.23988e-12
0.786656	1	2.5e-08	5.97044e-08	7.06432e-12
0.788424	1	2.5e-08	8.05116e-08	9.52626e-12
0.790192	1	2.5e-08	8.98016e-08	1.06255e-11
0.79196	1	2.5e-08	8.75753e-08	1.0362e-11
0.793727	1	2.5e-08	5.07755e-08	6.00783e-12
0.795495	1	2.5e-08	2.39298e-08	2.83141e-12
0.797263	1	2.5e-08	7.04024e-09	8.33013e-13
0.799031	1	2.5e-08	1.0694e-10	1.26533e-14
0.800798	1	2.5e-08	4.96813e-09	5.87837e-13
0.802566	1	2.5e-08	1.61731e-08	1.91362e-12
0.804334	1	2.5e-08	3.37228e-08	3.99014e-12
0.806102	1	2.5e-08	5.76158e-08	6.81719e-12
0.80787	1	2.5e-08	9.74968e-08	1.1536e-11
0.809637	1	2.5e-08	1.47643e-07	1.74694e-11
0.811405	1	2.5e-08	2.0806e-07	2.46179e-11
0.813173	1	2.5e-08	1.22055e-10	1.44417e-14
0.814941	1	2.5e-08	1.46362e-14	1.73178e-18
0.816708	1	2.5e-08	6.83088e-15	8.08241e-19
0.818476	1	2.5e-08	1.97892e-15	2.34148e-19
0.820244	1	2.5e-08	8.07498e-17	9.55445e-21
0.822012	1	2.5e-08	1.35073e-16	1.5982e-20
0.823779	1	2.5e-08	2.45596e-16	2.90594e-20
0.825547	1	2.5e-08	4.12331e-16	4.87877e-20
0.827315	1	2.5e-08	6.35262e-16	7.51652e-20
0.829083	1	2.5e-08	3.75861e-16	4.44725e-20
0.83085	1	2.5e-08	1.86602e-16	2.2079e-20
0.832618	1	2.5e-08	6.74659e-17	7.98268e-21
0.834386	1	2.5e-08	1.84644e-17	2.18474e-21
0.836154	1	2.5e-08	4.82383e-17	5.70763e-21
0.837922	1	2.5e-08	1.12036e-16	1.32563e-20
0.839689	1	2.5e-08	2.09864e-16	2.48314e-20
0.841457	1	2.5e-08	3.41719e-16	4.04328e-20
0.843225	1	2.5e-08	5.69035e-16	6.73292e-20
0.844993	1	2.5e-08	8.25133e-16	9.76311e-20
0.84676	1	2.5e-08	1.10999e-15	1.31336e-19
0.848528	1	2.5e-08	2.57411e-16	3.04573e-20
0.850296	1	2.5e-08	1.81673e-16	2.14958e-20
0.852064	1	2.5e-08	1.21621e-16	1.43904e-20
0.853831	1	2.5e-08	7.72629e-17	9.14186e-21
0.855599	1	2.5e-08	4.85927e-17	5.74957e-21
0.857367	1	2.5e-08	3.50338e-17	4.14525e-21
0.859135	1	2.5e-08	2.94209e-17	3.48113e-21
0.860902	1	2.5e-08	3.17546e-17	3.75725e-21
0.86267	1	2.5e-08	4.20351e-17	4.97366e-21
0.864438	1	2.5e-08	4.44923e-17	5.2644e-21
0.866206	1	2.5e-08	4.48575e-17	5.30761e-21
0.867974	1	2.5e-08	4.31304e-17	5.10326e-21
0.869741	1	2.5e-08	3.9311e-17	4.65134e-21
0.871509	1	2.5e-08	3.40391e-17	4.02756e-21
0.873277	1	2.5e-08	2.70349e-17	3.19881e-21
0.875045	1	2.5e-08	1.8299e-17	2.16516e-21
0.876812	1	2.5e-08	7.83054e-18	9.26522e-22
0.87858	1	2.5e-08	5.12102e-17	6.05927e-21
0.880348	1	2.5e-08	1.05672e-16	1.25033e-20
0.882116	1	2.5e-08	1.71212e-16	2.02581e-20
0.883883	1	2.5e-08	2.47835e-16	2.93242e-20
0.885651	1	2.5e-08	1.51375e-16	1.7911e-20
0.887419	1	2.5e-08	1.16998e-16	1.38433e-20
0.889187	1	2.5e-08	8.30285e-17	9.82406e-21
0.890955	1	2.5e-08	4.94716e-17	5.85355e-21
0.892722	1	2.5e-08	4.89498e-17	5.79182e-21
0.89449	1	2.5e-08	4.59552e-17	5.43749e-21
0.896258	1	2.5e-08	4.04874e-17	4.79054e-21
0.898026	1	2.5e-08	3.25471e-17	3.85102e-21
0.899793	1	2.5e-08	3.66285e-17	4.33395e-21
0.901561	1	2.5e-08	3.91179e-17	4.62849e-21
0.903329	1	2.5e-08	4.00153e-17	4.73467e-21
0.905097	1	2.5e-08	3.93207e-17	4.65249e-21
0.906864	1	2.5e-08	3.31276e-17	3.91972e-21
0.908632	1	2.5e-08	2.68035e-17	3.17143e-21
0.9104	1	2.5e-08	2.03477e-17	2.40757e-21
0.912168	1	2.5e-08	1.37608e-17	1.6282e-21
0.913936	1	2.5e-08	5.59136e-17	6.61579e-21
0.915703	1	2.5e-08	8.2603e-17	9.77372e-21
0.917471	1	2.5e-08	9.38315e-17	1.11023e-20
0.919239	1	2.5e-08	2.67106e-16	3.16044e-20
0.921007	1	2.5e-08	1.98235e-16	2.34555e-20
0.922774	1	2.5e-08	1.30421e-16	1.54316e-20
0.924542	1	2.5e-08	7.28947e-17	8.62502e-21
0.92631	1	2.5e-08	2.56634e-17	3.03654e-21
0.928078	1	2.5e-08	2.60009e-17	3.07647e-21
0.929845	1	2.5e-08	2.89213e-17	3.42202e-21
0.931613	1	2.5e-08	3.44243e-17	4.07314e-21
0.933381	1	2.5e-08	4.25104e-17	5.0299e-21
0.935149	1	2.5e-08	4.14132e-17	4.90008e-21
0.936917	1	2.5e-08	4.03666e-17	4.77624e-21
0.938684	1	2.5e-08	3.93705e-17	4.65838e-21
0.940452	1	2.5e-08	3.8425e-17	4.54651e-21
0.94222	1	2.5e-08	3.92657e-17	4.64598e-21
0.943988	1	2.5e-08	4.0521e-17	4.7945e-21
0.945755	1	2.5e-08	4.21907e-17	4.99207e-21
0.947523	1	2.5e-08	4.4275e-17	5.23869e-21
0.949291	1	2.5e-08	6.32832e-17	7.48777e-21
0.951059	1	2.5e-08	8.12897e-17	9.61833e-21
0.952826	1	2.5e-08	9.8293e-17	1.16302e-20
0.954594	1	2.5e-08	3.17317e-16	3.75455e-20
0.956362	1	2.5e-08	1.7128e-16	2.02661e-20
0.95813	1	2.5e-08	1.28506e-16	1.5205e-20
0.959897	1	2.5e-08	8.58259e-17	1.01551e-20
0.961665	1	2.5e-08	4.32357e-17	5.11572e-21
0.963433	1	2.5e-08	5.59476e-17	6.61982e-21
0.965201	1	2.5e-08	6.72762e-17	7.96022e-21
0.966968	1	2.5e-08	7.72201e-17	9.13681e-21
0.968736	1	2.5e-08	8.57805e-17	1.01497e-20
0.970504	1	2.5e-08	7.39123e-17	8.74542e-21
0.972272	1	2.5e-08	6.97137e-17	8.24864e-21
0.97404	1	2.5e-08	7.31855e-17	8.65943e-21
0.975807	1	2.5e-08	8.43271e-17	9.97771e-21
0.977575	1	2.5e-08	6.91151e-17	8.17781e-21
0.979343	1	2.5e-08	5.49278e-17	6.49914e-21
0.981111	1	2.5e-08	4.17636e-17	4.94153e-21
0.982878	1	2.5e-08	2.96239e-17	3.50514e-21
0.984646	1	2.5e-08	6.75528e-17	7.99296e-21
0.986414	1	2.5e-08	9.56985e-17	1.13232e-20
0.988182	1	2.5e-08	1.14063e-16	1.34962e-20
0.989949	1	2.5e-08	3.43863e-16	4.06864e-20
0.991717	1	2.5e-08	2.56353e-16	3.03321e-20
0.993485	1	2.5e-08	1.73659e-16	2.05476e-20
0.995253	1	2.5e-08	9.95526e-17	1.17792e-20
0.997021	1	2.5e-08	3.40413e-17	4.02782e-21
0.998788	1	2.5e-08	4.71631e-17	5.58041e-21
1.00056	1	2.5e-08	5.51956e-17	6.53083e-21
1.00232	1	2.5e-08	5.81397e-17	6.87919e-21
1.00409	1	2.5e-08	5.59951e-17	6.62544e-21
1.00586	1	2.5e-08	5.82205e-17	6.88874e-21
1.00763	1	2.5e-08	6.29019e-17	7.44265e-21
1.00939	1	2.5e-08	7.00398e-17	8.28722e-21
1.01116	1	2.5e-08	7.96336e-17	9.42237e-21
1.01293	1	2.5e-08	7.65267e-17	9.05476e-21
1.0147	1	2.5e-08	7.29108e-17	8.62693e-21
1.01647	1	2.5e-08	6.87855e-17	8.13882e-21
1.01823	1	2.5e-08	6.4151e-17	7.59045e-21
1.02	1	2.5e-08	8.49218e-17	1.00481e-20
1.02177	1	2.5e-08	1.0719e-16	1.26829e-20
1.02354	1	2.5e-08	1.30953e-16	1.54946e-20
1.0253	1	2.5e-08	1.62306e-16	1.92043e-20
1.02707	1	2.5e-08	1.27074e-16	1.50356e-20
1.02884	1	2.5e-08	1.2495e-16	1.47842e-20
1.03061	1	2.5e-08	1.20752e-16	1.42876e-20
1.03238	1	2.5e-08	1.14482e-16	1.35456e-20
1.03414	1	2.5e-08	9.38453e-17	1.11039e-20
1.03591	1	2.5e-08	7.59486e-17	8.98636e-21
1.03768	1	2.5e-08	6.0793e-17	7.19313e-21
1.03945	1	2.5e-08	4.83773e-17	5.72408e-21
1.04121	1	2.5e-08	4.68772e-17	5.54659e-21
1.04298	1	2.5e-08	4.8686e-17	5.7606e-21
1.04475	1	2.5e-08	5.38035e-17	6.36612e-21
1.04652	1	2.5e-08	6.22302e-17	7.36318e-21
1.04829	1	2.5e-08	5.63272e-17	6.66473e-21
1.05005	1	2.5e-08	4.86355e-17	5.75463e-21
1.05182	1	2.5e-08	3.91557e-17	4.63297e-21
1.05359	1	2.5e-08	2.78871e-17	3.29964e-21
1.05536	1	2.5e-08	8.52588e-17	1.0088e-20
1.05712	1	2.5e-08	1.57941e-16	1.86878e-20
1.05889	1	2.5e-08	2.45927e-16	2.90985e-20
1.06066	1	2.5e-08	2.09394e-16	2.47758e-20
1.06243	1	2.5e-08	1.60141e-16	1.89481e-20
1.0642	1	2.5e-08	1.26848e-16	1.50088e-20
1.06596	1	2.5e-08	9.22734e-17	1.09179e-20
1.06773	1	2.5e-08	5.64217e-17	6.67591e-21
1.0695	1	2.5e-08	5.5636e-17	6.58294e-21
1.07127	1	2.5e-08	5.73657e-17	6.7876e-21
1.07303	1	2.5e-08	6.1611e-17	7.28991e-21
1.0748	1	2.5e-08	6.83715e-17	8.08983e-21
1.07657	1	2.5e-08	5.70369e-17	6.7487e-21
1.07834	1	2.5e-08	4.71233e-17	5.57571e-21
1.08011	1	2.5e-08	3.86299e-17	4.57075e-21
1.08187	1	2.5e-08	3.15574e-17	3.73393e-21
1.08364	1	2.5e-08	3.55821e-17	4.21013e-21
1.08541	1	2.5e-08	4.14564e-17	4.90519e-21
1.08718	1	2.5e-08	4.9181e-17	5.81917e-21
1.08894	1	2.5e-08	5.8755e-17	6.95199e-21
1.09071	1	2.5e-08	9.73843e-17	1.15227e-20
1.09248	1	2.5e-08	1.54061e-16	1.82288e-20
1.09425	1	2.5e-08	2.28791e-16	2.70709e-20
1.09602	1	2.5e-08	2.01246e-16	2.38117e-20
1.09778	1	2.5e-08	3.86993e-16	4.57896e-20
1.09955	1	2.5e-08	2.52128e-16	2.98322e-20
1.10132	1	2.5e-08	1.41241e-16	1.67118e-20
1.10309	1	2.5e-08	5.43399e-17	6.42959e-21
1.10485	1	2.5e-08	6.25539e-17	7.40148e-21
1.10662	1	2.5e-08	6.84661e-17	8.10102e-21
1.10839	1	2.5e-08	7.20765e-17	8.52821e-21
1.11016	1	2.5e-08	7.33853e-17	8.68307e-21
1.11193	1	2.5e-08	6.88382e-17	8.14504e-21
1.11369	1	2.5e-08	6.42639e-17	7.60381e-21
1.11546	1	2.5e-08	5.9663e-17	7.05942e-21
1.11723	1	2.5e-08	5.50349e-17	6.51182e-21
1.119	1	2.5e-08	5.30992e-17	6.28278e-21
1.12076	1	2.5e-08	4.69185e-17	5.55148e-21
1.12253	1	2.5e-08	3.64937e-17	4.31799e-21
1.1243	1	2.5e-08	2.18236e-17	2.5822e-21
1.12607	1	2.5e-08	1.0644e-16	1.25941e-20
1.12784	1	2.5e-08	2.20238e-16	2.60589e-20
1.1296	1	2.5e-08	3.63208e-16	4.29753e-20
1.13137	1	2.5e-08	2.70375e-16	3.19912e-20
1.13314	1	2.5e-08	2.70765e-16	3.20373e-20
1.13491	1	2.5e-08	1.85084e-16	2.18995e-20
1.13667	1	2.5e-08	9.96616e-17	1.17921e-20
1.13844	1	2.5e-08	1.44879e-17	1.71423e-21
1.14021	1	2.5e-08	2.43969e-17	2.88668e-21
1.14198	1	2.5e-08	2.95764e-17	3.49953e-21
1.14375	1	2.5e-08	3.0026e-17	3.55273e-21
1.14551	1	2.5e-08	2.57457e-17	3.04627e-21
1.14728	1	2.5e-08	3.10445e-17	3.67324e-21
1.14905	1	2.5e-08	4.02784e-17	4.7658e-21
1.15082	1	2.5e-08	5.34471e-17	6.32394e-21
1.15258	1	2.5e-08	7.05497e-17	8.34755e-21
1.15435	1	2.5e-08	7.28688e-17	8.62195e-21
1.15612	1	2.5e-08	7.72024e-17	9.13471e-21
1.15789	1	2.5e-08	8.3551e-17	9.88589e-21
1.15966	1	2.5e-08	9.19139e-17	1.08754e-20
1.16142	1	2.5e-08	1.34932e-16	1.59654e-20
1.16319	1	2.5e-08	2.2422e-16	2.65301e-20
1.16496	1	2.5e-08	3.59785e-16	4.25703e-20
1.16673	1	2.5e-08	2.66148e-16	3.1491e-20
1.16849	1	2.5e-08	3.18022e-16	3.76288e-20
1.17026	1	2.5e-08	1.77597e-16	2.10135e-20
1.17203	1	2.5e-08	7.90456e-17	9.3528e-21
1.1738	1	2.5e-08	2.23776e-17	2.64775e-21
1.17557	1	2.5e-08	3.46531e-17	4.10021e-21
1.17733	1	2.5e-08	4.0478e-17	4.78942e-21
1.1791	1	2.5e-08	3.98529e-17	4.71546e-21
1.18087	1	2.5e-08	3.27778e-17	3.87832e-21
1.18264	1	2.5e-08	3.02367e-17	3.57765e-21
1.1844	1	2.5e-08	2.69843e-17	3.19283e-21
1.18617	1	2.5e-08	2.30205e-17	2.72382e-21
1.18794	1	2.5e-08	1.83455e-17	2.17066e-21
1.18971	1	2.5e-08	1.91334e-17	2.26389e-21
1.19147	1	2.5e-08	2.12063e-17	2.50916e-21
1.19324	1	2.5e-08	2.45644e-17	2.9065e-21
1.19501	1	2.5e-08	2.92076e-17	3.45589e-21
1.19678	1	2.5e-08	5.60864e-17	6.63624e-21
1.19855	1	2.5e-08	8.69947e-17	1.02934e-20
1.20031	1	2.5e-08	1.21929e-16	1.44269e-20
1.20208	1	2.5e-08	5.76194e-16	6.81762e-20
1.20385	1	2.5e-08	3.11168e-16	3.68179e-20
1.20562	1	2.5e-08	1.77465e-16	2.0998e-20
1.20738	1	2.5e-08	8.42386e-17	9.96724e-21
1.20915	1	2.5e-08	3.14792e-17	3.72467e-21
1.21092	1	2.5e-08	4.1072e-17	4.8597e-21
1.21269	1	2.5e-08	4.4789e-17	5.29951e-21
1.21446	1	2.5e-08	4.26299e-17	5.04404e-21
1.21622	1	2.5e-08	3.45945e-17	4.09327e-21
1.21799	1	2.5e-08	4.39002e-17	5.19435e-21
1.21976	1	2.5e-08	5.35367e-17	6.33454e-21
1.22153	1	2.5e-08	6.35028e-17	7.51375e-21
1.22329	1	2.5e-08	7.37996e-17	8.73208e-21
1.22506	1	2.5e-08	7.40633e-17	8.76328e-21
1.22683	1	2.5e-08	7.56764e-17	8.95416e-21
1.2286	1	2.5e-08	7.8639e-17	9.30469e-21
1.23037	1	2.5e-08	8.29511e-17	9.81491e-21
1.23213	1	2.5e-08	1.13594e-16	1.34407e-20
1.2339	1	2.5e-08	1.38015e-16	1.63301e-20
1.23567	1	2.5e-08	1.5621e-16	1.8483e-20
1.23744	1	2.5e-08	3.21938e-16	3.80922e-20
1.2392	1	2.5e-08	2.671e-16	3.16037e-20
1.24097	1	2.5e-08	1.94376e-16	2.29988e-20
1.24274	1	2.5e-08	1.2879e-16	1.52386e-20
1.24451	1	2.5e-08	7.0349e-17	8.32381e-21
1.24628	1	2.5e-08	7.69509e-17	9.10495e-21
1.24804	1	2.5e-08	7.90425e-17	9.35243e-21
1.24981	1	2.5e-08	7.6624e-17	9.06627e-21
1.25158	1	2.5e-08	6.96956e-17	8.24649e-21
1.25335	1	2.5e-08	5.88038e-17	6.95776e-21
1.25511	1	2.5e-08	4.82324e-17	5.70693e-21
1.25688	1	2.5e-08	3.79802e-17	4.49388e-21
1.25865	1	2.5e-08	2.80483e-17	3.31872e-21
1.26042	1	2.5e-08	4.52394e-17	5.3528e-21
1.26219	1	2.5e-08	5.15372e-17	6.09796e-21
1.26395	1	2.5e-08	4.69422e-17	5.55428e-21
1.26572	1	2.5e-08	3.14549e-17	3.7218e-21
1.26749	1	2.5e-08	1.32278e-16	1.56513e-20
1.26926	1	2.5e-08	3.21984e-16	3.80977e-20
1.27102	1	2.5e-08	6.00593e-16	7.10631e-20
1.27279	1	2.5e-08	6.99434e-16	8.27582e-20
1.27456	1	2.5e-08	4.87061e-16	5.76299e-20
1.27633	1	2.5e-08	3.20099e-16	3.78746e-20
1.2781	1	2.5e-08	1.98532e-16	2.34906e-20
1.27986	1	2.5e-08	1.22371e-16	1.44791e-20
1.28163	1	2.5e-08	8.97907e-17	1.06242e-20
1.2834	1	2.5e-08	6.39206e-17	7.56318e-21
1.28517	1	2.5e-08	4.47612e-17	5.29621e-21
1.28693	1	2.5e-08	3.23107e-17	3.82306e-21
1.2887	1	2.5e-08	3.40847e-17	4.03296e-21
1.29047	1	2.5e-08	3.57518e-17	4.23021e-21
1.29224	1	2.5e-08	3.73119e-17	4.4148e-21
1.29401	1	2.5e-08	3.87651e-17	4.58675e-21
1.29577	1	2.5e-08	5.67212e-17	6.71134e-21
1.29754	1	2.5e-08	6.44692e-17	7.6281e-21
1.29931	1	2.5e-08	6.20085e-17	7.33694e-21
1.30108	1	2.5e-08	4.93387e-17	5.83783e-21
1.30284	1	2.5e-08	1.15414e-16	1.3656e-20
1.30461	1	2.5e-08	2.42754e-16	2.8723e-20
1.30638	1	2.5e-08	4.31346e-16	5.10376e-20
1.30815	1	2.5e-08	6.03905e-16	7.1455e-20
1.30992	1	2.5e-08	6.18254e-16	7.31528e-20
1.31168	1	2.5e-08	3.57039e-16	4.22454e-20
1.31345	1	2.5e-08	1.6568e-16	1.96036e-20
1.31522	1	2.5e-08	4.41597e-17	5.22504e-21
1.31699	1	2.5e-08	6.12064e-17	7.24204e-21
1.31875	1	2.5e-08	9.38782e-17	1.11078e-20
1.32052	1	2.5e-08	1.42172e-16	1.6822e-20
1.32229	1	2.5e-08	2.06092e-16	2.43852e-20
1.32406	1	2.5e-08	2.12519e-16	2.51456e-20
1.32583	1	2.5e-08	2.23683e-16	2.64666e-20
1.32759	1	2.5e-08	2.39584e-16	2.8348e-20
1.32936	1	2.5e-08	2.60221e-16	3.07898e-20
1.33113	1	2.5e-08	1.95622e-16	2.31463e-20
1.3329	1	2.5e-08	1.4369e-16	1.70016e-20
1.33466	1	2.5e-08	1.04421e-16	1.23553e-20
1.33643	1	2.5e-08	7.78191e-17	9.20769e-21
1.3382	1	2.5e-08	1.70062e-16	2.0122e-20
1.33997	1	2.5e-08	2.60188e-16	3.07858e-20
1.34174	1	2.5e-08	3.48206e-16	4.12003e-20
1.3435	1	2.5e-08	1.11669e-15	1.32129e-19
1.34527	1	2.5e-08	3.56448e-16	4.21755e-20
1.34704	1	2.5e-08	2.09092e-16	2.47402e-20
1.34881	1	2.5e-08	9.83915e-17	1.16418e-20
1.35057	1	2.5e-08	2.43556e-17	2.8818e-21
1.35234	1	2.5e-08	4.23122e-17	5.00644e-21
1.35411	1	2.5e-08	5.40888e-17	6.39988e-21
1.35588	1	2.5e-08	5.96868e-17	7.06224e-21
1.35765	1	2.5e-08	5.91056e-17	6.99347e-21
1.35941	1	2.5e-08	6.13033e-17	7.2535e-21
1.36118	1	2.5e-08	6.66269e-17	7.8834e-21
1.36295	1	2.5e-08	7.5077e-17	8.88323e-21
1.36472	1	2.5e-08	8.66528e-17	1.02529e-20
1.36648	1	2.5e-08	8.51067e-17	1.007e-20
1.36825	1	2.5e-08	7.80769e-17	9.23818e-21
1.37002	1	2.5e-08	6.55627e-17	7.75748e-21
1.37179	1	2.5e-08	4.75643e-17	5.62789e-21
1.37355	1	2.5e-08	1.6848e-16	1.99348e-20
1.37532	1	2.5e-08	3.38111e-16	4.00059e-20
1.37709	1	2.5e-08	5.56443e-16	6.58392e-20
1.37886	1	2.5e-08	4.70149e-16	5.56288e-20
1.38063	1	2.5e-08	2.10228e-16	2.48746e-20
1.38239	1	2.5e-08	1.60748e-16	1.90199e-20
1.38416	1	2.5e-08	9.61784e-17	1.138e-20
1.38593	1	2.5e-08	1.65144e-17	1.954e-21
1.3877	1	2.5e-08	4.8868e-17	5.78214e-21
1.38946	1	2.5e-08	7.58498e-17	8.97467e-21
1.39123	1	2.5e-08	9.74572e-17	1.15313e-20
1.393	1	2.5e-08	1.13692e-16	1.34523e-20
1.39477	1	2.5e-08	1.03319e-16	1.22249e-20
1.39654	1	2.5e-08	9.72292e-17	1.15043e-20
1.3983	1	2.5e-08	9.54229e-17	1.12906e-20
1.40007	1	2.5e-08	9.79e-17	1.15837e-20
1.40184	1	2.5e-08	8.39795e-17	9.93659e-21
1.40361	1	2.5e-08	8.0706e-17	9.54926e-21
1.40537	1	2.5e-08	8.80798e-17	1.04217e-20
1.40714	1	2.5e-08	1.06102e-16	1.25541e-20
1.40891	1	2.5e-08	2.11581e-16	2.50346e-20
1.41068	1	2.5e-08	3.97336e-16	4.70134e-20
1.41245	1	2.5e-08	6.63347e-16	7.84883e-20
1.41421	1	2.5e-08	2.58474e-16	3.0583e-20
1.41598	1	2.5e-08	3.06941e-16	3.63178e-20
1.41775	1	2.5e-08	2.078e-16	2.45873e-20
1.41952	1	2.5e-08	1.2303e-16	1.45571e-20
1.42128	1	2.5e-08	5.26126e-17	6.22521e-21
1.42305	1	2.5e-08	4.0609e-17	4.80493e-21
1.42482	1	2.5e-08	3.37722e-17	3.99598e-21
1.42659	1	2.5e-08	3.21021e-17	3.79837e-21
1.42836	1	2.5e-08	3.55983e-17	4.21205e-21
1.43012	1	2.5e-08	4.05663e-17	4.79987e-21
1.43189	1	2.5e-08	4.19194e-17	4.95997e-21
1.43366	1	2.5e-08	3.9658e-17	4.6924e-21
1.43543	1	2.5e-08	3.37818e-17	3.99712e-21
1.43719	1	2.5e-08	3.48591e-17	4.12458e-21
1.43896	1	2.5e-08	3.94627e-17	4.66929e-21
1.44073	1	2.5e-08	4.75918e-17	5.63114e-21
1.4425	1	2.5e-08	5.92478e-17	7.01029e-21
1.44427	1	2.5e-08	1.34605e-16	1.59267e-20
1.44603	1	2.5e-08	2.30069e-16	2.72221e-20
1.4478	1	2.5e-08	3.45627e-16	4.08952e-20
1.44957	1	2.5e-08	7.35004e-16	8.69668e-20
1.45134	1	2.5e-08	2.33084e-16	2.75789e-20
1.4531	1	2.5e-08	1.66411e-16	1.96901e-20
1.45487	1	2.5e-08	1.08612e-16	1.28511e-20
1.45664	1	2.5e-08	5.96735e-17	7.06067e-21
1.45841	1	2.5e-08	5.58368e-17	6.6067e-21
1.46018	1	2.5e-08	6.29378e-17	7.4469e-21
1.46194	1	2.5e-08	8.09765e-17	9.58127e-21
1.46371	1	2.5e-08	1.0995e-16	1.30094e-20
1.46548	1	2.5e-08	1.162e-16	1.37489e-20
1.46725	1	2.5e-08	1.20788e-16	1.42919e-20
1.46901	1	2.5e-08	1.23716e-16	1.46383e-20
1.47078	1	2.5e-08	1.24982e-16	1.4788e-20
1.47255	1	2.5e-08	8.55052e-17	1.01171e-20
1.47432	1	2.5e-08	6.10347e-17	7.22173e-21
1.47609	1	2.5e-08	5.15704e-17	6.10189e-21
1.47785	1	2.5e-08	5.71109e-17	6.75746e-21
1.47962	1	2.5e-08	1.20978e-16	1.43143e-20
1.48139	1	2.5e-08	1.97229e-16	2.33365e-20
1.48316	1	2.5e-08	2.85866e-16	3.38241e-20
1.48492	1	2.5e-08	4.74221e-16	5.61106e-20
1.48669	1	2.5e-08	3.13165e-16	3.70542e-20
1.48846	1	2.5e-08	1.88548e-16	2.23093e-20
1.49023	1	2.5e-08	1.0037e-16	1.1876e-20
1.492	1	2.5e-08	4.86351e-17	5.75458e-21
1.49376	1	2.5e-08	4.92576e-17	5.82823e-21
1.49553	1	2.5e-08	4.8837e-17	5.77847e-21
1.4973	1	2.5e-08	4.73733e-17	5.60528e-21
1.49907	1	2.5e-08	4.48667e-17	5.30871e-21
1.50083	1	2.5e-08	4.61819e-17	5.46432e-21
1.5026	1	2.5e-08	4.84263e-17	5.72988e-21
1.50437	1	2.5e-08	5.15998e-17	6.10537e-21
1.50614	1	2.5e-08	5.57024e-17	6.5908e-21
1.50791	1	2.5e-08	7.42431e-17	8.78457e-21
1.50967	1	2.5e-08	8.73978e-17	1.0341e-20
1.51144	1	2.5e-08	9.51644e-17	1.126e-20
1.51321	1	2.5e-08	9.7543e-17	1.15414e-20
1.51498	1	2.5e-08	1.24462e-16	1.47265e-20
1.51674	1	2.5e-08	1.47093e-16	1.74043e-20
1.51851	1	2.5e-08	1.65435e-16	1.95746e-20
1.52028	1	2.5e-08	1.3058e-15	1.54504e-19
1.52205	1	2.5e-08	7.02713e-16	8.31462e-20
1.52382	1	2.5e-08	4.02869e-16	4.76681e-20
1.52558	1	2.5e-08	2.00221e-16	2.36905e-20
1.52735	1	2.5e-08	9.47703e-17	1.12134e-20
1.52912	1	2.5e-08	7.90042e-17	9.3479e-21
1.53089	1	2.5e-08	8.30498e-17	9.82659e-21
1.53265	1	2.5e-08	1.0691e-16	1.26497e-20
1.53442	1	2.5e-08	1.50584e-16	1.78173e-20
1.53619	1	2.5e-08	1.27424e-16	1.5077e-20
1.53796	1	2.5e-08	1.03615e-16	1.22599e-20
1.53973	1	2.5e-08	7.91594e-17	9.36627e-21
1.54149	1	2.5e-08	5.40568e-17	6.39609e-21
1.54326	1	2.5e-08	7.8737e-17	9.31629e-21
1.54503	1	2.5e-08	9.18427e-17	1.0867e-20
1.5468	1	2.5e-08	9.33709e-17	1.10478e-20
1.54856	1	2.5e-08	8.33218e-17	9.85876e-21
1.55033	1	2.5e-08	1.8316e-16	2.16718e-20
1.5521	1	2.5e-08	2.74891e-16	3.25255e-20
1.55387	1	2.5e-08	3.58532e-16	4.24221e-20
1.55563	1	2.5e-08	4.34074e-16	5.13603e-20
1.5574	1	2.5e-08	2.8506e-16	3.37287e-20
1.55917	1	2.5e-08	1.8764e-16	2.22018e-20
1.56094	1	2.5e-08	1.10495e-16	1.30739e-20
1.56271	1	2.5e-08	5.36348e-17	6.34615e-21
1.56447	1	2.5e-08	6.23898e-17	7.38206e-21
1.56624	1	2.5e-08	7.31463e-17	8.65479e-21
1.56801	1	2.5e-08	8.59064e-17	1.01646e-20
1.56978	1	2.5e-08	1.00669e-16	1.19113e-20
1.57154	1	2.5e-08	7.94115e-17	9.3961e-21
1.57331	1	2.5e-08	6.0313e-17	7.13633e-21
1.57508	1	2.5e-08	4.33698e-17	5.13158e-21
1.57685	1	2.5e-08	2.85838e-17	3.38208e-21
1.57862	1	2.5e-08	5.87273e-17	6.94871e-21
1.58038	1	2.5e-08	7.47314e-17	8.84234e-21
1.58215	1	2.5e-08	7.65992e-17	9.06334e-21
1.58392	1	2.5e-08	6.43285e-17	7.61145e-21
1.58569	1	2.5e-08	1.51645e-16	1.79429e-20
1.58745	1	2.5e-08	2.7979e-16	3.31052e-20
1.58922	1	2.5e-08	4.48788e-16	5.31013e-20
1.59099	1	2.5e-08	1.01062e-15	1.19578e-19
1.59276	1	2.5e-08	2.37051e-16	2.80482e-20
1.59453	1	2.5e-08	2.02266e-16	2.39324e-20
1.59629	1	2.5e-08	1.37756e-16	1.62995e-20
1.59806	1	2.5e-08	4.35094e-17	5.1481e-21
1.59983	1	2.5e-08	6.96431e-17	8.24029e-21
1.6016	1	2.5e-08	9.08808e-17	1.07532e-20
1.60336	1	2.5e-08	1.07221e-16	1.26866e-20
1.60513	1	2.5e-08	1.18667e-16	1.40408e-20
1.6069	1	2.5e-08	8.94108e-17	1.05792e-20
1.60867	1	2.5e-08	6.65524e-17	7.87458e-21
1.61044	1	2.5e-08	5.00929e-17	5.92707e-21
1.6122	1	2.5e-08	4.00291e-17	4.73631e-21
1.61397	1	2.5e-08	7.28979e-17	8.62539e-21
1.61574	1	2.5e-08	9.71878e-17	1.14994e-20
1.61751	1	2.5e-08	1.12898e-16	1.33582e-20
1.61927	1	2.5e-08	1.20031e-16	1.42022e-20
1.62104	1	2.5e-08	1.53415e-16	1.81523e-20
1.62281	1	2.5e-08	2.2553e-16	2.66851e-20
1.62458	1	2.5e-08	3.36364e-16	3.97992e-20
1.62635	1	2.5e-08	3.97791e-16	4.70672e-20
1.62811	1	2.5e-08	2.08233e-16	2.46384e-20
1.62988	1	2.5e-08	1.40131e-16	1.65805e-20
1.63165	1	2.5e-08	7.95818e-17	9.41624e-21
1.63342	1	2.5e-08	2.65745e-17	3.14433e-21
1.63518	1	2.5e-08	2.75343e-17	3.25791e-21
1.63695	1	2.5e-08	2.88092e-17	3.40875e-21
1.63872	1	2.5e-08	3.03991e-17	3.59687e-21
1.64049	1	2.5e-08	3.23038e-17	3.82224e-21
1.64226	1	2.5e-08	3.60653e-17	4.26731e-21
1.64402	1	2.5e-08	3.95809e-17	4.68328e-21
1.64579	1	2.5e-08	4.28506e-17	5.07015e-21
1.64756	1	2.5e-08	4.58741e-17	5.42789e-21
1.64933	1	2.5e-08	4.50195e-17	5.32678e-21
1.65109	1	2.5e-08	5.10841e-17	6.04435e-21
1.65286	1	2.5e-08	6.40678e-17	7.58061e-21
1.65463	1	2.5e-08	8.39685e-17	9.93529e-21
1.6564	1	2.5e-08	1.92413e-16	2.27666e-20
1.65817	1	2.5e-08	3.57192e-16	4.22635e-20
1.65993	1	2.5e-08	5.78305e-16	6.8426e-20
1.6617	1	2.5e-08	8.25134e-16	9.76312e-20
1.66347	1	2.5e-08	2.30689e-16	2.72955e-20
1.66524	1	2.5e-08	1.6223e-16	1.91953e-20
1.667	1	2.5e-08	9.64847e-17	1.14162e-20
1.66877	1	2.5e-08	3.34596e-17	3.95899e-21
1.67054	1	2.5e-08	3.76788e-17	4.45822e-21
1.67231	1	2.5e-08	4.09431e-17	4.84445e-21
1.67408	1	2.5e-08	4.32524e-17	5.11769e-21
1.67584	1	2.5e-08	4.46066e-17	5.27793e-21
1.67761	1	2.5e-08	4.36954e-17	5.17011e-21
1.67938	1	2.5e-08	4.58436e-17	5.42429e-21
1.68115	1	2.5e-08	5.10511e-17	6.04045e-21
1.68291	1	2.5e-08	5.93179e-17	7.01859e-21
1.68468	1	2.5e-08	5.38488e-17	6.37147e-21
1.68645	1	2.5e-08	5.6108e-17	6.63879e-21
1.68822	1	2.5e-08	6.60965e-17	7.82065e-21
1.68999	1	2.5e-08	8.38144e-17	9.91705e-21
1.69175	1	2.5e-08	1.56315e-16	1.84954e-20
1.69352	1	2.5e-08	2.98674e-16	3.53396e-20
1.69529	1	2.5e-08	5.10888e-16	6.04491e-20
1.69706	1	2.5e-08	1.38283e-16	1.63618e-20
1.69882	1	2.5e-08	5.0184e-16	5.93785e-20
1.70059	1	2.5e-08	3.19168e-16	3.77644e-20
1.70236	1	2.5e-08	1.74277e-16	2.06208e-20
1.70413	1	2.5e-08	6.71678e-17	7.9474e-21
1.7059	1	2.5e-08	7.75716e-17	9.1784e-21
1.70766	1	2.5e-08	8.02535e-17	9.49573e-21
1.70943	1	2.5e-08	7.52122e-17	8.89923e-21
1.7112	1	2.5e-08	6.24477e-17	7.38891e-21
1.71297	1	2.5e-08	7.46574e-17	8.83358e-21
1.71473	1	2.5e-08	8.75931e-17	1.03642e-20
1.7165	1	2.5e-08	1.01254e-16	1.19805e-20
1.71827	1	2.5e-08	1.15639e-16	1.36826e-20
1.72004	1	2.5e-08	9.41252e-17	1.1137e-20
1.7218	1	2.5e-08	7.69217e-17	9.1015e-21
1.72357	1	2.5e-08	6.40309e-17	7.57623e-21
1.72534	1	2.5e-08	5.54527e-17	6.56125e-21
1.72711	1	2.5e-08	1.39695e-16	1.65289e-20
1.72888	1	2.5e-08	2.28099e-16	2.6989e-20
1.73064	1	2.5e-08	3.20682e-16	3.79436e-20
1.73241	1	2.5e-08	4.20756e-16	4.97845e-20
1.73418	1	2.5e-08	5.68233e-16	6.72342e-20
1.73595	1	2.5e-08	3.14966e-16	3.72672e-20
1.73771	1	2.5e-08	1.42698e-16	1.68843e-20
1.73948	1	2.5e-08	5.14596e-17	6.08878e-21
1.74125	1	2.5e-08	6.98689e-17	8.26699e-21
1.74302	1	2.5e-08	8.13863e-17	9.62976e-21
1.74479	1	2.5e-08	8.60142e-17	1.01773e-20
1.74655	1	2.5e-08	8.37511e-17	9.90956e-21
1.74832	1	2.5e-08	7.41872e-17	8.77795e-21
1.75009	1	2.5e-08	7.13314e-17	8.44004e-21
1.75186	1	2.5e-08	7.5183e-17	8.89578e-21
1.75362	1	2.5e-08	8.57428e-17	1.01452e-20
1.75539	1	2.5e-08	8.46248e-17	1.00129e-20
1.75716	1	2.5e-08	7.87219e-17	9.3145e-21
1.75893	1	2.5e-08	6.80328e-17	8.04975e-21
1.7607	1	2.5e-08	5.2558e-17	6.21875e-21
1.76246	1	2.5e-08	1.33175e-16	1.57574e-20
1.76423	1	2.5e-08	2.24735e-16	2.6591e-20
1.766	1	2.5e-08	3.27257e-16	3.87216e-20
1.76777	1	2.5e-08	4.40733e-16	5.21482e-20
