xcoord, vel_exact, zero
5.000000e-04,	0.000000e+00,	 0
1.500000e-03,	0.000000e+00,	 0
2.500000e-03,	0.000000e+00,	 0
3.500000e-03,	0.000000e+00,	 0
4.500000e-03,	0.000000e+00,	 0
5.500000e-03,	0.000000e+00,	 0
6.500000e-03,	0.000000e+00,	 0
7.500000e-03,	0.000000e+00,	 0
8.500000e-03,	0.000000e+00,	 0
9.500000e-03,	0.000000e+00,	 0
1.050000e-02,	0.000000e+00,	 0
1.150000e-02,	0.000000e+00,	 0
1.250000e-02,	0.000000e+00,	 0
1.350000e-02,	0.000000e+00,	 0
1.450000e-02,	0.000000e+00,	 0
1.550000e-02,	0.000000e+00,	 0
1.650000e-02,	0.000000e+00,	 0
1.750000e-02,	0.000000e+00,	 0
1.850000e-02,	0.000000e+00,	 0
1.950000e-02,	0.000000e+00,	 0
2.050000e-02,	0.000000e+00,	 0
2.150000e-02,	0.000000e+00,	 0
2.250000e-02,	0.000000e+00,	 0
2.350000e-02,	0.000000e+00,	 0
2.450000e-02,	0.000000e+00,	 0
2.550000e-02,	0.000000e+00,	 0
2.650000e-02,	0.000000e+00,	 0
2.750000e-02,	0.000000e+00,	 0
2.850000e-02,	0.000000e+00,	 0
2.950000e-02,	0.000000e+00,	 0
3.050000e-02,	0.000000e+00,	 0
3.150000e-02,	0.000000e+00,	 0
3.250000e-02,	0.000000e+00,	 0
3.350000e-02,	0.000000e+00,	 0
3.450000e-02,	0.000000e+00,	 0
3.550000e-02,	0.000000e+00,	 0
3.650000e-02,	0.000000e+00,	 0
3.750000e-02,	0.000000e+00,	 0
3.850000e-02,	0.000000e+00,	 0
3.950000e-02,	0.000000e+00,	 0
4.050000e-02,	0.000000e+00,	 0
4.150000e-02,	0.000000e+00,	 0
4.250000e-02,	0.000000e+00,	 0
4.350000e-02,	0.000000e+00,	 0
4.450000e-02,	0.000000e+00,	 0
4.550000e-02,	0.000000e+00,	 0
4.650000e-02,	0.000000e+00,	 0
4.750000e-02,	0.000000e+00,	 0
4.850000e-02,	0.000000e+00,	 0
4.950000e-02,	0.000000e+00,	 0
5.050000e-02,	0.000000e+00,	 0
5.150000e-02,	0.000000e+00,	 0
5.250000e-02,	0.000000e+00,	 0
5.350000e-02,	0.000000e+00,	 0
5.450000e-02,	0.000000e+00,	 0
5.550000e-02,	0.000000e+00,	 0
5.650000e-02,	0.000000e+00,	 0
5.750000e-02,	0.000000e+00,	 0
5.850000e-02,	0.000000e+00,	 0
5.950000e-02,	0.000000e+00,	 0
6.050000e-02,	0.000000e+00,	 0
6.150000e-02,	0.000000e+00,	 0
6.250000e-02,	0.000000e+00,	 0
6.350000e-02,	0.000000e+00,	 0
6.450000e-02,	0.000000e+00,	 0
6.550000e-02,	0.000000e+00,	 0
6.650000e-02,	0.000000e+00,	 0
6.750000e-02,	0.000000e+00,	 0
6.850000e-02,	0.000000e+00,	 0
6.950000e-02,	0.000000e+00,	 0
7.050000e-02,	0.000000e+00,	 0
7.150000e-02,	0.000000e+00,	 0
7.250000e-02,	0.000000e+00,	 0
7.350000e-02,	0.000000e+00,	 0
7.450000e-02,	0.000000e+00,	 0
7.550000e-02,	0.000000e+00,	 0
7.650000e-02,	0.000000e+00,	 0
7.750000e-02,	0.000000e+00,	 0
7.850000e-02,	0.000000e+00,	 0
7.950000e-02,	0.000000e+00,	 0
8.050000e-02,	0.000000e+00,	 0
8.150000e-02,	0.000000e+00,	 0
8.250000e-02,	0.000000e+00,	 0
8.350000e-02,	0.000000e+00,	 0
8.450000e-02,	0.000000e+00,	 0
8.550000e-02,	0.000000e+00,	 0
8.650000e-02,	0.000000e+00,	 0
8.750000e-02,	0.000000e+00,	 0
8.850000e-02,	0.000000e+00,	 0
8.950000e-02,	0.000000e+00,	 0
9.050000e-02,	0.000000e+00,	 0
9.150000e-02,	0.000000e+00,	 0
9.250000e-02,	0.000000e+00,	 0
9.350000e-02,	0.000000e+00,	 0
9.450000e-02,	0.000000e+00,	 0
9.550000e-02,	0.000000e+00,	 0
9.650000e-02,	0.000000e+00,	 0
9.750000e-02,	0.000000e+00,	 0
9.850000e-02,	0.000000e+00,	 0
9.950000e-02,	0.000000e+00,	 0
1.005000e-01,	0.000000e+00,	 0
1.015000e-01,	0.000000e+00,	 0
1.025000e-01,	0.000000e+00,	 0
1.035000e-01,	0.000000e+00,	 0
1.045000e-01,	0.000000e+00,	 0
1.055000e-01,	0.000000e+00,	 0
1.065000e-01,	0.000000e+00,	 0
1.075000e-01,	0.000000e+00,	 0
1.085000e-01,	0.000000e+00,	 0
1.095000e-01,	0.000000e+00,	 0
1.105000e-01,	0.000000e+00,	 0
1.115000e-01,	0.000000e+00,	 0
1.125000e-01,	0.000000e+00,	 0
1.135000e-01,	0.000000e+00,	 0
1.145000e-01,	0.000000e+00,	 0
1.155000e-01,	0.000000e+00,	 0
1.165000e-01,	0.000000e+00,	 0
1.175000e-01,	0.000000e+00,	 0
1.185000e-01,	0.000000e+00,	 0
1.195000e-01,	0.000000e+00,	 0
1.205000e-01,	0.000000e+00,	 0
1.215000e-01,	0.000000e+00,	 0
1.225000e-01,	0.000000e+00,	 0
1.235000e-01,	0.000000e+00,	 0
1.245000e-01,	0.000000e+00,	 0
1.255000e-01,	0.000000e+00,	 0
1.265000e-01,	0.000000e+00,	 0
1.275000e-01,	0.000000e+00,	 0
1.285000e-01,	0.000000e+00,	 0
1.295000e-01,	0.000000e+00,	 0
1.305000e-01,	0.000000e+00,	 0
1.315000e-01,	0.000000e+00,	 0
1.325000e-01,	0.000000e+00,	 0
1.335000e-01,	0.000000e+00,	 0
1.345000e-01,	0.000000e+00,	 0
1.355000e-01,	0.000000e+00,	 0
1.365000e-01,	0.000000e+00,	 0
1.375000e-01,	0.000000e+00,	 0
1.385000e-01,	0.000000e+00,	 0
1.395000e-01,	0.000000e+00,	 0
1.405000e-01,	0.000000e+00,	 0
1.415000e-01,	0.000000e+00,	 0
1.425000e-01,	0.000000e+00,	 0
1.435000e-01,	0.000000e+00,	 0
1.445000e-01,	0.000000e+00,	 0
1.455000e-01,	0.000000e+00,	 0
1.465000e-01,	0.000000e+00,	 0
1.475000e-01,	0.000000e+00,	 0
1.485000e-01,	0.000000e+00,	 0
1.495000e-01,	0.000000e+00,	 0
1.505000e-01,	0.000000e+00,	 0
1.515000e-01,	0.000000e+00,	 0
1.525000e-01,	0.000000e+00,	 0
1.535000e-01,	0.000000e+00,	 0
1.545000e-01,	0.000000e+00,	 0
1.555000e-01,	0.000000e+00,	 0
1.565000e-01,	0.000000e+00,	 0
1.575000e-01,	0.000000e+00,	 0
1.585000e-01,	0.000000e+00,	 0
1.595000e-01,	0.000000e+00,	 0
1.605000e-01,	0.000000e+00,	 0
1.615000e-01,	0.000000e+00,	 0
1.625000e-01,	0.000000e+00,	 0
1.635000e-01,	0.000000e+00,	 0
1.645000e-01,	0.000000e+00,	 0
1.655000e-01,	0.000000e+00,	 0
1.665000e-01,	0.000000e+00,	 0
1.675000e-01,	0.000000e+00,	 0
1.685000e-01,	0.000000e+00,	 0
1.695000e-01,	0.000000e+00,	 0
1.705000e-01,	0.000000e+00,	 0
1.715000e-01,	0.000000e+00,	 0
1.725000e-01,	0.000000e+00,	 0
1.735000e-01,	0.000000e+00,	 0
1.745000e-01,	0.000000e+00,	 0
1.755000e-01,	0.000000e+00,	 0
1.765000e-01,	0.000000e+00,	 0
1.775000e-01,	0.000000e+00,	 0
1.785000e-01,	0.000000e+00,	 0
1.795000e-01,	0.000000e+00,	 0
1.805000e-01,	0.000000e+00,	 0
1.815000e-01,	0.000000e+00,	 0
1.825000e-01,	0.000000e+00,	 0
1.835000e-01,	0.000000e+00,	 0
1.845000e-01,	0.000000e+00,	 0
1.855000e-01,	0.000000e+00,	 0
1.865000e-01,	0.000000e+00,	 0
1.875000e-01,	0.000000e+00,	 0
1.885000e-01,	0.000000e+00,	 0
1.895000e-01,	0.000000e+00,	 0
1.905000e-01,	0.000000e+00,	 0
1.915000e-01,	0.000000e+00,	 0
1.925000e-01,	0.000000e+00,	 0
1.935000e-01,	0.000000e+00,	 0
1.945000e-01,	0.000000e+00,	 0
1.955000e-01,	0.000000e+00,	 0
1.965000e-01,	0.000000e+00,	 0
1.975000e-01,	0.000000e+00,	 0
1.985000e-01,	0.000000e+00,	 0
1.995000e-01,	0.000000e+00,	 0
2.005000e-01,	0.000000e+00,	 0
2.015000e-01,	0.000000e+00,	 0
2.025000e-01,	0.000000e+00,	 0
2.035000e-01,	0.000000e+00,	 0
2.045000e-01,	0.000000e+00,	 0
2.055000e-01,	0.000000e+00,	 0
2.065000e-01,	0.000000e+00,	 0
2.075000e-01,	0.000000e+00,	 0
2.085000e-01,	0.000000e+00,	 0
2.095000e-01,	0.000000e+00,	 0
2.105000e-01,	0.000000e+00,	 0
2.115000e-01,	0.000000e+00,	 0
2.125000e-01,	0.000000e+00,	 0
2.135000e-01,	0.000000e+00,	 0
2.145000e-01,	0.000000e+00,	 0
2.155000e-01,	0.000000e+00,	 0
2.165000e-01,	0.000000e+00,	 0
2.175000e-01,	0.000000e+00,	 0
2.185000e-01,	0.000000e+00,	 0
2.195000e-01,	0.000000e+00,	 0
2.205000e-01,	0.000000e+00,	 0
2.215000e-01,	0.000000e+00,	 0
2.225000e-01,	0.000000e+00,	 0
2.235000e-01,	0.000000e+00,	 0
2.245000e-01,	0.000000e+00,	 0
2.255000e-01,	0.000000e+00,	 0
2.265000e-01,	0.000000e+00,	 0
2.275000e-01,	0.000000e+00,	 0
2.285000e-01,	0.000000e+00,	 0
2.295000e-01,	0.000000e+00,	 0
2.305000e-01,	0.000000e+00,	 0
2.315000e-01,	0.000000e+00,	 0
2.325000e-01,	0.000000e+00,	 0
2.335000e-01,	0.000000e+00,	 0
2.345000e-01,	0.000000e+00,	 0
2.355000e-01,	0.000000e+00,	 0
2.365000e-01,	0.000000e+00,	 0
2.375000e-01,	0.000000e+00,	 0
2.385000e-01,	0.000000e+00,	 0
2.395000e-01,	0.000000e+00,	 0
2.405000e-01,	0.000000e+00,	 0
2.415000e-01,	0.000000e+00,	 0
2.425000e-01,	0.000000e+00,	 0
2.435000e-01,	0.000000e+00,	 0
2.445000e-01,	0.000000e+00,	 0
2.455000e-01,	0.000000e+00,	 0
2.465000e-01,	0.000000e+00,	 0
2.475000e-01,	0.000000e+00,	 0
2.485000e-01,	0.000000e+00,	 0
2.495000e-01,	0.000000e+00,	 0
2.505000e-01,	0.000000e+00,	 0
2.515000e-01,	0.000000e+00,	 0
2.525000e-01,	0.000000e+00,	 0
2.535000e-01,	0.000000e+00,	 0
2.545000e-01,	0.000000e+00,	 0
2.555000e-01,	0.000000e+00,	 0
2.565000e-01,	0.000000e+00,	 0
2.575000e-01,	0.000000e+00,	 0
2.585000e-01,	0.000000e+00,	 0
2.595000e-01,	0.000000e+00,	 0
2.605000e-01,	0.000000e+00,	 0
2.615000e-01,	0.000000e+00,	 0
2.625000e-01,	0.000000e+00,	 0
2.635000e-01,	5.966305e-04,	 0
2.645000e-01,	4.763297e-03,	 0
2.655000e-01,	8.929964e-03,	 0
2.665000e-01,	1.309663e-02,	 0
2.675000e-01,	1.726330e-02,	 0
2.685000e-01,	2.142996e-02,	 0
2.695000e-01,	2.559663e-02,	 0
2.705000e-01,	2.976330e-02,	 0
2.715000e-01,	3.392996e-02,	 0
2.725000e-01,	3.809663e-02,	 0
2.735000e-01,	4.226330e-02,	 0
2.745000e-01,	4.642996e-02,	 0
2.755000e-01,	5.059663e-02,	 0
2.765000e-01,	5.476330e-02,	 0
2.775000e-01,	5.892996e-02,	 0
2.785000e-01,	6.309663e-02,	 0
2.795000e-01,	6.726330e-02,	 0
2.805000e-01,	7.142996e-02,	 0
2.815000e-01,	7.559663e-02,	 0
2.825000e-01,	7.976330e-02,	 0
2.835000e-01,	8.392996e-02,	 0
2.845000e-01,	8.809663e-02,	 0
2.855000e-01,	9.226330e-02,	 0
2.865000e-01,	9.642996e-02,	 0
2.875000e-01,	1.005966e-01,	 0
2.885000e-01,	1.047633e-01,	 0
2.895000e-01,	1.089300e-01,	 0
2.905000e-01,	1.130966e-01,	 0
2.915000e-01,	1.172633e-01,	 0
2.925000e-01,	1.214300e-01,	 0
2.935000e-01,	1.255966e-01,	 0
2.945000e-01,	1.297633e-01,	 0
2.955000e-01,	1.339300e-01,	 0
2.965000e-01,	1.380966e-01,	 0
2.975000e-01,	1.422633e-01,	 0
2.985000e-01,	1.464300e-01,	 0
2.995000e-01,	1.505966e-01,	 0
3.005000e-01,	1.547633e-01,	 0
3.015000e-01,	1.589300e-01,	 0
3.025000e-01,	1.630966e-01,	 0
3.035000e-01,	1.672633e-01,	 0
3.045000e-01,	1.714300e-01,	 0
3.055000e-01,	1.755966e-01,	 0
3.065000e-01,	1.797633e-01,	 0
3.075000e-01,	1.839300e-01,	 0
3.085000e-01,	1.880966e-01,	 0
3.095000e-01,	1.922633e-01,	 0
3.105000e-01,	1.964300e-01,	 0
3.115000e-01,	2.005966e-01,	 0
3.125000e-01,	2.047633e-01,	 0
3.135000e-01,	2.089300e-01,	 0
3.145000e-01,	2.130966e-01,	 0
3.155000e-01,	2.172633e-01,	 0
3.165000e-01,	2.214300e-01,	 0
3.175000e-01,	2.255966e-01,	 0
3.185000e-01,	2.297633e-01,	 0
3.195000e-01,	2.339300e-01,	 0
3.205000e-01,	2.380966e-01,	 0
3.215000e-01,	2.422633e-01,	 0
3.225000e-01,	2.464300e-01,	 0
3.235000e-01,	2.505966e-01,	 0
3.245000e-01,	2.547633e-01,	 0
3.255000e-01,	2.589300e-01,	 0
3.265000e-01,	2.630966e-01,	 0
3.275000e-01,	2.672633e-01,	 0
3.285000e-01,	2.714300e-01,	 0
3.295000e-01,	2.755966e-01,	 0
3.305000e-01,	2.797633e-01,	 0
3.315000e-01,	2.839300e-01,	 0
3.325000e-01,	2.880966e-01,	 0
3.335000e-01,	2.922633e-01,	 0
3.345000e-01,	2.964300e-01,	 0
3.355000e-01,	3.005966e-01,	 0
3.365000e-01,	3.047633e-01,	 0
3.375000e-01,	3.089300e-01,	 0
3.385000e-01,	3.130966e-01,	 0
3.395000e-01,	3.172633e-01,	 0
3.405000e-01,	3.214300e-01,	 0
3.415000e-01,	3.255966e-01,	 0
3.425000e-01,	3.297633e-01,	 0
3.435000e-01,	3.339300e-01,	 0
3.445000e-01,	3.380966e-01,	 0
3.455000e-01,	3.422633e-01,	 0
3.465000e-01,	3.464300e-01,	 0
3.475000e-01,	3.505966e-01,	 0
3.485000e-01,	3.547633e-01,	 0
3.495000e-01,	3.589300e-01,	 0
3.505000e-01,	3.630966e-01,	 0
3.515000e-01,	3.672633e-01,	 0
3.525000e-01,	3.714300e-01,	 0
3.535000e-01,	3.755966e-01,	 0
3.545000e-01,	3.797633e-01,	 0
3.555000e-01,	3.839300e-01,	 0
3.565000e-01,	3.880966e-01,	 0
3.575000e-01,	3.922633e-01,	 0
3.585000e-01,	3.964300e-01,	 0
3.595000e-01,	4.005966e-01,	 0
3.605000e-01,	4.047633e-01,	 0
3.615000e-01,	4.089300e-01,	 0
3.625000e-01,	4.130966e-01,	 0
3.635000e-01,	4.172633e-01,	 0
3.645000e-01,	4.214300e-01,	 0
3.655000e-01,	4.255966e-01,	 0
3.665000e-01,	4.297633e-01,	 0
3.675000e-01,	4.339300e-01,	 0
3.685000e-01,	4.380966e-01,	 0
3.695000e-01,	4.422633e-01,	 0
3.705000e-01,	4.464300e-01,	 0
3.715000e-01,	4.505966e-01,	 0
3.725000e-01,	4.547633e-01,	 0
3.735000e-01,	4.589300e-01,	 0
3.745000e-01,	4.630966e-01,	 0
3.755000e-01,	4.672633e-01,	 0
3.765000e-01,	4.714300e-01,	 0
3.775000e-01,	4.755966e-01,	 0
3.785000e-01,	4.797633e-01,	 0
3.795000e-01,	4.839300e-01,	 0
3.805000e-01,	4.880966e-01,	 0
3.815000e-01,	4.922633e-01,	 0
3.825000e-01,	4.964300e-01,	 0
3.835000e-01,	5.005966e-01,	 0
3.845000e-01,	5.047633e-01,	 0
3.855000e-01,	5.089300e-01,	 0
3.865000e-01,	5.130966e-01,	 0
3.875000e-01,	5.172633e-01,	 0
3.885000e-01,	5.214300e-01,	 0
3.895000e-01,	5.255966e-01,	 0
3.905000e-01,	5.297633e-01,	 0
3.915000e-01,	5.339300e-01,	 0
3.925000e-01,	5.380966e-01,	 0
3.935000e-01,	5.422633e-01,	 0
3.945000e-01,	5.464300e-01,	 0
3.955000e-01,	5.505966e-01,	 0
3.965000e-01,	5.547633e-01,	 0
3.975000e-01,	5.589300e-01,	 0
3.985000e-01,	5.630966e-01,	 0
3.995000e-01,	5.672633e-01,	 0
4.005000e-01,	5.714300e-01,	 0
4.015000e-01,	5.755966e-01,	 0
4.025000e-01,	5.797633e-01,	 0
4.035000e-01,	5.839300e-01,	 0
4.045000e-01,	5.880966e-01,	 0
4.055000e-01,	5.922633e-01,	 0
4.065000e-01,	5.964300e-01,	 0
4.075000e-01,	6.005966e-01,	 0
4.085000e-01,	6.047633e-01,	 0
4.095000e-01,	6.089300e-01,	 0
4.105000e-01,	6.130966e-01,	 0
4.115000e-01,	6.172633e-01,	 0
4.125000e-01,	6.214300e-01,	 0
4.135000e-01,	6.255966e-01,	 0
4.145000e-01,	6.297633e-01,	 0
4.155000e-01,	6.339300e-01,	 0
4.165000e-01,	6.380966e-01,	 0
4.175000e-01,	6.422633e-01,	 0
4.185000e-01,	6.464300e-01,	 0
4.195000e-01,	6.505966e-01,	 0
4.205000e-01,	6.547633e-01,	 0
4.215000e-01,	6.589300e-01,	 0
4.225000e-01,	6.630966e-01,	 0
4.235000e-01,	6.672633e-01,	 0
4.245000e-01,	6.714300e-01,	 0
4.255000e-01,	6.755966e-01,	 0
4.265000e-01,	6.797633e-01,	 0
4.275000e-01,	6.839300e-01,	 0
4.285000e-01,	6.880966e-01,	 0
4.295000e-01,	6.922633e-01,	 0
4.305000e-01,	6.964300e-01,	 0
4.315000e-01,	7.005966e-01,	 0
4.325000e-01,	7.047633e-01,	 0
4.335000e-01,	7.089300e-01,	 0
4.345000e-01,	7.130966e-01,	 0
4.355000e-01,	7.172633e-01,	 0
4.365000e-01,	7.214300e-01,	 0
4.375000e-01,	7.255966e-01,	 0
4.385000e-01,	7.297633e-01,	 0
4.395000e-01,	7.339300e-01,	 0
4.405000e-01,	7.380966e-01,	 0
4.415000e-01,	7.422633e-01,	 0
4.425000e-01,	7.464300e-01,	 0
4.435000e-01,	7.505966e-01,	 0
4.445000e-01,	7.547633e-01,	 0
4.455000e-01,	7.589300e-01,	 0
4.465000e-01,	7.630966e-01,	 0
4.475000e-01,	7.672633e-01,	 0
4.485000e-01,	7.714300e-01,	 0
4.495000e-01,	7.755966e-01,	 0
4.505000e-01,	7.797633e-01,	 0
4.515000e-01,	7.839300e-01,	 0
4.525000e-01,	7.880966e-01,	 0
4.535000e-01,	7.922633e-01,	 0
4.545000e-01,	7.964300e-01,	 0
4.555000e-01,	8.005966e-01,	 0
4.565000e-01,	8.047633e-01,	 0
4.575000e-01,	8.089300e-01,	 0
4.585000e-01,	8.130966e-01,	 0
4.595000e-01,	8.172633e-01,	 0
4.605000e-01,	8.214300e-01,	 0
4.615000e-01,	8.255966e-01,	 0
4.625000e-01,	8.297633e-01,	 0
4.635000e-01,	8.339300e-01,	 0
4.645000e-01,	8.380966e-01,	 0
4.655000e-01,	8.422633e-01,	 0
4.665000e-01,	8.464300e-01,	 0
4.675000e-01,	8.505966e-01,	 0
4.685000e-01,	8.547633e-01,	 0
4.695000e-01,	8.589300e-01,	 0
4.705000e-01,	8.630966e-01,	 0
4.715000e-01,	8.672633e-01,	 0
4.725000e-01,	8.714300e-01,	 0
4.735000e-01,	8.755966e-01,	 0
4.745000e-01,	8.797633e-01,	 0
4.755000e-01,	8.839300e-01,	 0
4.765000e-01,	8.880966e-01,	 0
4.775000e-01,	8.922633e-01,	 0
4.785000e-01,	8.964300e-01,	 0
4.795000e-01,	9.005966e-01,	 0
4.805000e-01,	9.047633e-01,	 0
4.815000e-01,	9.089300e-01,	 0
4.825000e-01,	9.130966e-01,	 0
4.835000e-01,	9.172633e-01,	 0
4.845000e-01,	9.214300e-01,	 0
4.855000e-01,	9.255966e-01,	 0
4.865000e-01,	9.274526e-01,	 0
4.875000e-01,	9.274526e-01,	 0
4.885000e-01,	9.274526e-01,	 0
4.895000e-01,	9.274526e-01,	 0
4.905000e-01,	9.274526e-01,	 0
4.915000e-01,	9.274526e-01,	 0
4.925000e-01,	9.274526e-01,	 0
4.935000e-01,	9.274526e-01,	 0
4.945000e-01,	9.274526e-01,	 0
4.955000e-01,	9.274526e-01,	 0
4.965000e-01,	9.274526e-01,	 0
4.975000e-01,	9.274526e-01,	 0
4.985000e-01,	9.274526e-01,	 0
4.995000e-01,	9.274526e-01,	 0
5.005000e-01,	9.274526e-01,	 0
5.015000e-01,	9.274526e-01,	 0
5.025000e-01,	9.274526e-01,	 0
5.035000e-01,	9.274526e-01,	 0
5.045000e-01,	9.274526e-01,	 0
5.055000e-01,	9.274526e-01,	 0
5.065000e-01,	9.274526e-01,	 0
5.075000e-01,	9.274526e-01,	 0
5.085000e-01,	9.274526e-01,	 0
5.095000e-01,	9.274526e-01,	 0
5.105000e-01,	9.274526e-01,	 0
5.115000e-01,	9.274526e-01,	 0
5.125000e-01,	9.274526e-01,	 0
5.135000e-01,	9.274526e-01,	 0
5.145000e-01,	9.274526e-01,	 0
5.155000e-01,	9.274526e-01,	 0
5.165000e-01,	9.274526e-01,	 0
5.175000e-01,	9.274526e-01,	 0
5.185000e-01,	9.274526e-01,	 0
5.195000e-01,	9.274526e-01,	 0
5.205000e-01,	9.274526e-01,	 0
5.215000e-01,	9.274526e-01,	 0
5.225000e-01,	9.274526e-01,	 0
5.235000e-01,	9.274526e-01,	 0
5.245000e-01,	9.274526e-01,	 0
5.255000e-01,	9.274526e-01,	 0
5.265000e-01,	9.274526e-01,	 0
5.275000e-01,	9.274526e-01,	 0
5.285000e-01,	9.274526e-01,	 0
5.295000e-01,	9.274526e-01,	 0
5.305000e-01,	9.274526e-01,	 0
5.315000e-01,	9.274526e-01,	 0
5.325000e-01,	9.274526e-01,	 0
5.335000e-01,	9.274526e-01,	 0
5.345000e-01,	9.274526e-01,	 0
5.355000e-01,	9.274526e-01,	 0
5.365000e-01,	9.274526e-01,	 0
5.375000e-01,	9.274526e-01,	 0
5.385000e-01,	9.274526e-01,	 0
5.395000e-01,	9.274526e-01,	 0
5.405000e-01,	9.274526e-01,	 0
5.415000e-01,	9.274526e-01,	 0
5.425000e-01,	9.274526e-01,	 0
5.435000e-01,	9.274526e-01,	 0
5.445000e-01,	9.274526e-01,	 0
5.455000e-01,	9.274526e-01,	 0
5.465000e-01,	9.274526e-01,	 0
5.475000e-01,	9.274526e-01,	 0
5.485000e-01,	9.274526e-01,	 0
5.495000e-01,	9.274526e-01,	 0
5.505000e-01,	9.274526e-01,	 0
5.515000e-01,	9.274526e-01,	 0
5.525000e-01,	9.274526e-01,	 0
5.535000e-01,	9.274526e-01,	 0
5.545000e-01,	9.274526e-01,	 0
5.555000e-01,	9.274526e-01,	 0
5.565000e-01,	9.274526e-01,	 0
5.575000e-01,	9.274526e-01,	 0
5.585000e-01,	9.274526e-01,	 0
5.595000e-01,	9.274526e-01,	 0
5.605000e-01,	9.274526e-01,	 0
5.615000e-01,	9.274526e-01,	 0
5.625000e-01,	9.274526e-01,	 0
5.635000e-01,	9.274526e-01,	 0
5.645000e-01,	9.274526e-01,	 0
5.655000e-01,	9.274526e-01,	 0
5.665000e-01,	9.274526e-01,	 0
5.675000e-01,	9.274526e-01,	 0
5.685000e-01,	9.274526e-01,	 0
5.695000e-01,	9.274526e-01,	 0
5.705000e-01,	9.274526e-01,	 0
5.715000e-01,	9.274526e-01,	 0
5.725000e-01,	9.274526e-01,	 0
5.735000e-01,	9.274526e-01,	 0
5.745000e-01,	9.274526e-01,	 0
5.755000e-01,	9.274526e-01,	 0
5.765000e-01,	9.274526e-01,	 0
5.775000e-01,	9.274526e-01,	 0
5.785000e-01,	9.274526e-01,	 0
5.795000e-01,	9.274526e-01,	 0
5.805000e-01,	9.274526e-01,	 0
5.815000e-01,	9.274526e-01,	 0
5.825000e-01,	9.274526e-01,	 0
5.835000e-01,	9.274526e-01,	 0
5.845000e-01,	9.274526e-01,	 0
5.855000e-01,	9.274526e-01,	 0
5.865000e-01,	9.274526e-01,	 0
5.875000e-01,	9.274526e-01,	 0
5.885000e-01,	9.274526e-01,	 0
5.895000e-01,	9.274526e-01,	 0
5.905000e-01,	9.274526e-01,	 0
5.915000e-01,	9.274526e-01,	 0
5.925000e-01,	9.274526e-01,	 0
5.935000e-01,	9.274526e-01,	 0
5.945000e-01,	9.274526e-01,	 0
5.955000e-01,	9.274526e-01,	 0
5.965000e-01,	9.274526e-01,	 0
5.975000e-01,	9.274526e-01,	 0
5.985000e-01,	9.274526e-01,	 0
5.995000e-01,	9.274526e-01,	 0
6.005000e-01,	9.274526e-01,	 0
6.015000e-01,	9.274526e-01,	 0
6.025000e-01,	9.274526e-01,	 0
6.035000e-01,	9.274526e-01,	 0
6.045000e-01,	9.274526e-01,	 0
6.055000e-01,	9.274526e-01,	 0
6.065000e-01,	9.274526e-01,	 0
6.075000e-01,	9.274526e-01,	 0
6.085000e-01,	9.274526e-01,	 0
6.095000e-01,	9.274526e-01,	 0
6.105000e-01,	9.274526e-01,	 0
6.115000e-01,	9.274526e-01,	 0
6.125000e-01,	9.274526e-01,	 0
6.135000e-01,	9.274526e-01,	 0
6.145000e-01,	9.274526e-01,	 0
6.155000e-01,	9.274526e-01,	 0
6.165000e-01,	9.274526e-01,	 0
6.175000e-01,	9.274526e-01,	 0
6.185000e-01,	9.274526e-01,	 0
6.195000e-01,	9.274526e-01,	 0
6.205000e-01,	9.274526e-01,	 0
6.215000e-01,	9.274526e-01,	 0
6.225000e-01,	9.274526e-01,	 0
6.235000e-01,	9.274526e-01,	 0
6.245000e-01,	9.274526e-01,	 0
6.255000e-01,	9.274526e-01,	 0
6.265000e-01,	9.274526e-01,	 0
6.275000e-01,	9.274526e-01,	 0
6.285000e-01,	9.274526e-01,	 0
6.295000e-01,	9.274526e-01,	 0
6.305000e-01,	9.274526e-01,	 0
6.315000e-01,	9.274526e-01,	 0
6.325000e-01,	9.274526e-01,	 0
6.335000e-01,	9.274526e-01,	 0
6.345000e-01,	9.274526e-01,	 0
6.355000e-01,	9.274526e-01,	 0
6.365000e-01,	9.274526e-01,	 0
6.375000e-01,	9.274526e-01,	 0
6.385000e-01,	9.274526e-01,	 0
6.395000e-01,	9.274526e-01,	 0
6.405000e-01,	9.274526e-01,	 0
6.415000e-01,	9.274526e-01,	 0
6.425000e-01,	9.274526e-01,	 0
6.435000e-01,	9.274526e-01,	 0
6.445000e-01,	9.274526e-01,	 0
6.455000e-01,	9.274526e-01,	 0
6.465000e-01,	9.274526e-01,	 0
6.475000e-01,	9.274526e-01,	 0
6.485000e-01,	9.274526e-01,	 0
6.495000e-01,	9.274526e-01,	 0
6.505000e-01,	9.274526e-01,	 0
6.515000e-01,	9.274526e-01,	 0
6.525000e-01,	9.274526e-01,	 0
6.535000e-01,	9.274526e-01,	 0
6.545000e-01,	9.274526e-01,	 0
6.555000e-01,	9.274526e-01,	 0
6.565000e-01,	9.274526e-01,	 0
6.575000e-01,	9.274526e-01,	 0
6.585000e-01,	9.274526e-01,	 0
6.595000e-01,	9.274526e-01,	 0
6.605000e-01,	9.274526e-01,	 0
6.615000e-01,	9.274526e-01,	 0
6.625000e-01,	9.274526e-01,	 0
6.635000e-01,	9.274526e-01,	 0
6.645000e-01,	9.274526e-01,	 0
6.655000e-01,	9.274526e-01,	 0
6.665000e-01,	9.274526e-01,	 0
6.675000e-01,	9.274526e-01,	 0
6.685000e-01,	9.274526e-01,	 0
6.695000e-01,	9.274526e-01,	 0
6.705000e-01,	9.274526e-01,	 0
6.715000e-01,	9.274526e-01,	 0
6.725000e-01,	9.274526e-01,	 0
6.735000e-01,	9.274526e-01,	 0
6.745000e-01,	9.274526e-01,	 0
6.755000e-01,	9.274526e-01,	 0
6.765000e-01,	9.274526e-01,	 0
6.775000e-01,	9.274526e-01,	 0
6.785000e-01,	9.274526e-01,	 0
6.795000e-01,	9.274526e-01,	 0
6.805000e-01,	9.274526e-01,	 0
6.815000e-01,	9.274526e-01,	 0
6.825000e-01,	9.274526e-01,	 0
6.835000e-01,	9.274526e-01,	 0
6.845000e-01,	9.274526e-01,	 0
6.855000e-01,	9.274526e-01,	 0
6.865000e-01,	9.274526e-01,	 0
6.875000e-01,	9.274526e-01,	 0
6.885000e-01,	9.274526e-01,	 0
6.895000e-01,	9.274526e-01,	 0
6.905000e-01,	9.274526e-01,	 0
6.915000e-01,	9.274526e-01,	 0
6.925000e-01,	9.274526e-01,	 0
6.935000e-01,	9.274526e-01,	 0
6.945000e-01,	9.274526e-01,	 0
6.955000e-01,	9.274526e-01,	 0
6.965000e-01,	9.274526e-01,	 0
6.975000e-01,	9.274526e-01,	 0
6.985000e-01,	9.274526e-01,	 0
6.995000e-01,	9.274526e-01,	 0
7.005000e-01,	9.274526e-01,	 0
7.015000e-01,	9.274526e-01,	 0
7.025000e-01,	9.274526e-01,	 0
7.035000e-01,	9.274526e-01,	 0
7.045000e-01,	9.274526e-01,	 0
7.055000e-01,	9.274526e-01,	 0
7.065000e-01,	9.274526e-01,	 0
7.075000e-01,	9.274526e-01,	 0
7.085000e-01,	9.274526e-01,	 0
7.095000e-01,	9.274526e-01,	 0
7.105000e-01,	9.274526e-01,	 0
7.115000e-01,	9.274526e-01,	 0
7.125000e-01,	9.274526e-01,	 0
7.135000e-01,	9.274526e-01,	 0
7.145000e-01,	9.274526e-01,	 0
7.155000e-01,	9.274526e-01,	 0
7.165000e-01,	9.274526e-01,	 0
7.175000e-01,	9.274526e-01,	 0
7.185000e-01,	9.274526e-01,	 0
7.195000e-01,	9.274526e-01,	 0
7.205000e-01,	9.274526e-01,	 0
7.215000e-01,	9.274526e-01,	 0
7.225000e-01,	9.274526e-01,	 0
7.235000e-01,	9.274526e-01,	 0
7.245000e-01,	9.274526e-01,	 0
7.255000e-01,	9.274526e-01,	 0
7.265000e-01,	9.274526e-01,	 0
7.275000e-01,	9.274526e-01,	 0
7.285000e-01,	9.274526e-01,	 0
7.295000e-01,	9.274526e-01,	 0
7.305000e-01,	9.274526e-01,	 0
7.315000e-01,	9.274526e-01,	 0
7.325000e-01,	9.274526e-01,	 0
7.335000e-01,	9.274526e-01,	 0
7.345000e-01,	9.274526e-01,	 0
7.355000e-01,	9.274526e-01,	 0
7.365000e-01,	9.274526e-01,	 0
7.375000e-01,	9.274526e-01,	 0
7.385000e-01,	9.274526e-01,	 0
7.395000e-01,	9.274526e-01,	 0
7.405000e-01,	9.274526e-01,	 0
7.415000e-01,	9.274526e-01,	 0
7.425000e-01,	9.274526e-01,	 0
7.435000e-01,	9.274526e-01,	 0
7.445000e-01,	9.274526e-01,	 0
7.455000e-01,	9.274526e-01,	 0
7.465000e-01,	9.274526e-01,	 0
7.475000e-01,	9.274526e-01,	 0
7.485000e-01,	9.274526e-01,	 0
7.495000e-01,	9.274526e-01,	 0
7.505000e-01,	9.274526e-01,	 0
7.515000e-01,	9.274526e-01,	 0
7.525000e-01,	9.274526e-01,	 0
7.535000e-01,	9.274526e-01,	 0
7.545000e-01,	9.274526e-01,	 0
7.555000e-01,	9.274526e-01,	 0
7.565000e-01,	9.274526e-01,	 0
7.575000e-01,	9.274526e-01,	 0
7.585000e-01,	9.274526e-01,	 0
7.595000e-01,	9.274526e-01,	 0
7.605000e-01,	9.274526e-01,	 0
7.615000e-01,	9.274526e-01,	 0
7.625000e-01,	9.274526e-01,	 0
7.635000e-01,	9.274526e-01,	 0
7.645000e-01,	9.274526e-01,	 0
7.655000e-01,	9.274526e-01,	 0
7.665000e-01,	9.274526e-01,	 0
7.675000e-01,	9.274526e-01,	 0
7.685000e-01,	9.274526e-01,	 0
7.695000e-01,	9.274526e-01,	 0
7.705000e-01,	9.274526e-01,	 0
7.715000e-01,	9.274526e-01,	 0
7.725000e-01,	9.274526e-01,	 0
7.735000e-01,	9.274526e-01,	 0
7.745000e-01,	9.274526e-01,	 0
7.755000e-01,	9.274526e-01,	 0
7.765000e-01,	9.274526e-01,	 0
7.775000e-01,	9.274526e-01,	 0
7.785000e-01,	9.274526e-01,	 0
7.795000e-01,	9.274526e-01,	 0
7.805000e-01,	9.274526e-01,	 0
7.815000e-01,	9.274526e-01,	 0
7.825000e-01,	9.274526e-01,	 0
7.835000e-01,	9.274526e-01,	 0
7.845000e-01,	9.274526e-01,	 0
7.855000e-01,	9.274526e-01,	 0
7.865000e-01,	9.274526e-01,	 0
7.875000e-01,	9.274526e-01,	 0
7.885000e-01,	9.274526e-01,	 0
7.895000e-01,	9.274526e-01,	 0
7.905000e-01,	9.274526e-01,	 0
7.915000e-01,	9.274526e-01,	 0
7.925000e-01,	9.274526e-01,	 0
7.935000e-01,	9.274526e-01,	 0
7.945000e-01,	9.274526e-01,	 0
7.955000e-01,	9.274526e-01,	 0
7.965000e-01,	9.274526e-01,	 0
7.975000e-01,	9.274526e-01,	 0
7.985000e-01,	9.274526e-01,	 0
7.995000e-01,	9.274526e-01,	 0
8.005000e-01,	9.274526e-01,	 0
8.015000e-01,	9.274526e-01,	 0
8.025000e-01,	9.274526e-01,	 0
8.035000e-01,	9.274526e-01,	 0
8.045000e-01,	9.274526e-01,	 0
8.055000e-01,	9.274526e-01,	 0
8.065000e-01,	9.274526e-01,	 0
8.075000e-01,	9.274526e-01,	 0
8.085000e-01,	9.274526e-01,	 0
8.095000e-01,	9.274526e-01,	 0
8.105000e-01,	9.274526e-01,	 0
8.115000e-01,	9.274526e-01,	 0
8.125000e-01,	9.274526e-01,	 0
8.135000e-01,	9.274526e-01,	 0
8.145000e-01,	9.274526e-01,	 0
8.155000e-01,	9.274526e-01,	 0
8.165000e-01,	9.274526e-01,	 0
8.175000e-01,	9.274526e-01,	 0
8.185000e-01,	9.274526e-01,	 0
8.195000e-01,	9.274526e-01,	 0
8.205000e-01,	9.274526e-01,	 0
8.215000e-01,	9.274526e-01,	 0
8.225000e-01,	9.274526e-01,	 0
8.235000e-01,	9.274526e-01,	 0
8.245000e-01,	9.274526e-01,	 0
8.255000e-01,	9.274526e-01,	 0
8.265000e-01,	9.274526e-01,	 0
8.275000e-01,	9.274526e-01,	 0
8.285000e-01,	9.274526e-01,	 0
8.295000e-01,	9.274526e-01,	 0
8.305000e-01,	9.274526e-01,	 0
8.315000e-01,	9.274526e-01,	 0
8.325000e-01,	9.274526e-01,	 0
8.335000e-01,	9.274526e-01,	 0
8.345000e-01,	9.274526e-01,	 0
8.355000e-01,	9.274526e-01,	 0
8.365000e-01,	9.274526e-01,	 0
8.375000e-01,	9.274526e-01,	 0
8.385000e-01,	9.274526e-01,	 0
8.395000e-01,	9.274526e-01,	 0
8.405000e-01,	9.274526e-01,	 0
8.415000e-01,	9.274526e-01,	 0
8.425000e-01,	9.274526e-01,	 0
8.435000e-01,	9.274526e-01,	 0
8.445000e-01,	9.274526e-01,	 0
8.455000e-01,	9.274526e-01,	 0
8.465000e-01,	9.274526e-01,	 0
8.475000e-01,	9.274526e-01,	 0
8.485000e-01,	9.274526e-01,	 0
8.495000e-01,	9.274526e-01,	 0
8.505000e-01,	0.000000e+00,	 0
8.515000e-01,	0.000000e+00,	 0
8.525000e-01,	0.000000e+00,	 0
8.535000e-01,	0.000000e+00,	 0
8.545000e-01,	0.000000e+00,	 0
8.555000e-01,	0.000000e+00,	 0
8.565000e-01,	0.000000e+00,	 0
8.575000e-01,	0.000000e+00,	 0
8.585000e-01,	0.000000e+00,	 0
8.595000e-01,	0.000000e+00,	 0
8.605000e-01,	0.000000e+00,	 0
8.615000e-01,	0.000000e+00,	 0
8.625000e-01,	0.000000e+00,	 0
8.635000e-01,	0.000000e+00,	 0
8.645000e-01,	0.000000e+00,	 0
8.655000e-01,	0.000000e+00,	 0
8.665000e-01,	0.000000e+00,	 0
8.675000e-01,	0.000000e+00,	 0
8.685000e-01,	0.000000e+00,	 0
8.695000e-01,	0.000000e+00,	 0
8.705000e-01,	0.000000e+00,	 0
8.715000e-01,	0.000000e+00,	 0
8.725000e-01,	0.000000e+00,	 0
8.735000e-01,	0.000000e+00,	 0
8.745000e-01,	0.000000e+00,	 0
8.755000e-01,	0.000000e+00,	 0
8.765000e-01,	0.000000e+00,	 0
8.775000e-01,	0.000000e+00,	 0
8.785000e-01,	0.000000e+00,	 0
8.795000e-01,	0.000000e+00,	 0
8.805000e-01,	0.000000e+00,	 0
8.815000e-01,	0.000000e+00,	 0
8.825000e-01,	0.000000e+00,	 0
8.835000e-01,	0.000000e+00,	 0
8.845000e-01,	0.000000e+00,	 0
8.855000e-01,	0.000000e+00,	 0
8.865000e-01,	0.000000e+00,	 0
8.875000e-01,	0.000000e+00,	 0
8.885000e-01,	0.000000e+00,	 0
8.895000e-01,	0.000000e+00,	 0
8.905000e-01,	0.000000e+00,	 0
8.915000e-01,	0.000000e+00,	 0
8.925000e-01,	0.000000e+00,	 0
8.935000e-01,	0.000000e+00,	 0
8.945000e-01,	0.000000e+00,	 0
8.955000e-01,	0.000000e+00,	 0
8.965000e-01,	0.000000e+00,	 0
8.975000e-01,	0.000000e+00,	 0
8.985000e-01,	0.000000e+00,	 0
8.995000e-01,	0.000000e+00,	 0
9.005000e-01,	0.000000e+00,	 0
9.015000e-01,	0.000000e+00,	 0
9.025000e-01,	0.000000e+00,	 0
9.035000e-01,	0.000000e+00,	 0
9.045000e-01,	0.000000e+00,	 0
9.055000e-01,	0.000000e+00,	 0
9.065000e-01,	0.000000e+00,	 0
9.075000e-01,	0.000000e+00,	 0
9.085000e-01,	0.000000e+00,	 0
9.095000e-01,	0.000000e+00,	 0
9.105000e-01,	0.000000e+00,	 0
9.115000e-01,	0.000000e+00,	 0
9.125000e-01,	0.000000e+00,	 0
9.135000e-01,	0.000000e+00,	 0
9.145000e-01,	0.000000e+00,	 0
9.155000e-01,	0.000000e+00,	 0
9.165000e-01,	0.000000e+00,	 0
9.175000e-01,	0.000000e+00,	 0
9.185000e-01,	0.000000e+00,	 0
9.195000e-01,	0.000000e+00,	 0
9.205000e-01,	0.000000e+00,	 0
9.215000e-01,	0.000000e+00,	 0
9.225000e-01,	0.000000e+00,	 0
9.235000e-01,	0.000000e+00,	 0
9.245000e-01,	0.000000e+00,	 0
9.255000e-01,	0.000000e+00,	 0
9.265000e-01,	0.000000e+00,	 0
9.275000e-01,	0.000000e+00,	 0
9.285000e-01,	0.000000e+00,	 0
9.295000e-01,	0.000000e+00,	 0
9.305000e-01,	0.000000e+00,	 0
9.315000e-01,	0.000000e+00,	 0
9.325000e-01,	0.000000e+00,	 0
9.335000e-01,	0.000000e+00,	 0
9.345000e-01,	0.000000e+00,	 0
9.355000e-01,	0.000000e+00,	 0
9.365000e-01,	0.000000e+00,	 0
9.375000e-01,	0.000000e+00,	 0
9.385000e-01,	0.000000e+00,	 0
9.395000e-01,	0.000000e+00,	 0
9.405000e-01,	0.000000e+00,	 0
9.415000e-01,	0.000000e+00,	 0
9.425000e-01,	0.000000e+00,	 0
9.435000e-01,	0.000000e+00,	 0
9.445000e-01,	0.000000e+00,	 0
9.455000e-01,	0.000000e+00,	 0
9.465000e-01,	0.000000e+00,	 0
9.475000e-01,	0.000000e+00,	 0
9.485000e-01,	0.000000e+00,	 0
9.495000e-01,	0.000000e+00,	 0
9.505000e-01,	0.000000e+00,	 0
9.515000e-01,	0.000000e+00,	 0
9.525000e-01,	0.000000e+00,	 0
9.535000e-01,	0.000000e+00,	 0
9.545000e-01,	0.000000e+00,	 0
9.555000e-01,	0.000000e+00,	 0
9.565000e-01,	0.000000e+00,	 0
9.575000e-01,	0.000000e+00,	 0
9.585000e-01,	0.000000e+00,	 0
9.595000e-01,	0.000000e+00,	 0
9.605000e-01,	0.000000e+00,	 0
9.615000e-01,	0.000000e+00,	 0
9.625000e-01,	0.000000e+00,	 0
9.635000e-01,	0.000000e+00,	 0
9.645000e-01,	0.000000e+00,	 0
9.655000e-01,	0.000000e+00,	 0
9.665000e-01,	0.000000e+00,	 0
9.675000e-01,	0.000000e+00,	 0
9.685000e-01,	0.000000e+00,	 0
9.695000e-01,	0.000000e+00,	 0
9.705000e-01,	0.000000e+00,	 0
9.715000e-01,	0.000000e+00,	 0
9.725000e-01,	0.000000e+00,	 0
9.735000e-01,	0.000000e+00,	 0
9.745000e-01,	0.000000e+00,	 0
9.755000e-01,	0.000000e+00,	 0
9.765000e-01,	0.000000e+00,	 0
9.775000e-01,	0.000000e+00,	 0
9.785000e-01,	0.000000e+00,	 0
9.795000e-01,	0.000000e+00,	 0
9.805000e-01,	0.000000e+00,	 0
9.815000e-01,	0.000000e+00,	 0
9.825000e-01,	0.000000e+00,	 0
9.835000e-01,	0.000000e+00,	 0
9.845000e-01,	0.000000e+00,	 0
9.855000e-01,	0.000000e+00,	 0
9.865000e-01,	0.000000e+00,	 0
9.875000e-01,	0.000000e+00,	 0
9.885000e-01,	0.000000e+00,	 0
9.895000e-01,	0.000000e+00,	 0
9.905000e-01,	0.000000e+00,	 0
9.915000e-01,	0.000000e+00,	 0
9.925000e-01,	0.000000e+00,	 0
9.935000e-01,	0.000000e+00,	 0
9.945000e-01,	0.000000e+00,	 0
9.955000e-01,	0.000000e+00,	 0
9.965000e-01,	0.000000e+00,	 0
9.975000e-01,	0.000000e+00,	 0
9.985000e-01,	0.000000e+00,	 0
9.995000e-01,	0.000000e+00,	 0

